f,violation,stationarity,complementarity,dual_min,f_gap,y_inf,y_rel,iteration,problem,method,relative KKT
0.0,2.241823973099074,38.65452987772163,0.0,0.0,93.33329955391179,1.9764623219360447,1.0,0,qp_active,ALM (rho=0),12.986735828249534
-69.71547683464814,2.7271129323815666,17.552639575616737,0.2912339989510452,0.0,23.617822719263643,1.9764623219360447,0.960446753433705,1,qp_active,ALM (rho=0),5.89714825088046
-87.34439802765425,2.589714393828893,10.358429227893353,0.6451490603397746,0.0,5.988901526257536,1.9764623219360447,0.9256458927903081,2,qp_active,ALM (rho=0),3.480114346334375
-93.83070382633895,2.251685118967203,6.384867775179025,0.865270068100939,0.0,-0.49740427242716123,1.9764623219360447,0.899262332057778,3,qp_active,ALM (rho=0),2.251685118967203
-96.36627827550693,1.8803434190360493,4.041802179251178,0.943541032379032,0.0,-3.0329787215951427,1.9420446910247215,0.8736572760246659,4,qp_active,ALM (rho=0),1.8803434190360493
-97.3782419032662,1.53552048160855,2.695429251651248,0.9211998522870135,0.0,-4.0449423493544145,1.8820315288273728,0.84829548153789,5,qp_active,ALM (rho=0),1.53552048160855
-97.75895688648708,1.655189743642298,1.9843165945290977,0.8419074824224586,0.007150928547385418,-4.425657332575298,1.8056867488321768,0.822619612036013,6,qp_active,ALM (rho=0),1.655189743642298
-97.86382195478215,1.7624766906670466,1.4626173117515133,0.7389838321754362,0.02912633716293842,-4.5305224008703675,1.7193025832131459,0.7959248943140589,7,qp_active,ALM (rho=0),1.7624766906670466
-97.84605890093647,1.8092495041555523,1.0740632630780933,0.6334679353023959,0.061166263674739534,-4.512759347024684,1.6273191239565459,0.7689115780347168,8,qp_active,ALM (rho=0),1.8092495041555523
-97.77436741933705,1.8129734914787878,0.7819605498085878,0.8041765272544619,0.09969931563118203,-4.441067865425268,1.5328945968511514,0.7421495684336626,9,qp_active,ALM (rho=0),1.8129734914787878
-97.67960308338226,1.7863219943235285,0.5612612333438083,0.9613745725409116,0.14205384401707516,-4.346303529470475,1.4382757152683148,0.716076944329108,10,qp_active,ALM (rho=0),1.7863219943235285
-97.57503592129814,1.7386056551023206,0.40732186179892693,1.0977809066948705,0.18624497605451246,-4.241736367386352,1.385278644390505,0.6910107902315358,11,qp_active,ALM (rho=0),1.7386056551023206
-97.46580275079944,1.6767122793595535,0.42583758083507206,1.2108414315206406,0.2308146971372057,-4.132503196887654,1.3858563907637262,0.6671638849301407,12,qp_active,ALM (rho=0),1.6767122793595535
-97.35349476417959,1.605751289469449,0.42981390135134134,1.300111957266279,0.27471002755715385,-4.020195210267801,1.386256382698793,0.6446631672679191,13,qp_active,ALM (rho=0),1.605751289469449
-97.23838359687593,1.529509357990996,0.4244492392333985,1.366560914044626,0.3171892262288249,-3.9050840429641482,1.3861543308532813,0.6235676525373015,14,qp_active,ALM (rho=0),1.529509357990996
-97.1204511872518,1.4507800350106699,0.4130899184052854,1.4120275318580677,0.35774903594032864,-3.7871516333400166,1.385330595721636,0.6038846022908331,15,qp_active,ALM (rho=0),1.4507800350106699
-96.9998094801172,1.3716064720764756,0.3979430081838924,1.4388214319044987,0.3920455044774037,-3.666509926205407,1.3836456836244246,0.585583434443205,16,qp_active,ALM (rho=0),1.3716064720764756
-96.87681824099371,1.293462638207103,0.38049555574644245,1.4494394068454628,0.39466998087259075,-3.543518687081928,1.3810212072292378,0.5686072588171991,17,qp_active,ALM (rho=0),1.293462638207103
-96.75206524164139,1.2173900807109295,0.36176657878693597,1.4463741025318457,0.3982662717655818,-3.4187656877296035,1.3774249163362466,0.5528821460392193,18,qp_active,ALM (rho=0),1.2173900807109295
-96.62629489967793,1.144101996778752,0.3424623649630334,1.4319919905823604,0.40283231938637376,-3.292995345766144,1.3728588687154546,0.5383243541566999,19,qp_active,ALM (rho=0),1.144101996778752
-96.50032828198626,1.0740629216702224,0.32307486173613853,1.408461898938273,0.4083411069997864,-3.1670287280744702,1.367350081102042,0.5248457893126955,20,qp_active,ALM (rho=0),1.0740629216702224
-96.37499370805054,1.0075500129203174,0.30394585147610975,1.3777192872307404,0.4147480215843542,-3.041694154138753,1.3609431665174743,0.5123579893994873,21,qp_active,ALM (rho=0),1.0075500129203174
-96.25107459595698,0.9447003089779002,0.2853100397084205,1.3414549357111927,0.42199661498018104,-2.917775042045193,1.3536945731216474,0.5007749083330251,22,qp_active,ALM (rho=0),0.9447003089779002
-96.12927489191793,0.8855472158078799,0.2673247815123929,1.3011196094950066,0.43002307148715563,-2.7959753380061443,1.345668116614673,0.490014753457766,23,qp_active,ALM (rho=0),0.8855472158078799
-96.01019963066082,0.830048669782272,0.2500910874859201,1.2579385654432949,0.4387596322912095,-2.6769000767490354,1.336931555810619,0.4800010963612013,24,qp_active,ALM (rho=0),0.830048669782272
-95.89434726546239,0.7781088390761548,0.23366876733186892,1.2129315528287512,0.4481371818097284,-2.5610477115506,1.3275540062921,0.4706634426979336,25,qp_active,ALM (rho=0),0.7781088390761548
-95.78211044572166,0.7295947927334563,0.2180875204421504,1.1669353071195816,0.4580871643323836,-2.4488108918098703,1.3176040237694449,0.4619374126414115,26,qp_active,ALM (rho=0),0.7295947927334563
-95.56956649832377,0.6422002158125437,0.18946371757893488,1.074544110506297,0.4794408963811325,-2.2362669444119803,1.296250291720696,0.4460925689544735,28,qp_active,ALM (rho=0),0.6422002158125437
-95.46958775812175,0.6029683346005488,0.17639411415838957,1.029109730030366,0.4907207975457913,-2.1362882042099613,1.2849703905560372,0.4388739598078096,29,qp_active,ALM (rho=0),0.6029683346005488
-95.28251897510006,0.5325324527819655,0.15260817266594806,0.9413960825646749,0.514205811724659,-1.9492194211882747,1.2614853763771694,0.4256327199352407,31,qp_active,ALM (rho=0),0.5325324527819655
-95.1953894855454,0.5009743809786933,0.14182494993632133,0.8995320845821708,0.5263109535319533,-1.8620899316336192,1.249380234569875,0.4195387130024773,32,qp_active,ALM (rho=0),0.5009743809786933
-95.03355978408663,0.4443396540091431,0.12229556967927024,0.8203954816667155,0.5510275514489468,-1.7002602301748482,1.2246636366528816,0.4082535127839249,34,qp_active,ALM (rho=0),0.4443396540091431
-94.95862897230066,0.4189519528521348,0.11347493741905978,0.7832370413305545,0.563563288414007,-1.6253294183888727,1.2121278996878213,0.4030117094237678,35,qp_active,ALM (rho=0),0.4189519528521348
-94.82004010910096,0.37332613761151023,0.09754000088805803,0.7138041359194239,0.5888276308574285,-1.4867405551891721,1.1868635572444,0.39322291652849994,37,qp_active,ALM (rho=0),0.3987497333654816
-94.69545739098417,0.33372729779522636,0.0836517011008926,0.6507383007972707,0.6141711789559802,-1.3621578370723881,1.1615200091458484,0.38424348851045415,39,qp_active,ALM (rho=0),0.39023507893435583
-94.58361839430356,0.29927167297942425,0.07155739480390011,0.593699524856991,0.639419904482314,-1.2503188403917704,1.1362712836195143,0.37595735169322364,41,qp_active,ALM (rho=0),0.381752281977628
-94.48328373706306,0.26920499794620767,0.06260935143871471,0.5422438901377463,0.6644381726443159,-1.1499841831512754,1.1112530154575126,0.3682708486973347,43,qp_active,ALM (rho=0),0.3733469116231568
-94.39327831845847,0.2428875414468994,0.05652221820257086,0.49588691937012713,0.6891218798380666,-1.0599787645466847,1.086569308263762,0.3611079269213819,45,qp_active,ALM (rho=0),0.3650539434871802
-94.31251258930439,0.2291929088144129,0.05108674407934566,0.45414229908398734,0.7133924725144016,-0.9792130353926041,1.0622987155874268,0.35440641179974575,47,qp_active,ALM (rho=0),0.35689976915160576
-94.20653698644995,0.22182501758083406,0.04400118797498043,0.3991632791774968,0.7489012957514621,-0.8732374325381613,1.0267898923503664,0.3451097371971551,50,qp_active,ALM (rho=0),0.34496989422076385
-94.14472242093953,0.2165771478230889,0.040188732517428605,0.36698390350355375,0.7719197066103434,-0.8114228670277441,1.003771481491485,0.339356385906079,52,qp_active,ALM (rho=0),0.3372364145495315
-94.06333933840347,0.20842904681397334,0.03718880056108986,0.32448278446732165,0.7824000109852817,-0.7300397844916802,0.9702845953849127,0.3313113487541755,55,qp_active,ALM (rho=0),0.3259858484463494
-94.01567433420048,0.20290970142821907,0.03527137309066575,0.2995133979503926,0.7830497544202865,-0.682374780288697,0.9486726273776774,0.3262993010557458,57,qp_active,ALM (rho=0),0.3187248904130632
-93.95262670351818,0.1946205104687786,0.03256111062618672,0.2663918930836565,0.7835593711129261,-0.6193271496063915,0.9173361825491354,0.3192534611125672,60,qp_active,ALM (rho=0),0.3081968065876448
-93.89825548072497,0.18641998011507432,0.030072808033942522,0.23774053044864032,0.7836458329914612,-0.5649559268131839,0.8872940516074381,0.31272025127955744,63,qp_active,ALM (rho=0),0.2981035725089563
-93.85116404107109,0.17838630941361666,0.02781198895551995,0.2128634571649357,0.783425144649405,-0.5178644871593008,0.8585278932129274,0.30664868905938086,66,qp_active,ALM (rho=0),0.2884390260497222
-93.79771498662403,0.1680193430350272,0.025136244536945185,0.18457521748410452,0.7828007096832481,-0.4644154327122436,0.8221066203179621,0.2991982410716142,70,qp_active,ALM (rho=0),0.2762025960346179
-93.76341090651255,0.16054097952065227,0.023362490561822824,0.16640864215920673,0.782167076077419,-0.43011135260076117,0.7961932770146095,0.29404758467116804,73,qp_active,ALM (rho=0),0.2674965079002661
-93.72393357139785,0.1509955675783603,0.021271653138732916,0.1528463248224696,0.7811906784762875,-0.3906340174860645,0.7634341578207984,0.28770445398691624,77,qp_active,ALM (rho=0),0.25649044914642877
-93.69822420885795,0.14416435284599016,0.019883909019618784,0.14928774602102907,0.7804046022999767,-0.3649246549461651,0.7401526303800581,0.28330561495908146,80,qp_active,ALM (rho=0),0.24866857037808046
-93.66819771548572,0.13549451424950432,0.01823957905381235,0.14429452902330014,0.7793340278923643,-0.33489816157393193,0.7107438002128164,0.27787325324022527,84,qp_active,ALM (rho=0),0.2387881059251951
-93.63619748544134,0.12534996978274515,0.016462271099975112,0.13778843174231034,0.7780218909860814,-0.30289793152955724,0.676461312090503,0.2717081952063168,89,qp_active,ALM (rho=0),0.22727024195975631
-93.61413664961253,0.11777069500977211,0.015224051669264327,0.13246811599819913,0.7770318144633876,-0.2808370957007469,0.6508942597385587,0.2672222458611282,93,qp_active,ALM (rho=0),0.21868049695827613
-93.59461145340731,0.11064806631447599,0.014120746603417444,0.1271144691019446,0.7761186914751496,-0.26131189949552436,0.6268733792061087,0.26308986224720654,97,qp_active,ALM (rho=0),0.21061021824000714
-93.57311392664593,0.1023552724066028,0.012899522411316866,0.12045291067592793,0.7751078800753952,-0.23981437273414485,0.5988792091601587,0.2583678457103136,102,qp_active,ALM (rho=0),0.20120503617550137
-93.55424399309477,0.09470118712822329,0.011823485352138619,0.11389803746582489,0.7742592411378523,-0.22094443918298623,0.5729814764314827,0.25408124349350236,107,qp_active,ALM (rho=0),0.19250419271519148
-93.53438244328733,0.08629921468350643,0.010688519108768446,0.10625567406610989,0.7734690830939317,-0.20108288937554164,0.5444438997482584,0.24943592529011185,113,qp_active,ALM (rho=0),0.18291644269634966
-93.51972327877287,0.0799009324177975,0.009850358336191078,0.10012291565950683,0.7730054363692213,-0.18642372486108627,0.5358519263500398,0.2459248904867216,118,qp_active,ALM (rho=0),0.1800298033006828
-93.50399801433468,0.07288707613104206,0.008951756189574667,0.09308959289411439,0.7726822906783993,-0.17069846042289782,0.5361750720408617,0.2420824684446251,124,qp_active,ALM (rho=0),0.18013837033626742
-93.48997897450754,0.06653605591980716,0.008151785441455672,0.0864406302918469,0.7726081037183472,-0.15667942059575068,0.5362492590009138,0.23858718277918659,130,qp_active,ALM (rho=0),0.18016329487823304
-93.47740148906999,0.06078704622637332,0.0074354102133114,0.08019179856180818,0.7727738138804526,-0.14410193515820424,0.5360835488388084,0.23538695650167643,136,qp_active,ALM (rho=0),0.18010762134899527
-93.4642818682596,0.05476616642510512,0.006689775488428751,0.07341233791802712,0.7732554373071281,-0.13098231434781837,0.5356019254121329,0.23196768672288337,143,qp_active,ALM (rho=0),0.17994581065744847
-93.45260177258515,0.04940744561957544,0.006027430746975426,0.06717529486828121,0.774028913098439,-0.11930221867336854,0.534828449620822,0.2288314113764249,150,qp_active,ALM (rho=0),0.17968594652760192
-93.44216796245973,0.04463800627577852,0.005436882277020771,0.06146231778155227,0.7750739834834359,-0.10886840854794855,0.5337833792358251,0.22592986038155335,157,qp_active,ALM (rho=0),0.17933483494883443
-93.43157209128793,0.03982541709713683,0.004838075980252654,0.055542189817321744,0.7765750171812318,-0.09827253737614683,0.5322823455380292,0.2228507458972042,165,qp_active,ALM (rho=0),0.17883053368933807
-93.42221354132502,0.03561123683104439,0.004309724819201222,0.05022896274783921,0.7783751597791078,-0.08891398741323542,0.5304822029401532,0.21997886941642286,173,qp_active,ALM (rho=0),0.17822574101831742
-93.41297082771595,0.03149180321170597,0.003788088083723551,0.04491751400948169,0.7807232977389372,-0.07967127380416628,0.5281340649803238,0.2169486308143498,182,qp_active,ALM (rho=0),0.17743683872228497
-93.40491102553966,0.02794085417497394,0.0033330335271202216,0.04024473021611515,0.783377872364966,-0.07161147162787529,0.525479490354295,0.21409012024344024,191,qp_active,ALM (rho=0),0.17654498311018296
-93.39787689813156,0.02487809677526176,0.0029354622002628616,0.03614343515683501,0.7863047938643642,-0.0645773442197708,0.5225525688548968,0.2113704038324937,200,qp_active,ALM (rho=0),0.17556162730627198
-93.39110117202027,0.021964102579764333,0.0025518306259968426,0.03217961947988125,0.7898384734948166,-0.05780161810848483,0.5190188892244444,0.2084804764472821,210,qp_active,ALM (rho=0),0.17437441939021345
-93.38526804487466,0.019487444526815167,0.002220796950510362,0.02876278004176891,0.7936310645136164,-0.05196849096287792,0.5152262982056446,0.20570378403336717,220,qp_active,ALM (rho=0),0.17310022519301196
-93.3797799747852,0.017187538018334614,0.001908470738804624,0.025549838187966377,0.7980603762764847,-0.04648042087340798,0.5107969864427763,0.20275621339618857,231,qp_active,ALM (rho=0),0.17161211236516763
-93.37511720944772,0.015259262008009866,0.0016422840982244225,0.022826035516940214,0.8027192993379021,-0.04181765553593664,0.5061380633813589,0.1999011028756168,242,qp_active,ALM (rho=0),0.17004685718720625
-93.37082118036015,0.01350615766746932,0.001396250662104137,0.020325643984929222,0.8080206053983793,-0.037521626448366874,0.5008367573208817,0.19687443761659432,254,qp_active,ALM (rho=0),0.1682657810346854
-93.36694137804915,0.01194470869078712,0.0011733689894199983,0.01807919593464466,0.8139743836774159,-0.033641824137362164,0.4948829790418451,0.19368326594567598,267,qp_active,ALM (rho=0),0.16626549423946602
-93.3637242746774,0.010667667976728357,0.0009881075139688278,0.016569312032899106,0.820102420760419,-0.03042472076560898,0.48875494195884206,0.1905706195963531,280,qp_active,ALM (rho=0),0.16420666183368
-93.36104979043382,0.009619756086874709,0.0008339030076598419,0.016910079216750223,0.8263649865234106,-0.027750236522038563,0.4824923761958504,0.1875270602818506,293,qp_active,ALM (rho=0),0.1621026319197659
-93.35851083418497,0.00945688619040741,0.0006875855057160152,0.01712655049181978,0.8337138811378267,-0.02521128027318298,0.47514348158143427,0.18409222973982795,308,qp_active,ALM (rho=0),0.15963362884848362
-93.35644281280868,0.009544495771883987,0.0005687860202385764,0.017199450092283918,0.8411522411339124,-0.02314325889689428,0.4677051215853486,0.18073264694180843,323,qp_active,ALM (rho=0),0.15713456815442872
-93.35464799447038,0.009590875248003172,0.0004663919794793969,0.017160235793510007,0.8491434720479519,-0.021348440558597304,0.4597138906713091,0.17722584926576826,339,qp_active,ALM (rho=0),0.1544497597981645
-93.35318794845765,0.009597229838382404,0.0003840775346688474,0.01703304415991692,0.8571572100546013,-0.019888394545859,0.4517001526646597,0.1737935025034555,355,qp_active,ALM (rho=0),0.15175738974946965
-93.3518569638792,0.009565610934346047,0.0003104386040106988,0.016815699674977622,0.8661618646685975,-0.018557409967414173,0.44269549805066355,0.17001655505877367,373,qp_active,ALM (rho=0),0.14873210212945398
-93.35078080366075,0.009501185013647273,0.00028870976348649435,0.016544572890008054,0.8751216574554963,-0.017481249748968253,0.4337357052637647,0.16632516817495055,391,qp_active,ALM (rho=0),0.14572188670664596
-93.34985569583446,0.009405307753837633,0.0002925819304406829,0.01622049918901338,0.8845001464840752,-0.016556141922677625,0.42435721623518585,0.16251801622134882,410,qp_active,ALM (rho=0),0.142571002195372
-93.34905915869716,0.009280607926928752,0.00029438696678862897,0.015853848853587538,0.8942573938329642,-0.01575960478537297,0.4145999688862968,0.1586062595243554,430,qp_active,ALM (rho=0),0.1392928665116176
-93.3483694503677,0.009130046751685938,0.0002943072316128337,0.015453913384310479,0.9043518096189298,-0.015069896455912613,0.4045055531003312,0.15460132833204057,451,qp_active,ALM (rho=0),0.13590145257985994
-93.34776648210581,0.0089567528592287,0.0002925476000736893,0.015028735882165618,0.9147410269849493,-0.014466928194025286,0.3941163357343117,0.15051483795695225,473,qp_active,ALM (rho=0),0.132410994363926
-93.34721094993549,0.008755295239248895,0.0002891566830953707,0.01456590206082474,0.925840043588263,-0.013911396023701172,0.383017319130998,0.14618042633599213,497,qp_active,ALM (rho=0),0.12868206538622123
-93.34673304684104,0.008545659136315109,0.00028464180635889846,0.014109705355143939,0.9366813718150108,-0.013433492929252111,0.37217599090425024,0.14197111195495415,521,qp_active,ALM (rho=0),0.12503971179523204
-93.34629500683985,0.008322550920818017,0.000279093055183921,0.013645239689191683,0.9476919129811623,-0.012995452928066697,0.3611654497380987,0.1377154016588673,546,qp_active,ALM (rho=0),0.12134050784932432
-93.34587151458453,0.008079628251804749,0.0002724444713511076,0.013158323406534243,0.9592546940544002,-0.012571960672744353,0.3496026686648608,0.1332624914132816,573,qp_active,ALM (rho=0),0.11745576824149455
-93.34547167525372,0.007828427753635125,0.0002650977464444537,0.012670814228887339,0.9708843693885978,-0.012172121341933462,0.3379729933306632,0.12879671804802287,601,qp_active,ALM (rho=0),0.11354855421479958
-93.34507547625337,0.007562506658318036,0.000256947706838595,0.012168672156669462,0.9829395129986771,-0.011775922341584533,0.3259178497205839,0.12417791274160549,631,qp_active,ALM (rho=0),0.10949839590396364
-93.34470382894338,0.0073016608891798285,0.000248684982324221,0.011687248049040857,0.9945819585760333,-0.01140427503159458,0.31427540414322774,0.11972474577481233,661,qp_active,ALM (rho=0),0.10558689146745416
-93.34431635118487,0.007021961288725009,0.00023961291824026176,0.01118094708124828,1.0069226420324868,-0.011016797273086354,0.3019347206867742,0.11501048469964381,694,qp_active,ALM (rho=0),0.10144080053073888
-93.34393532426874,0.006742646795610874,0.00023039617452802474,0.010683779965563595,1.019140899677647,-0.010635770356955732,0.289716463041614,0.11034743406881356,728,qp_active,ALM (rho=0),0.09733584090967679
-93.34355869306084,0.006465067120654311,0.0002211260292881434,0.010196696224881492,1.031209492051083,-0.010259139149056296,0.277647870668178,0.10574463384113982,763,qp_active,ALM (rho=0),0.09328116422706184
-93.34316493347809,0.006175382884338276,0.00021136878159389028,0.009694730863539525,1.0437494052055114,-0.009865379566306842,0.2651079575137496,0.10096442243529151,801,qp_active,ALM (rho=0),0.08906813822568724
-93.34277528655946,0.005890712473753723,0.00020172301969090256,0.009206988154352003,1.0560343765058218,-0.00947573264767243,0.25282298621343924,0.09628301713254923,840,qp_active,ALM (rho=0),0.08494076486376959
-93.34238011275359,0.005604999641289687,0.00019200277226705253,0.008722396551147807,1.0683385661961515,-0.009080558841802144,0.24051879652310948,0.09159539387142251,881,qp_active,ALM (rho=0),0.08080693471256967
-93.34198063014426,0.005319834201747753,0.00018227472289922275,0.008243253000370036,1.080601850902156,-0.00868107623247738,0.22825551181710502,0.08692409925474863,924,qp_active,ALM (rho=0),0.07668684738083156
-93.34157828612946,0.00503667288262033,0.00017259771066591156,0.007771657130713512,1.092767612599387,-0.00827873221767561,0.21608975011987397,0.0822904404787001,969,qp_active,ALM (rho=0),0.07259952478730457
-93.3411662797642,0.0047510593924435796,0.00016282553082991313,0.007299995787331351,1.1050313105916558,-0.007866725852409218,0.20382605212760518,0.07761979931598426,1017,qp_active,ALM (rho=0),0.06847929860406438
-93.34075544676793,0.00447065040849548,0.0001532243641122477,0.006840722315278024,1.1170669378632612,-0.007455892856143009,0.19179042485599984,0.07303621711003935,1067,qp_active,ALM (rho=0),0.06443569718404817
-93.34034753652429,0.004196505520520866,0.00014383347869006968,0.006395257808062902,1.1288309659896283,-0.007047982612505166,0.18002639672963272,0.06855618693716914,1119,qp_active,ALM (rho=0),0.06048334474213477
-93.33993700591557,0.00392477986761719,0.00013452297280913683,0.005957134511395168,1.1404895607534973,-0.006637452003786848,0.16836780196576373,0.06411637812615113,1174,qp_active,ALM (rho=0),0.05656641467453505
-93.33953357323176,0.003661703665218674,0.00012550742937023074,0.005536160727879419,1.151776131440272,-0.006234019319975914,0.1570812312789891,0.059818282284371804,1231,qp_active,ALM (rho=0),0.05277447328035228
-93.33913232663933,0.0034037977110905615,0.00011666829082024321,0.005126501296675621,1.1628403816734094,-0.005832772727544011,0.1460169810458516,0.0556048711602693,1291,qp_active,ALM (rho=0),0.04905722473613394
-93.33872980322181,0.003148682019243232,0.00010792435479789475,0.004724225341795904,1.1737846514874173,-0.0054302493100237825,0.13507271123184372,0.05143716208700829,1355,qp_active,ALM (rho=0),0.04538028593084473
-93.33834105773172,0.002905601534344271,9.959270164117129e-05,0.00434365212050976,1.1842124795929223,-0.005041503819938953,0.1246448831263387,0.04746612625201045,1421,qp_active,ALM (rho=0),0.04187685569131049
-93.33796187628326,0.0026715113583168915,9.156908766438931e-05,0.003979665007846372,1.1942545665796358,-0.004662322371473238,0.11460279613962521,0.043641987998859405,1490,qp_active,ALM (rho=0),0.038503022630261834
-93.33758939690048,0.002444348559089704,8.378286307575422e-05,0.0036288028364527694,1.2039994469630193,-0.004289842988697501,0.1048579157562417,0.039931030760525045,1563,qp_active,ALM (rho=0),0.03522904186740611
-93.33722656842912,0.002225637576542816,7.628630867095865e-05,0.0032931845214127847,1.2133817438715147,-0.003927014517330463,0.09547561884774636,0.036358149952721866,1640,qp_active,ALM (rho=0),0.03207687802533448
-93.33688015894562,0.002019108559016658,6.92072937980015e-05,0.002978231465945967,1.2222414502337573,-0.003580605033832285,0.08661591248550371,0.032984277605561066,1720,qp_active,ALM (rho=0),0.02910028856980936
-93.33654755846526,0.001822846676545531,6.248019217380829e-05,0.002680710203690797,1.2306607129781169,-0.003248004553469741,0.07819664974114415,0.029778131090870606,1804,qp_active,ALM (rho=0),0.02627167465378195
-93.33623069163356,0.0016376680100052,5.613297875317613e-05,0.0024015759966166126,1.2386045256254274,-0.00293113772177378,0.07025283709383356,0.026753041176001403,1892,qp_active,ALM (rho=0),0.023602797379990853
-93.33592800962923,0.001462373009849749,5.0124538773843597e-05,0.0021387586145833544,1.2461243473381722,-0.0026284557174420797,0.06273301538108877,0.023889411621323083,1985,qp_active,ALM (rho=0),0.02107636804899448
-93.33564439628026,0.001299498310411984,4.454181879687269e-05,0.0018957991704189525,1.2504068256858663,-0.002344842368472655,0.0557460010785884,0.021228680906140992,2082,qp_active,ALM (rho=0),0.018728945657315872
-93.33537810830195,0.0011477567353699314,3.934069953537289e-05,0.0016705185699924388,1.2526756495016234,-0.002078554390166687,0.049236576657228026,0.018749821592328002,2184,qp_active,ALM (rho=0),0.016541978809663554
-93.33513035307182,0.0010075823603088452,3.453605950198835e-05,0.0014633295178233864,1.2547715217735844,-0.0018307991600323703,0.043223363091466904,0.016459924746842988,2291,qp_active,ALM (rho=0),0.014521723582024785
-93.33490188004414,0.0008791598300810222,3.0134227633205057e-05,0.001274284913823376,1.2566916817160882,-0.0016023261323567795,0.037714281279541684,0.0143620067329117,2403,qp_active,ALM (rho=0),0.012670841153134561
-93.3346913460637,0.0007615229691442238,2.6102087147705788e-05,0.0011017671051504624,1.2584505754839395,-0.0013917921519208676,0.03266788412751631,0.012440284048127727,2521,qp_active,ALM (rho=0),0.010975406571337828
-93.33450079725688,0.0006556238637003275,2.247227190821377e-05,0.0009469944118663254,1.260033967586454,-0.0012012433450934168,0.028125014317727404,0.010710310028169112,2644,qp_active,ALM (rho=0),0.009449141724540106
-93.33432852791584,0.0005603435646746036,1.9206428632401185e-05,0.0008081714863257902,1.2614585884306397,-0.001028974004057659,0.024037671067022703,0.009153805454977246,2773,qp_active,ALM (rho=0),0.008075919822625996
-93.33417327974415,0.00047484648703743915,1.6275916667751744e-05,0.0006839495998038637,1.262736931594583,-0.0008737258323634478,0.020370009369843345,0.007757120162252825,2909,qp_active,ALM (rho=0),0.006843698043721124
-93.33403587835168,0.00039946612820962457,1.3692167031287283e-05,0.0005746988808834003,1.2638640106605166,-0.0007363244398987945,0.01713633562994965,0.006525702183475999,3051,qp_active,ALM (rho=0),0.005757282900461274
-93.33391394370399,0.00033279532061847306,1.14069474115297e-05,0.00047828372614240806,1.264860865447558,-0.0006143897922044061,0.014276285040087267,0.005436563946331654,3201,qp_active,ALM (rho=0),0.004796393670053661
-93.33380836109478,0.0002752341712497497,9.43397194319573e-06,0.0003952029041197122,1.2657215135987883,-0.0005088071829959517,0.011807021427586273,0.004496241622140336,3357,qp_active,ALM (rho=0),0.003966796871766338
-93.33371676296233,0.00022542288985061276,7.726632228255426e-06,0.000323427898182653,1.2664662865527356,-0.0004172090505392134,0.009670212381835963,0.0036825215972386095,3521,qp_active,ALM (rho=0),0.0032488946057096257
-93.33363787151947,0.00018261460533164353,6.259328395152863e-06,0.0002618327801814066,1.2671063514460432,-0.00033831760768521235,0.007833818556524985,0.0029832029415857056,3694,qp_active,ALM (rho=0),0.002631922634730167
-93.33357152626587,0.00014668044203602904,5.027643071642274e-06,0.00021019207232482852,1.267643635213749,-0.00027197235408493725,0.006292311431592035,0.0023961803348716616,3874,qp_active,ALM (rho=0),0.0021140235457437913
-93.33351551759837,0.00011639171332511467,3.989461601072719e-06,0.00016670939841839167,1.2680965090471197,-0.00021596368658549636,0.004992982691736092,0.0019013818798326687,4064,qp_active,ALM (rho=0),0.0016774889622954805
-93.33346915371159,9.135109287239374e-05,3.131165153824611e-06,0.00013079203842858393,1.2684709137269354,-0.0001695997998041321,0.003918787794673584,0.001492316830185059,4263,qp_active,ALM (rho=0),0.0013165924412322485
-93.33343127798216,7.091649595469818e-05,2.430745537296275e-06,0.00010150225087856249,1.2687764496352867,-0.0001317240703713196,0.003042182529527926,0.0011584960521414608,4471,qp_active,ALM (rho=0),0.0010220799729623769
-93.33340049095757,5.4320687125297695e-05,1.8619048507417801e-06,7.772855813691902e-05,1.269024588394569,-0.00010093704578650886,0.002330253957706141,0.0008873859422590846,4690,qp_active,ALM (rho=0),0.0007828938201342403
-93.33337595772467,4.110516456368174e-05,1.4089274147366382e-06,5.880600886907431e-05,1.2692221854749866,-7.640381288354092e-05,0.0017633332248692124,0.0006714963878046231,4919,qp_active,ALM (rho=0),0.0005924258512777845
-93.33335654505179,3.0653728578577955e-05,1.0506922691888576e-06,4.384674899360693e-05,1.2693784542284223,-5.699113999924066e-05,0.0013149865386195003,0.0005007611143718855,5160,qp_active,ALM (rho=0),0.0004417951233342558
-93.33334144599557,2.2528174638658527e-05,7.721794350601385e-07,3.221993897806247e-05,1.2694999466421846,-4.189208378591047e-05,0.0009664157596442902,0.0003680215869389029,5413,qp_active,ALM (rho=0),0.00032468603836237494
-93.33332993627435,1.6336279893280903e-05,5.599450298987563e-07,2.3361981110817228e-05,1.2695925271904098,-3.0382362567138443e-05,0.0007007952750917035,0.0002668704299205783,5677,qp_active,ALM (rho=0),0.00023544570677980903
-93.33332121570412,1.1646052332281442e-05,3.9918201366617723e-07,1.665341354116017e-05,1.26966265497145,-2.1661792331428842e-05,0.0004995934509781641,0.00019025059641077191,5955,qp_active,ALM (rho=0),0.00016784806825748857
-93.33331475525856,8.172057317068493e-06,2.801067857660655e-07,1.1685095054235668e-05,1.2697145977735003,-1.5201346769799784e-05,0.00035056568527491727,0.00013349920935545022,6246,qp_active,ALM (rho=0),0.0001177793122699068
-93.33331002833387,5.630588589156105e-06,1.9299498532632242e-07,8.050768045031248e-06,1.2697525975422097,-1.0474422083461832e-05,0.00024154152014799202,9.198162661260035e-05,6552,qp_active,ALM (rho=0),8.11505384657048e-05
-93.33330664055457,3.809306456048489e-06,1.3056841652314688e-07,5.446493799202483e-06,1.2697798291579427,-7.086642781928276e-06,0.00016341198748803798,6.222905448272735e-05,6873,qp_active,ALM (rho=0),5.4901413091547685e-05
-93.33330426168213,2.530508234066531e-06,8.673611873177833e-08,3.6180131096466215e-06,1.2697989496122413,-4.707770344225537e-06,0.00010855398077880274,4.13385314506729e-05,7209,qp_active,ALM (rho=0),3.647080629201233e-05
-93.33330262100549,1.6485823151057843e-06,5.650707901594387e-08,2.3570402866122946e-06,1.2698121360742787,-3.0670937007926113e-06,7.072103959426812e-05,2.693133774091269e-05,7561,qp_active,ALM (rho=0),2.3760099052175305e-05
-93.33330150878959,1.0507446539520515e-06,3.6015498139363444e-08,1.5022751417137444e-06,1.2698210748790786,-1.9548778027456137e-06,4.5074943219702845e-05,1.7165026510532436e-05,7931,qp_active,ALM (rho=0),1.5143797684757446e-05
-93.33330077288406,6.551902282936339e-07,2.2457409265541628e-08,9.367355581358951e-07,1.2698269891665648,-1.2189722724542662e-06,2.8106412161221783e-05,1.0703226125186278e-05,8319,qp_active,ALM (rho=0),9.44289197080779e-06
-93.33330029662582,3.992019177445627e-07,1.3683111532714065e-08,5.707428335997211e-07,1.269830816676411,-7.427140360505291e-07,1.7125001492201974e-05,6.52138602087253e-06,8726,qp_active,ALM (rho=0),5.753474977994342e-06
-93.33329999555826,2.3738000010098403e-07,8.136479046072509e-09,3.393836160834796e-07,1.2698332362204148,-4.416464776113571e-07,1.0183149635523137e-05,3.877853657862736e-06,9153,qp_active,ALM (rho=0),3.421225782189472e-06
-93.33329980990291,1.37592020443833e-07,4.7161279326246586e-09,1.967158332195205e-07,1.2698347282396178,-2.5599112518648326e-07,5.902435477045387e-06,2.2477113489573266e-06,9601,qp_active,ALM (rho=0),1.9830371893322466e-06
-93.33329969837042,7.764460896453329e-08,2.6613609094283674e-09,1.1100868535494007e-07,1.2698356245669233,-1.4445863882883714e-07,3.330805714130136e-06,1.2684068860233364e-06,10071,qp_active,ALM (rho=0),1.1190485058663899e-06
-93.33329963327715,4.2657783083654977e-08,1.4621441835060978e-09,6.09879021016528e-08,1.2698361476861841,-7.936536405850347e-08,1.829937612995991e-06,6.96860059765565e-07,10563,qp_active,ALM (rho=0),6.148028817666018e-07
-93.33329959620797,2.273359722693158e-08,7.792211320634124e-10,3.250225079291762e-08,1.2698364455905,-4.2296179003642465e-08,9.752279555019783e-07,3.7137736613756287e-07,11080,qp_active,ALM (rho=0),3.2764666574634807e-07
-93.33329957577699,1.1752247175422781e-08,4.028226641139554e-10,1.680219875873638e-08,1.2698366097824736,-2.1865204757887113e-08,5.041489614665551e-07,1.9198538365972876e-07,11622,qp_active,ALM (rho=0),1.6937857998438583e-07
-93.33329956484968,5.8789400014802595e-09,2.015063671478856e-10,8.405126487792274e-09,1.2698366975995006,-1.093789592232497e-08,2.521953736955851e-07,9.603872908632821e-08,12191,qp_active,ALM (rho=0),8.472990631762615e-08
-93.33329955920644,2.8457902701006788e-09,9.754241858672685e-11,4.068628695559713e-09,1.2698367429508517,-5.294651828080532e-09,1.2207897115423805e-07,4.648899406823614e-08,12787,qp_active,ALM (rho=0),4.101478801009367e-08
-93.33329955638285,1.3281464816827793e-09,4.552269672331022e-11,1.898852272870662e-09,1.2698367656424934,-2.4710686830076156e-09,5.69749625256577e-08,2.1696682434356335e-08,13413,qp_active,ALM (rho=0),1.9141838989783765e-08
0.0,2.241823973099074,38.65452987772163,0.0,0.0,93.33329955391179,1.9764623219360447,1.0,0,qp_active,ALM (rho=1),12.986735828249534
-54.21278631418306,1.8901894232709293,22.72667792221165,0.2036868157199182,0.0,39.12051323972872,1.9764623219360447,0.960446753433705,1,qp_active,ALM (rho=1),7.6354663570641295
-76.20545036058061,1.585582465899157,16.634843748248272,0.32574337632549083,0.0,17.127849193331173,1.9764623219360447,0.9298894398175169,2,qp_active,ALM (rho=1),5.588797017738868
-86.61328454452826,1.2923486368025285,12.50237463324236,0.37244479514583306,0.0,6.7200150093835305,1.9764623219360447,0.9069806086860408,3,qp_active,ALM (rho=1),4.200414210219255
-91.83726888893973,1.0481590704713617,9.464784591356306,0.37276700670527085,0.0,1.4960306649720536,1.9764623219360447,0.8896850170249334,4,qp_active,ALM (rho=1),3.1798771721726085
-94.50500181408793,0.8527511701030965,7.270086848322666,0.3499205001593849,0.0,-1.171702260176147,1.974240379249358,0.8759516881530952,5,qp_active,ALM (rho=1),2.442526080287765
-95.7001521661174,0.750004470061306,5.950135510656642,0.3102838027719668,0.0,-2.3668526122056193,1.9485161611936443,0.8610881919248388,6,qp_active,ALM (rho=1),1.9990629368311192
-96.22352213312618,0.8932834059046311,5.106329397774751,0.29529558082184554,0.004469640766780801,-2.890222579214395,1.9093735126812024,0.8456160890663122,7,qp_active,ALM (rho=1),1.7155699771980755
-96.42744053179165,0.9597616872529224,4.548823956808906,0.28809246071912425,0.017910091145938462,-3.09414097787986,1.8627531527032628,0.8293861043606204,8,qp_active,ALM (rho=1),1.5282652574785884
-96.49248118734161,0.9865544511442401,4.160025620444689,0.2817429759905024,0.03590312384737224,-3.1591816334298244,1.812663298736421,0.8130437675800454,9,qp_active,ALM (rho=1),1.3976409477069387
-96.49399503166951,0.9915344684845966,3.8757836974317534,0.27716076443725757,0.05612774048312465,-3.160695477757727,1.7611751334507293,0.796873764922702,10,qp_active,ALM (rho=1),1.3021443842469822
-96.46537691180126,0.9842111547345596,3.658201106103684,0.27422845765390896,0.07730216531454148,-3.1320773578894716,1.7094270616229827,0.7810119042727235,11,qp_active,ALM (rho=1),1.2290433106252798
-96.42219151093529,0.9699102464145408,3.484022368952612,0.30882051770433455,0.09870610185558629,-3.088891957023506,1.6580611927120275,0.765523269782131,12,qp_active,ALM (rho=1),1.1705246000515217
-96.37199080784556,0.9516930459286437,3.3386909099739803,0.3511943724632595,0.11993545460684037,-3.038691253933777,1.6074416865897279,0.750436806100702,13,qp_active,ALM (rho=1),1.121697689693019
-96.3185496754134,0.9313460359428145,3.21297566279738,0.3899447016510028,0.14076742585548876,-2.9852501215016076,1.5577729341015258,0.7357624901081457,14,qp_active,ALM (rho=1),1.0794612245276112
-96.26379407172197,0.9099231987522636,3.1009580580941307,0.4252036823424394,0.16108385157286154,-2.930494517810189,1.5091660897644703,0.7215003168376605,15,qp_active,ALM (rho=1),1.0418267468869244
-96.20871936026991,0.8880521799081649,2.9988017578768194,0.45715596013398785,0.18082697022817648,-2.875419806358124,1.461677300878765,0.7076450828674363,16,qp_active,ALM (rho=1),1.0075053649347874
-96.1538435329172,0.8661098523571766,2.9039908191987376,0.48600226888646464,0.19997372202679062,-2.820543979005407,1.415329957994246,0.694188935454307,17,qp_active,ALM (rho=1),0.9756517990490913
-96.09943693744273,0.8443240239525238,2.8148536150973573,0.5119428180255751,0.21852076866061512,-2.766137383530946,1.3701277827042657,0.6811227238422732,18,qp_active,ALM (rho=1),0.9457044338684695
-96.04564090686812,0.8228328745522955,2.7302630197229103,0.5351702667722921,0.23647575713987054,-2.7123413529563294,1.326062607336067,0.6684367103572965,19,qp_active,ALM (rho=1),0.9172845896960679
-95.99252970811698,0.8017200028852169,2.6494461972027317,0.5558671678719193,0.2538522350872946,-2.65923015420519,1.3043695155972126,0.6561209419964644,20,qp_active,ALM (rho=1),0.8901326173950675
-95.94014302179417,0.7810352987526645,2.571863022518688,0.5742053936524575,0.27066670648157193,-2.606843467882385,1.2967438258580413,0.6441654437611776,21,qp_active,ALM (rho=1),0.8640670515344591
-95.88850291088988,0.7608075155452925,2.4971277687757034,0.590346377424877,0.2869369433172104,-2.5552033569780974,1.2890141219376274,0.6325603193991557,22,qp_active,ALM (rho=1),0.8389582997144888
-95.83762257659177,0.7410519421031925,2.4249582555312195,0.6044416456984623,0.30268103363436694,-2.5043230226799835,1.281195057231184,0.6212958045403328,23,qp_active,ALM (rho=1),0.8147115579658678
-95.78751076894733,0.7217751529947023,2.355142548509191,0.6166334193589464,0.31791685998831565,-2.454211215035542,1.2732992000360928,0.6103622955294972,24,qp_active,ALM (rho=1),0.7912556228755768
-95.73817391848748,0.7029779977907111,2.2875169587013264,0.6270551990439314,0.3326618279453013,-2.40487436457569,1.2653373741390732,0.5997503658378258,25,qp_active,ALM (rho=1),0.7685354999600356
-95.68961709507622,0.684657515517749,2.2219513713165497,0.6358323087248665,0.3469327381967709,-2.3563175411644295,1.2573189660040152,0.5894507760051139,26,qp_active,ALM (rho=1),0.7465074746423391
-95.59485899006194,0.6494227498112286,2.096591506941511,0.6489158837195035,0.37411632671171186,-2.2615594361501508,1.2411442936449117,0.5697526296857096,28,qp_active,ALM (rho=1),0.7043904071924485
-95.54866323040277,0.632492793582081,2.036630711141612,0.6534364090420499,0.38705935958785653,-2.2153636764909805,1.2330017585808148,0.5603365772607303,29,qp_active,ALM (rho=1),0.6842454198502611
-95.45864520718284,0.5999620196613158,1.9218055413692028,0.658921479090812,0.4117192212090356,-2.1253456532710544,1.216635574864259,0.5423282877384815,31,qp_active,ALM (rho=1),0.6456676865034735
-95.41482281228207,0.584341490185631,1.8668244595066117,0.6600627606710091,0.4234628920918334,-2.0815232583702823,1.2084220986053298,0.5337197692057597,32,qp_active,ALM (rho=1),0.6271957302292787
-95.32954359709201,0.5543393661989171,1.7614668519699546,0.6595440346201862,0.44584100961785267,-1.9962440431802264,1.191956904558301,0.5172547999120524,34,qp_active,ALM (rho=1),0.5917988072579415
-95.28808086948086,0.5399373063704296,1.7109967055957913,0.6580295731885353,0.45649937794197676,-1.954781315569079,1.183713266649291,0.5093832776128403,35,qp_active,ALM (rho=1),0.5748423868785515
-95.20748780485364,0.5122804596582773,1.614257643553323,0.6528204036270351,0.4768113607678173,-1.874188250941856,1.1672222423098817,0.4943259608634313,37,qp_active,ALM (rho=1),0.5423410307116961
-95.12996688267981,0.4860871160150353,1.5228539169368638,0.6450962801227479,0.4958546420000276,-1.7966673287680237,1.150748249242432,0.4801369419375989,39,qp_active,ALM (rho=1),0.5116321835199046
-95.05546333738707,0.46128022103610444,1.4364868339747066,0.6352761547695166,0.5137094116955095,-1.7221637834752812,1.134315285768531,0.4667636442212312,41,qp_active,ALM (rho=1),0.48261549403398507
-94.9839133013827,0.4377858482459267,1.3548777455051813,0.623726261659916,0.5304506196465467,-1.6506137474709135,1.117944932443269,0.4541563996523558,43,qp_active,ALM (rho=1),0.45519734468666107
-94.91524564439095,0.41553343017557953,1.2777652353606008,0.6107662393402616,0.5461483965473843,-1.581946090479164,1.1016566501229823,0.4422683337798531,45,qp_active,ALM (rho=1),0.42928990766779684
-94.84938361583603,0.3944558342603042,1.2049032296267495,0.5966745655272148,0.5608684154251667,-1.5160840619242464,1.0854680026918566,0.4310552474029503,47,qp_active,ALM (rho=1),0.40481050969360777
-94.75567321676434,0.3649037668031294,1.103075766894623,0.5739360062063479,0.5812486871842537,-1.42237366285255,1.0614060700058694,0.4154107798183579,50,qp_active,ALM (rho=1),0.3705996070452945
-94.69646490086875,0.34649173711610537,1.0398526392433922,0.5580054453336231,0.593785145963494,-1.3631653469569613,1.0455324155733274,0.40570825426390544,52,qp_active,ALM (rho=1),0.3512668068626043
-94.6123342425872,0.3206687166672477,0.9515071627012315,0.5333753147501152,0.6111452003768371,-1.2790346886754094,1.0220037601272316,0.39215570593301563,55,qp_active,ALM (rho=1),0.3433619006681958
-94.55924109044341,0.30457445791718385,0.8966624879738418,0.5166702614925158,0.621825965363443,-1.2259415365316215,1.006521270385966,0.38373989788914714,57,qp_active,ALM (rho=1),0.3381602592339461
-94.48387463510473,0.28199393686936247,0.8200361293385718,0.49147462366064165,0.6366197451920121,-1.1505750811929403,0.9836252552728827,0.3719685280535934,60,qp_active,ALM (rho=1),0.33046790077728316
-94.4133781752418,0.2611524184523848,0.7496919406345874,0.4663920860782155,0.6500632573946797,-1.080078621330017,0.9611455726217972,0.36113587484883575,63,qp_active,ALM (rho=1),0.32291541725165146
-94.34746761684733,0.24191044858079103,0.6851227874485293,0.4416719821367403,0.6622828087137896,-1.0141680629355392,0.9391038489572925,0.3511553508778803,66,qp_active,ALM (rho=1),0.315510074505647
-94.2662457427202,0.21852294013681117,0.6072131878870781,0.40959859769109225,0.6768684062168517,-0.9329461888084154,0.9104256754175346,0.3390389091451889,70,qp_active,ALM (rho=1),0.3058750882575751
-94.20998181328818,0.20253342794240936,0.5543693282946194,0.3863854272067273,0.6866602914267056,-0.8766822593763948,0.8894670912333097,0.3307540908203015,73,qp_active,ALM (rho=1),0.29883364713810806
-94.14069050631913,0.18308280723243264,0.4906320414841918,0.3567343062284714,0.6983608770484381,-0.8073909524073457,0.8622734252172106,0.3206593430960577,77,qp_active,ALM (rho=1),0.28969740986216935
-94.09271094115206,0.16977332614271923,0.4474186379493261,0.3355475775309239,0.7062262159669668,-0.7594113872402772,0.8424493559747341,0.31373034500538416,80,qp_active,ALM (rho=1),0.28303713094770894
-94.0336342126847,0.15356857192298357,0.3953197295729822,0.3087634977934222,0.7156393323417358,-0.7003346587729169,0.8167850067442834,0.30525436717082505,84,qp_active,ALM (rho=1),0.274414697180848
-93.96697017596017,0.13553371357433797,0.33812404045280253,0.27767239805352756,0.7258948447687219,-0.6336706220483848,0.785940178451788,0.2957421912354325,89,qp_active,ALM (rho=1),0.26405178142506164
-93.91883505893786,0.12268459996139303,0.2979796425858616,0.25469318711065364,0.7330546642835382,-0.5855355050260727,0.7622477204551052,0.28889055545310166,93,qp_active,ALM (rho=1),0.2560918426003458
-93.87487196927772,0.11108267354058032,0.2622474747757213,0.2333495645715111,0.7394132192881839,-0.541572415365934,0.7394197128797326,0.28262964383683326,97,qp_active,ALM (rho=1),0.2484223325893727
-93.82521536559565,0.10176007683360178,0.22307228581441763,0.20887131800187972,0.7463894836080871,-0.49191581168386733,0.7120804960563929,0.27553383750865934,102,qp_active,ALM (rho=1),0.23923719470879073
-93.7808282867664,0.09686387629437165,0.19774589962525901,0.18669762748639396,0.7524461830460429,-0.44752873285460737,0.68604032446576,0.2691462250234911,107,qp_active,ALM (rho=1),0.2304884961619551
-93.73369052607677,0.09118950617838939,0.1779046066710812,0.16289778149761347,0.7587063936881491,-0.40039097216498476,0.6564546339320303,0.2622838302318233,113,qp_active,ALM (rho=1),0.22054861205333126
-93.69890392228308,0.08664276216063227,0.16318196166694854,0.14520469224165833,0.7632282170545367,-0.36560436837129373,0.6331369349888041,0.25714140491120585,118,qp_active,ALM (rho=1),0.21271458077016045
-93.66187094547958,0.08141678327640989,0.14740429264918298,0.12628933010476112,0.7679748523438155,-0.3285713915677917,0.6066940139468493,0.2515628464016193,124,qp_active,ALM (rho=1),0.20383057076705213
-93.62932902194473,0.07644888183860976,0.13342318610838966,0.10963890541866564,0.7721198252358169,-0.29602946803294117,0.5818540043115128,0.24654015076797697,130,qp_active,ALM (rho=1),0.19548508980723295
-93.60030412374314,0.07170445551452653,0.12092443405948394,0.09491068039871614,0.7757891541012096,-0.26700456983135723,0.5585372535955684,0.24199304249942555,136,qp_active,ALM (rho=1),0.1876513770993301
-93.56992609756657,0.06645810475426694,0.10705171930522717,0.08257524476658486,0.7796732409704488,-0.2366265436547792,0.5331753945517106,0.23719982093735775,143,qp_active,ALM (rho=1),0.1791305707524985
-93.54398453727411,0.0616270429377237,0.09447480741069292,0.07802147068129404,0.7832531367431594,-0.21068498336232722,0.5256042259761016,0.23287308848328495,150,qp_active,ALM (rho=1),0.1765868904512863
-93.5219434481645,0.05717429509184635,0.08572255009399754,0.07363093795002695,0.7865705074219235,-0.18864389425272066,0.5222868552973375,0.2289403320290372,157,qp_active,ALM (rho=1),0.17547235570501535
-93.50062788038605,0.05249619946893125,0.07778320155184204,0.06881388398443439,0.790087975208933,-0.1673283264742622,0.518769387510328,0.2248522396538637,165,qp_active,ALM (rho=1),0.17429059447085277
-93.48259853162207,0.048211750360464656,0.07060165031039034,0.06421603920773643,0.7933735768705985,-0.14929897771028777,0.5154837858486625,0.22112815879752643,173,qp_active,ALM (rho=1),0.1731867331394154
-93.46541764540838,0.043819084415076315,0.0633014169310755,0.059316580169348244,0.7968714363705303,-0.1321180914965936,0.5119859263487307,0.21729971974208556,182,qp_active,ALM (rho=1),0.17201155968798176
-93.4508590864805,0.03984097360862959,0.0567285322128086,0.05471784865862983,0.8002364020565909,-0.11755953256871976,0.5086209606626702,0.21378751540299396,191,qp_active,ALM (rho=1),0.1708810344798307
-93.43841620260307,0.03624323683232911,0.0508044794106155,0.050427206273293355,0.8035337541979243,-0.10511664869127912,0.5053236085213367,0.21053585262558905,200,qp_active,ALM (rho=1),0.16977322534781766
-93.4266117199206,0.03265376630247596,0.04490388420628477,0.04602253068113357,0.8071779801489319,-0.09331216600881476,0.5016793825703291,0.20717405343864448,210,qp_active,ALM (rho=1),0.16854887726044215
-93.41655103162803,0.029454743951226714,0.039645847738295714,0.0419931646760214,0.8108477195432973,-0.08325147771624586,0.49800964317596375,0.20402914657659763,220,qp_active,ALM (rho=1),0.16731595743904212
-93.40713242824393,0.026341415845994032,0.0345223333878657,0.03797806272761961,0.8149508965983941,-0.07383287433214036,0.49390646612086686,0.2007737803496474,231,qp_active,ALM (rho=1),0.16593741586475202
-93.39841597519452,0.02361886894314269,0.030191676438811044,0.0343927451593053,0.8191375132429533,-0.0651164212827382,0.48971984947630776,0.19769276637126912,242,qp_active,ALM (rho=1),0.16453084114895455
-93.38929039533242,0.021018926550195882,0.02646201872040521,0.030901689850319426,0.8236915555655517,-0.055990841420637594,0.48516580715370927,0.19449268747092363,254,qp_active,ALM (rho=1),0.16300082268070923
-93.38184650475151,0.018567235893781397,0.022907820191651496,0.027547397374110095,0.828654848047975,-0.0485469508397216,0.48020251467128605,0.19117868441063585,267,qp_active,ALM (rho=1),0.16133330871762475
-93.3759981941917,0.016449255952929676,0.020074596301299152,0.024601063083952154,0.8337414182407418,-0.04269864027990877,0.47511594447851924,0.18799385926036577,280,qp_active,ALM (rho=1),0.15962437722694883
-93.37132664074574,0.014643738792475602,0.018649023829354405,0.022055687113506896,0.8390050772284072,-0.0380270868339494,0.4698522854908538,0.18491590174905262,293,qp_active,ALM (rho=1),0.15785594933559838
-93.36707909830905,0.012895423721792199,0.017189003339659337,0.019561779402426954,0.8452811208988952,-0.033779544397262384,0.46357624182036583,0.18147607363204757,308,qp_active,ALM (rho=1),0.15574739125836873
-93.36370324109488,0.011445688914736074,0.015914084537138606,0.017471880022844687,0.8517372323386863,-0.03040368718309594,0.45712013038057475,0.17813837809056546,323,qp_active,ALM (rho=1),0.15357833593648187
-93.36079836146631,0.010168407149123038,0.014735313659159033,0.015614030600522188,0.8587762232835494,-0.027498807554522386,0.4500811394357116,0.17467569546161263,339,qp_active,ALM (rho=1),0.1512134509880023
-93.35843138802255,0.009116831261468672,0.01371976228834626,0.014571470251368217,0.8659278347747148,-0.02513183411076625,0.4429295279445462,0.17130217559519306,355,qp_active,ALM (rho=1),0.14881072899200753
-93.35625720061121,0.008688449709223,0.012743927767902008,0.014700460888058165,0.874058892650134,-0.022957646699424572,0.434798470069127,0.16760292731159815,373,qp_active,ALM (rho=1),0.14607894306765878
-93.35448198354503,0.00871401889017065,0.011916265347112542,0.014709100357211251,0.8822354613222154,-0.02118242963324235,0.4266219013970456,0.16399677369012045,391,qp_active,ALM (rho=1),0.1433318669122439
-93.35294319669372,0.008701842157531559,0.011175085636697446,0.014624846472002372,0.8908735932570323,-0.019643642781929316,0.4179837694622287,0.16028408956761955,410,qp_active,ALM (rho=1),0.14042971966476986
-93.35161268568282,0.008654430276878955,0.010514459037651136,0.01446230275128768,0.8999357788806169,-0.01831313177103766,0.4089215838386441,0.15647392969199408,430,qp_active,ALM (rho=1),0.137385103391015
-93.35046343512836,0.008574703496822877,0.010418932068544606,0.014234645154807725,0.9093817757280624,-0.017163881216575305,0.39947558699119856,0.15257588622491086,451,qp_active,ALM (rho=1),0.13421153832424765
-93.34946977852148,0.008465810577130028,0.010548491008504968,0.013953743790118106,0.9191695425246782,-0.016170224609695083,0.3896878201945828,0.14860000276127874,473,qp_active,ALM (rho=1),0.13092314904262242
-93.34857366095326,0.008324745700708291,0.010574906149807717,0.01361562491070966,0.9296908663795485,-0.015274107041477691,0.37916649633971256,0.14438343143089247,497,qp_active,ALM (rho=1),0.12738830710045176
-93.34782668400476,0.008166677269040967,0.01051454476349356,0.013258107678434303,0.9400247049066552,-0.01452713009297213,0.36883265781260577,0.14028823585607164,521,qp_active,ALM (rho=1),0.12391645447495468
-93.34716851465808,0.007989301268236382,0.010386582188134597,0.012875581629999373,0.950570225450075,-0.013868960746293624,0.35828713726918604,0.1361469813251547,546,qp_active,ALM (rho=1),0.12037348318796712
-93.34656118472812,0.007788057311945984,0.010197285764331099,0.012459382782831487,0.961692551674602,-0.013261630816330694,0.347164811044659,0.1318123769134391,573,qp_active,ALM (rho=1),0.11663672289284856
-93.34601621262345,0.007573041442495487,0.009964267514535052,0.012030925016227417,0.9729224340879925,-0.012716658711667606,0.3359349286312685,0.12746340890054564,601,qp_active,ALM (rho=1),0.11286382701890178
-93.34550337456503,0.00733937678301011,0.009689300077940999,0.011580419570176166,0.9846029210752592,-0.012203820653240882,0.32425444164400186,0.1229631914625466,631,qp_active,ALM (rho=1),0.10893954183605793
-93.34504511385076,0.007105328802856192,0.009399982369316717,0.011141998942124311,0.9959169286400377,-0.01174555993897286,0.31294043407922334,0.11862201483062929,661,qp_active,ALM (rho=1),0.1051383824928349
-93.34458782057109,0.006850072894389214,0.00907478621546609,0.0106758863583289,1.007940560538479,-0.0112882666593066,0.300916802180782,0.11402361765860065,694,qp_active,ALM (rho=1),0.10109881115009384
-93.3441550735193,0.0065915868287218515,0.00873927017424414,0.010214524062578997,1.019872321959004,-0.010855519607517294,0.288985040760257,0.10947228484182875,728,qp_active,ALM (rho=1),0.09709010546865791
-93.3437404676101,0.00633184478158455,0.008398425783992636,0.009759978161686804,1.031681296316528,-0.0104409136983179,0.27717606640273296,0.1049767923063282,763,qp_active,ALM (rho=1),0.09312265247236301
-93.34331778784076,0.006058326170817807,0.008037233817278278,0.009289637927431807,1.0439730911478655,-0.010018233928974496,0.2648842715713955,0.10030474753331377,801,qp_active,ALM (rho=1),0.08899298661341733
-93.34290767526375,0.005787583121519724,0.007678485303653559,0.008831260150417762,1.0560340139731905,-0.009608121351959653,0.2528233487460705,0.09572587603254364,840,qp_active,ALM (rho=1),0.08494088666360847
-93.34249782196731,0.005514285407761221,0.007315764626561361,0.008374834250335146,1.0681308431976713,-0.009198268055527592,0.24072651952158974,0.09113738358204992,881,qp_active,ALM (rho=1),0.08087672326556071
-93.34208798425117,0.005240258629325645,0.006951851438220302,0.007922749267045753,1.0802030733520827,-0.00878843033937926,0.22865428936717835,0.08656116780596235,924,qp_active,ALM (rho=1),0.07682082440017242
-93.34167843750876,0.004967160350980215,0.006589141702965762,0.00747713170872498,1.0921937829832964,-0.008378883596975584,0.21666357973596462,0.08201796741978025,969,qp_active,ALM (rho=1),0.07279231392891795
-93.34126138320973,0.00469087891644282,0.006222267292031347,0.007030860782755405,1.1042950571595296,-0.007961829297940426,0.20456230555973143,0.07743439906520003,1017,qp_active,ALM (rho=1),0.06872665716348579
-93.34084710624428,0.004418971238099978,0.005861295010285872,0.00659576118135581,1.1161847558826317,-0.007547552332496821,0.19267260683662935,0.07293201535227517,1067,qp_active,ALM (rho=1),0.06473208325758519
-93.34043680848724,0.0041526009472629966,0.005507765733486991,0.006173220242841427,1.12781910239186,-0.007137254575454222,0.181038260327401,0.0685270211980308,1119,qp_active,ALM (rho=1),0.060823299859426534
-93.34002452556231,0.0038881215398980373,0.005156823776149011,0.005757120217385996,1.1393621019349374,-0.006724971650527323,0.16949526078432364,0.06415707246297529,1174,qp_active,ALM (rho=1),0.05694520623868512
-93.33961973472037,0.0036316627576002958,0.004816582892708254,0.005356791970710166,1.1505494982894713,-0.006320180808586429,0.15830786442978972,0.05992203945369004,1231,qp_active,ALM (rho=1),0.05318658437672348
-93.33921729983842,0.0033798828104281142,0.00448259075340296,0.004966705814440189,1.1615293189864588,-0.005917745926637963,0.14732804373280217,0.0557657675368957,1291,qp_active,ALM (rho=1),0.049497701565720614
-93.33881360038895,0.0031304796319728823,0.004151779873643235,0.004583117725598117,1.172403320904472,-0.005514046477159695,0.13645404181478904,0.0516496661036855,1355,qp_active,ALM (rho=1),0.04584437061713998
-93.33842362533169,0.0028925150360210594,0.003836158980472959,0.004219701028607681,1.182777338892978,-0.005124071419899678,0.12608002382628292,0.04772288829642849,1421,qp_active,ALM (rho=1),0.04235901892561972
-93.3380430706282,0.0026630365087623176,0.003531804074521361,0.0038716086640535378,1.1927806947862516,-0.004743516716416707,0.11607666793300941,0.043936451203744696,1490,qp_active,ALM (rho=1),0.03899819832340668
-93.3376690029892,0.002440034548234493,0.0032360452125335115,0.003535552542830102,1.2025013238931057,-0.004369449077415766,0.1063560388261553,0.040257052080156744,1563,qp_active,ALM (rho=1),0.035732365245253916
-93.33730433424809,0.0022250139504471633,0.0029508752377918057,0.0032135816953270694,1.2118738271567324,-0.00400478033630236,0.09698353556252859,0.03670943516893182,1640,qp_active,ALM (rho=1),0.03258349176731574
-93.33695583742484,0.0020216597741722353,0.002681179644639542,0.0029109349351133496,1.2207376919436308,-0.003656283513052472,0.08811967077563021,0.03335435058888073,1720,qp_active,ALM (rho=1),0.029605505208717922
-93.33662087076755,0.0018281081235631547,0.0024244854531279003,0.0026245498107438274,1.2291742250948297,-0.0033213168557608697,0.07968313762443135,0.03016101937309019,1804,qp_active,ALM (rho=1),0.026771088965978018
-93.33630136197664,0.0016451832730366434,0.0021818853136039706,0.002355386965481358,1.2371475299981092,-0.00300180806485173,0.07170983272115183,0.02714302715218975,1892,qp_active,ALM (rho=1),0.024092303199224795
-93.33599574401016,0.0014717194975988335,0.001951832939054654,0.002101490202328339,1.24470843409487,-0.0026961900983764053,0.06414892862439103,0.024281134285384493,1985,qp_active,ALM (rho=1),0.02155207144791447
-93.33570895462631,0.0013102510128986111,0.001737689142355947,0.0018663268899492844,1.2499346980777755,-0.002409400714526555,0.05711087844880325,0.021617148192442592,2082,qp_active,ALM (rho=1),0.019187502569041556
-93.33543924988825,0.0011595310198160291,0.001537800322504168,0.001647840868185124,1.2522240632666564,-0.0021396959764672374,0.05054133336830868,0.019130497001690606,2184,qp_active,ALM (rho=1),0.016980337024872533
-93.33518787638806,0.001020019923659632,0.0013527770535581851,0.001446483834582485,1.2543431703330545,-0.0018883224762760165,0.04446035982975083,0.01682877601934114,2291,qp_active,ALM (rho=1),0.01493731652575784
-93.3349556298544,0.0008919353132226249,0.0011829078957337202,0.0012623639343858437,1.2562887144126533,-0.0016560759426198501,0.038877441364823406,0.014715574839825498,2403,qp_active,ALM (rho=1),0.013061627247320743
-93.3347411854784,0.0007743479807489351,0.0010269605047081853,0.0010939618257678756,1.258074809809757,-0.0014416315666210266,0.03375207564081961,0.01277556283336722,2521,qp_active,ALM (rho=1),0.011339661648686862
-93.33454667787387,0.0006682475962342949,0.0008862474048800806,0.0009425267122559118,1.259686423941222,-0.001247123962087926,0.02912740003121317,0.011025068004526094,2644,qp_active,ALM (rho=1),0.009785912563565462
-93.33437042572885,0.0005725543901489161,0.0007593365770475202,0.000806365422579125,1.2611399580015943,-0.0010708718170633347,0.024956349788829657,0.009446275783691433,2773,qp_active,ALM (rho=1),0.008384567681205102
-93.33421119976815,0.0004864675621147896,0.0006451659786321784,0.0006842132335463903,1.262447575769567,-0.0009116458563624974,0.02120401982568687,0.008025974178464578,2909,qp_active,ALM (rho=1),0.007123899963193447
-93.33406991228519,0.0004103638854182634,0.0005442352961342323,0.0005764949260074368,1.263603554240271,-0.0007703583734013364,0.017886832832371136,0.006770379372719704,3051,qp_active,ALM (rho=1),0.006009426929596278
-93.33394418448192,0.000342863977012442,0.00045471515572970134,0.0004811652769422765,1.2646288455832073,-0.0006446305701359734,0.014944664623116832,0.005656733645619536,3201,qp_active,ALM (rho=1),0.005020948699056957
-93.3338350016084,0.00028441512791843593,0.0003771987664347165,0.0003987784330954124,1.2655166556616795,-0.0005354476966203947,0.012397011600661978,0.0046924166179079605,3357,qp_active,ALM (rho=1),0.004165015464599707
-93.33373999126995,0.00023367971027621337,0.00030991213125908246,0.0003273845337807747,1.266287302403512,-0.0004404373581650134,0.01018556959445327,0.003855359466253526,3521,qp_active,ALM (rho=1),0.003422038814127521
-93.33365789715103,0.00018993564762759263,0.0002518976135732487,0.0002659185933009317,1.2669517538049435,-0.00035834323924177625,0.008278864926219764,0.003133649028377958,3694,qp_active,ALM (rho=1),0.0027814445575896837
-93.33358862455555,0.00015309103253180467,0.00020303332331472745,0.00021421180780387806,1.2675114058960468,-0.0002890706437597146,0.006672891558727523,0.002525768971450593,3874,qp_active,ALM (rho=1),0.0022418867894108364
-93.33352993650882,0.00012192418768286473,0.00016169904016827275,0.0001705191463340309,1.26798481537117,-0.0002303825970386697,0.005314399343559595,0.0020115634797488345,4064,qp_active,ALM (rho=1),0.0017854750938365097
-93.33348117252396,9.606101096260034e-05,0.00012739862011734715,0.0001342937431085678,1.2683776646626317,-0.00018161861217436126,0.004187082016319232,0.0015848604378872076,4263,qp_active,ALM (rho=1),0.0014067310664277915
-93.33344117968345,7.487237312187034e-05,9.92976955451752e-05,0.00010463743523263207,1.2686995099430087,-0.0001416257716613245,0.003263517257148907,0.00123528017102557,4471,qp_active,ALM (rho=1),0.0010964416492348361
-93.33340853782559,5.7593381394660526e-05,7.638184571234774e-05,8.046764716556676e-05,1.2689619695677619,-0.00010898391380465,0.0025103651219260392,0.0009502031130233981,4690,qp_active,ALM (rho=1),0.0008434056441518024
-93.33338241401006,4.3774420404929515e-05,5.805477893794375e-05,6.114708054177329e-05,1.2691718729795463,-8.286009827429552e-05,0.0019080278941541184,0.000722211294654269,4919,qp_active,ALM (rho=1),0.0006410388198406754
-93.3333616489472,3.27962697399542e-05,4.349526898117517e-05,4.580422666165838e-05,1.2693386258404638,-6.209503541754202e-05,0.001429515157682193,0.0005410885217770003,5160,qp_active,ALM (rho=1),0.0004802732247429769
-93.33334542098329,2.4220589709855744e-05,3.212197827906493e-05,3.3822665808802415e-05,1.2694688863208432,-4.58670715062226e-05,0.001055720677767713,0.000399602856865808,5413,qp_active,ALM (rho=1),0.00035468975030767996
-93.33333298896568,1.765312145884934e-05,2.341203045830298e-05,2.4649051956157564e-05,1.2695686430242556,-3.3435053893526856e-05,0.0007694596033334111,0.0002912496290069187,5677,qp_active,ALM (rho=1),0.0002585148139328419
-93.33332352033938,1.26524285466445e-05,1.677998098870148e-05,1.7665209221166733e-05,1.2696446011591909,-2.3966427590949024e-05,0.0005514907192905039,0.00020874580900416957,5955,qp_active,ALM (rho=1),0.00018528395781330968
-93.33331646719805,8.928164434429675e-06,1.1840764717163665e-05,1.2464701542318568e-05,1.2697011709508161,-1.6913286259523375e-05,0.0003891584771711365,0.0001473011209552883,6246,qp_active,ALM (rho=1),0.00013074530603095547
-93.33331127690047,6.187934951995544e-06,8.206600849547385e-06,8.638670508633661e-06,1.269742793726788,-1.1722988688234182e-05,0.00026971807704589956,0.00010209150621487532,6552,qp_active,ALM (rho=1),9.06169969154728e-05
-93.33330753452915,4.212351188748187e-06,5.586530093637521e-06,5.88047460813594e-06,1.2697728018997976,-7.980617368730236e-06,0.00018360685290108592,6.949738174521092e-05,6873,qp_active,ALM (rho=1),6.168626814051472e-05
-93.33330489001521,2.816428148477712e-06,3.73522052754538e-06,3.9316698432277155e-06,1.2697940053035135,-5.336103427566741e-06,0.00012276172749370318,4.64667767270587e-05,7209,qp_active,ALM (rho=1),4.124417318807268e-05
-93.33330305403051,1.847343845895466e-06,2.4499956268186907e-06,2.5788112035614108e-06,1.2698087252308428,-3.500118722854495e-06,8.052153642035265e-05,3.0478361057041184e-05,7561,qp_active,ALM (rho=1),2.705276523304931e-05
-93.3333018007543,1.1858537387610113e-06,1.5727101772000651e-06,1.6553828917441112e-06,1.2698187729493724,-2.246842512931835e-06,5.168868004501448e-05,1.9564781336826223e-05,7931,qp_active,ALM (rho=1),1.7365810299051087e-05
-93.33330096545657,7.449872549969427e-07,9.88021545467177e-07,1.0399517648782827e-06,1.269825469500517,-1.411544786833474e-06,3.247230801317613e-05,1.2291155533833276e-05,8319,qp_active,ALM (rho=1),1.090969899866042e-05
-93.33330042073234,4.5748891075447773e-07,6.067337334769718e-07,6.38620681916408e-07,1.269829836462947,-8.668205566664255e-07,1.9940905966020495e-05,7.547870530465544e-06,8726,qp_active,ALM (rho=1),6.6995324681449015e-06
-93.3333000736162,2.742874869454681e-07,3.637672243428369e-07,3.82883953163843e-07,1.269832619204992,-5.197044146143526e-07,1.1955570643040758e-05,4.5253259547811935e-06,9153,qp_active,ALM (rho=1),4.016704849555844e-06
-93.33329985775976,1.603632329150173e-07,2.1267790373258322e-07,2.2385417535778422e-07,1.2698343496599598,-3.038479690076201e-07,6.98987027858422e-06,2.645749193697149e-06,9601,qp_active,ALM (rho=1),2.348381912000031e-06
-93.3332997269368,9.131805978057628e-08,1.2110839264778406e-07,1.2747252955214595e-07,1.2698353984231312,-1.730250147602419e-07,3.980347489385139e-06,1.5066089554901819e-06,10071,qp_active,ALM (rho=1),1.3372746095425509e-06
-93.33329964987706,5.0647919636048755e-08,6.717059441996298e-08,7.070030178243271e-08,1.269836016183111,-9.596527661415166e-08,2.207628167383291e-06,8.356135679626466e-07,10563,qp_active,ALM (rho=1),7.416953176640031e-07
-93.33329960556672,2.7262061053079378e-08,3.6155652693992124e-08,3.805556460167792e-08,1.2698363714031389,-5.165493632830476e-08,1.1882914885408269e-06,4.4978248799809885e-07,11080,qp_active,ALM (rho=1),3.992294744614475e-07
-93.33329958089547,1.4241241963475204e-08,1.8887106989495805e-08,1.9879581474047384e-08,1.2698365691831501,-2.6983684620063286e-08,6.207434803950918e-07,2.349588038778263e-07,11622,qp_active,ALM (rho=1),2.085507603507402e-07
-93.33329956755892,7.202586971288838e-09,9.55226120424868e-09,1.0054209968166743e-08,1.269836676096944,-1.364713853035937e-08,3.1394447108645807e-07,1.1883172297620003e-07,12191,qp_active,ALM (rho=1),1.0547570811588583e-07
-93.33329956059424,3.5267984088704907e-09,4.677330522895318e-09,4.923117467767895e-09,1.2698367319304131,-6.6824554778577294e-09,1.5372517614409276e-07,5.8186810599895e-08,12787,qp_active,ALM (rho=1),5.16469417439499e-08
-93.33329955706839,1.665956261831525e-09,2.2094326368460315e-09,2.3255322578416902e-09,1.2698367601957328,-3.1566003144689603e-09,7.26152296071092e-08,2.7485729377147814e-08,13413,qp_active,ALM (rho=1),2.4396488768544703e-08
0.0,2.241823973099074,38.65452987772163,0.0,0.0,93.33329955391179,1.9764623219360447,1.0,0,qp_active,nuPI (rho=0),12.986735828249534
-69.71547683464814,2.7271129323815666,17.552639575616737,0.2912339989510452,0.0,23.617822719263643,1.9764623219360447,0.960446753433705,1,qp_active,nuPI (rho=0),5.89714825088046
-87.28970741243675,2.5734583119962036,10.36954643557272,0.7343551570361723,0.0,6.043592141475031,1.91251884240812,0.9191957534098554,2,qp_active,nuPI (rho=0),3.483849386955395
-93.73483643669712,2.228656886722378,6.356502348678752,0.9184053551943657,0.0,-0.4015368827853365,1.8544192490802933,0.891048561775135,3,qp_active,nuPI (rho=0),2.228656886722378
-96.25305438279122,1.8611116395398404,3.988210079095598,0.9501189941785004,0.0,-2.9197548288794337,1.7830506471074614,0.865156790635066,4,qp_active,nuPI (rho=0),1.8611116395398404
-97.26224002085851,1.528976495110724,2.644563044690482,0.8997621898973213,0.013021137807577347,-3.9289404669467274,1.7016796049779812,0.8390889611089853,5,qp_active,nuPI (rho=0),1.528976495110724
-97.65035508991713,1.554320241661685,1.918693136998625,0.8133244124533858,0.03719967160026884,-4.317055536005341,1.6143000835443104,0.8128701929946166,6,qp_active,nuPI (rho=0),1.554320241661685
-97.76901764862058,1.6472467138726703,1.3937803149050438,0.7452509046058267,0.06861279618115344,-4.43571809470879,1.5240401690614793,0.7869481975996957,7,qp_active,nuPI (rho=0),1.6472467138726703
-97.7665264712414,1.6841788353653486,1.010028362694328,0.9149882526000624,0.10439628986438344,-4.43322691732962,1.4857937040935714,0.7616942713699726,8,qp_active,nuPI (rho=0),1.6841788353653486
-97.70818799904154,1.6824495862351547,0.7276269220706943,1.0652240050821082,0.14246948167159407,-4.374888445129756,1.4829440175784319,0.7373812985626814,9,qp_active,nuPI (rho=0),1.6824495862351547
-97.62332724458051,1.654284167305045,0.5190821497412372,1.192533446774569,0.1813365835289385,-4.2900276906687225,1.4805065458617417,0.714190753539183,10,qp_active,nuPI (rho=0),1.654284167305045
-97.52509897101821,1.6083964554530166,0.3808834699119288,1.2959763329240654,0.21993857881318457,-4.191799417106424,1.4780523294806576,0.6922284975849814,11,qp_active,nuPI (rho=0),1.6083964554530166
-97.41934692199665,1.5510327232359078,0.3933357498407517,1.3762519858187805,0.25754215306014633,-4.086047368084863,1.4752820107310163,0.6715416332780434,12,qp_active,nuPI (rho=0),1.5510327232359078
-97.30869898458184,1.486678613721697,0.3935064833957753,1.43505193423142,0.2936561287270492,-3.975399430670052,1.4719941682433189,0.6521336365668707,13,qp_active,nuPI (rho=0),1.486678613721697
-97.19446444248894,1.4185500531961308,0.38611949711175697,1.4745948056831297,0.30763005019302314,-3.86116488857715,1.4680611379088053,0.6339769444352289,14,qp_active,nuPI (rho=0),1.4185500531961308
-97.07748383848781,1.3489403396431916,0.3741176139251099,1.4973087083447052,0.312280798468934,-3.744184284576022,1.4634103896328945,0.6170229669570392,15,qp_active,nuPI (rho=0),1.3489403396431916
-96.95847799753633,1.279468910340258,0.3593724121389599,1.50562494730451,0.317681048681836,-3.6251784436245487,1.4580101394199925,0.6012097980222351,16,qp_active,nuPI (rho=0),1.279468910340258
-96.83816429704052,1.21126153515399,0.343096461860501,1.5018520325138391,0.3238329468349145,-3.504864743128735,1.451858241266914,0.5864679936919249,17,qp_active,nuPI (rho=0),1.21126153515399
-96.71727245803665,1.1450819250822342,0.32608718442149254,1.4881055494991027,0.33071754840768575,-3.3839729041248603,1.4449736396941426,0.5727247892537161,18,qp_active,nuPI (rho=0),1.1450819250822342
-96.59652378089189,1.0814284786269974,0.3088741418351564,1.4662756122861944,0.3383013602523266,-3.2632242269800997,1.4373898278495019,0.5599070893770148,19,qp_active,nuPI (rho=0),1.0814284786269974
-96.47660307123243,1.0206057499951235,0.29181007649092017,1.4380186799658348,0.3465413116283976,-3.1433035173206463,1.429149876473431,0.547943515705093,20,qp_active,nuPI (rho=0),1.0206057499951235
-96.35813514904106,0.9627774292713003,0.2751285875090481,1.4047644335409881,0.35538849736344597,-3.024835595129275,1.4203026907383824,0.536765744850863,21,qp_active,nuPI (rho=0),0.9627774292713003
-96.24166948184603,0.9080057040154159,0.2589816002511771,1.3677313239156705,0.3647909645119314,-2.9083699279342454,1.410900223589897,0.5263093226108169,22,qp_active,nuPI (rho=0),0.9080057040154159
-96.12767276764974,0.8562805306648702,0.24346430790979667,1.3279465133380361,0.3746957572045629,-2.7943732137379556,1.4009954308972656,0.5165140994596938,23,qp_active,nuPI (rho=0),0.8562805306648702
-96.01652790237583,0.8075413950675356,0.2286321488777432,1.2862674301047972,0.38505038922958423,-2.6832283484640413,1.3906407988722442,0.5073243985079227,24,qp_active,nuPI (rho=0),0.8075413950675356
-95.90853748044518,0.7616934619020448,0.2145125898092779,1.243403198409836,0.395803877850328,-2.57523792653339,1.3798873102515006,0.49868899971484293,25,qp_active,nuPI (rho=0),0.7616934619020448
-95.80393016433999,0.718619521120103,0.2011134356455333,1.199934916834793,0.40690744361950026,-2.470630610428202,1.3687837444823283,0.49056100249169615,26,qp_active,nuPI (rho=0),0.718619521120103
-95.60545795050254,0.6402632910432846,0.1764431985630246,1.1129799882148814,0.42998320303829624,-2.272158396590754,1.3457079850635323,0.47565988171054907,28,qp_active,nuPI (rho=0),0.6402632910432846
-95.51175429494917,0.604702590861323,0.16513501083420756,1.0701728468581166,0.4418719909135602,-2.1784547410373847,1.3338191971882682,0.4688124347534724,29,qp_active,nuPI (rho=0),0.604702590861323
-95.33549421831736,0.5401200265372506,0.14444496154631992,0.9870863905329901,0.4661656420293997,-2.002194664405579,1.3095255460724289,0.45616303384490053,31,qp_active,nuPI (rho=0),0.5401200265372506
-95.2528728508922,0.5108297455790201,0.1350052040210219,0.9471235448239393,0.4785051201215718,-1.919573296980417,1.2971860679802567,0.4503056514250847,32,qp_active,nuPI (rho=0),0.5108297455790201
-95.09831295353251,0.45762091913018565,0.1177866773917593,0.8708580428100429,0.5034268047445408,-1.7650133996207273,1.2722643833572875,0.43940600555970005,34,qp_active,nuPI (rho=0),0.45762091913018565
-95.02619211090744,0.43346922798898113,0.10994876806247511,0.8346668079343531,0.5159596933411202,-1.692892556995659,1.2597314947607083,0.4343225738298354,35,qp_active,nuPI (rho=0),0.43346922798898113
-94.89173680803808,0.3895383507492074,0.09567384333909956,0.7662874926987445,0.5410635467360906,-1.5584372541262894,1.234627641365738,0.42479968577451793,37,qp_active,nuPI (rho=0),0.41479699987019236
-94.76955438568477,0.35080325115700006,0.08309049601564134,0.7032314175328923,0.5661005633876417,-1.4362548317729846,1.2095906247141868,0.4160356615588946,39,qp_active,nuPI (rho=0),0.40638533059857673
-94.65868452964702,0.3165889326483171,0.07200449621158356,0.6453436502612314,0.5909541179459481,-1.3253849757352327,1.1847370701558804,0.4079293392054151,41,qp_active,nuPI (rho=0),0.3980352989602994
-94.55817190175583,0.28631014455061266,0.06224165894876421,0.5923695775554829,0.6155314412418876,-1.224872347844041,1.1601597468599407,0.4003971600314566,43,qp_active,nuPI (rho=0),0.389778072549332
-94.46709424275804,0.25946101650421927,0.056451616241130154,0.5439998539867313,0.6397595557679984,-1.1337946888462511,1.13593163233383,0.39336985070731906,45,qp_active,nuPI (rho=0),0.38163816956868496
-94.38457894423115,0.23560489368661663,0.051257796599912364,0.4999003204591448,0.6635818001635404,-1.0512793903193653,1.112109387938288,0.38678973632319247,47,qp_active,nuPI (rho=0),0.3736346264967717
-94.27509646369604,0.22042239207071535,0.04443342274472317,0.44101684291387944,0.6984625503337414,-0.9417969097842587,1.077228637768087,0.37765464682199107,50,qp_active,nuPI (rho=0),0.36191576484240595
-94.21056137427951,0.21565283530738988,0.04086400003803803,0.4061255882292859,0.7088880352087173,-0.8772618203677212,1.0545870102279664,0.37199780595040327,52,qp_active,nuPI (rho=0),0.35430887280374124
-94.1247914281971,0.20819107993254504,0.03798611559134457,0.3595649544131027,0.7107496809466068,-0.7914918742853132,1.021592181922044,0.3640830102586345,55,qp_active,nuPI (rho=0),0.34322362302155657
-94.07411359643439,0.20309489154660776,0.03615946245950141,0.33196311071550055,0.7115506695879469,-0.7408140425226009,1.0002577523125356,0.3591487658647786,57,qp_active,nuPI (rho=0),0.3360559093729486
-94.00655871748047,0.1953777427159218,0.03357698521265462,0.2950794360475461,0.712236408908542,-0.6732591635686873,0.969263256675408,0.3522065833089093,60,qp_active,nuPI (rho=0),0.3256427099822817
-93.94781305943613,0.18767101283154686,0.03119275601202176,0.2629404783185739,0.7124402151866608,-0.6145135055243429,0.9394788355469598,0.3457615420098391,63,qp_active,nuPI (rho=0),0.31563605849237636
-93.89656760933967,0.18005610297130037,0.029006452027186214,0.234876545092703,0.7122844390997108,-0.5632680554278835,0.9108935361473017,0.33976268899765966,66,qp_active,nuPI (rho=0),0.3060322751053034
-93.83800748189842,0.17014286802834855,0.026385126671328862,0.2028115583937413,0.7116791020206589,-0.5047079279866296,0.8746077258821363,0.3323852297811124,70,qp_active,nuPI (rho=0),0.29384135637680314
-93.80021997976897,0.16293705681018444,0.02462327976144607,0.18215230352218986,0.7110199192654965,-0.4669204258571824,0.8487268140254581,0.32727158676145324,73,qp_active,nuPI (rho=0),0.28514616421329414
-93.75657166340312,0.15368011154739714,0.022518869033437028,0.1583614193188313,0.7099704722887883,-0.42327210949133587,0.8159321911476344,0.3209548641909361,77,qp_active,nuPI (rho=0),0.2741281773111477
-93.7280785674566,0.14701841271667115,0.02110491159581329,0.1445364667153334,0.709108554937095,-0.39477901354482015,0.7925730599400238,0.3165593217883573,80,qp_active,nuPI (rho=0),0.2662802260585961
-93.69477074154412,0.13852379701524908,0.019411846244608455,0.14028140695063687,0.7079185656040868,-0.36147118763233266,0.7630030437305455,0.3111106350812972,84,qp_active,nuPI (rho=0),0.256345608041915
-93.65929574800684,0.12853300773020004,0.017561617030242616,0.13460616082577204,0.7064409658125178,-0.32599619409505465,0.7284414333281755,0.304894513794671,89,qp_active,nuPI (rho=0),0.24473396755594057
-93.6348962750111,0.12103569579527029,0.016261699383179007,0.12988234074823954,0.7053142250429648,-0.30159672109931535,0.7025999822815787,0.30034566668092655,93,qp_active,nuPI (rho=0),0.2360520330136655
-93.61337134150534,0.11396620465677154,0.015097282460892814,0.1250692188897583,0.7042662636100737,-0.2800717875935561,0.6782674451034074,0.296133054654867,97,qp_active,nuPI (rho=0),0.22787704722639568
-93.5897806215872,0.10570749895918574,0.01380336920777836,0.11901082233754183,0.70309512656959,-0.25648106767540924,0.6498408604586348,0.29128952087964144,102,qp_active,nuPI (rho=0),0.21832658712640607
-93.56919359947968,0.0980591458681217,0.01266047060595099,0.11298556093260481,0.7021000816256534,-0.23589404556788907,0.6234726986142958,0.28686138438654774,107,qp_active,nuPI (rho=0),0.20946769391952422
-93.54766958602778,0.08963533016367231,0.011453759141055286,0.10589148201117032,0.701157436006734,-0.21437003211599404,0.607699926712527,0.2820247527747533,113,qp_active,nuPI (rho=0),0.2041685265873776
-93.53188816872175,0.08320046436759698,0.010562669382956358,0.10015051611056024,0.7005885772909759,-0.19858861480996381,0.6082687854282851,0.27834007181979875,118,qp_active,nuPI (rho=0),0.20435964565902373
-93.51506099017713,0.07612611110238188,0.009607958550390094,0.09351813453045296,0.7001672316282694,-0.18176143626534724,0.6086901310909916,0.2742762692358118,124,qp_active,nuPI (rho=0),0.2045012048716505
-93.50014594104667,0.0697011051980696,0.008758852137503936,0.08720350878955074,0.7000263135546667,-0.16684638713488198,0.6088310491645943,0.27054914317909096,130,qp_active,nuPI (rho=0),0.20454854901995842
-93.4868279682517,0.06386846179101502,0.007999161589040682,0.08123097162658505,0.7001568462827832,-0.1535284143399167,0.6087005164364778,0.2671098808987401,136,qp_active,nuPI (rho=0),0.20450469402903362
-93.47299053191367,0.0577417936402469,0.007208992817400173,0.07471072003103588,0.7006365916283714,-0.13969097800188024,0.6082207710908896,0.26340611839641603,143,qp_active,nuPI (rho=0),0.20434351431509853
-93.46070800365098,0.05227192245035006,0.006507312052143277,0.06867514673108352,0.7014488998406827,-0.12740844973919252,0.6074084628785783,0.2599823594938128,150,qp_active,nuPI (rho=0),0.20407060368346558
-93.44975564502792,0.04738877423863297,0.005881584847919896,0.0631153063671145,0.702571527657765,-0.11645609111613453,0.606285835061496,0.2567927489555715,157,qp_active,nuPI (rho=0),0.20369343518756067
-93.43864200820012,0.042445792059191856,0.005246663872632951,0.05732137101286227,0.7042057189846755,-0.10534245428833344,0.6046516437345855,0.25338593809957793,165,qp_active,nuPI (rho=0),0.20314439705095572
-93.42882462783062,0.038102958448653634,0.004685744170455308,0.05209206574549566,0.7061830946703772,-0.0955250739188358,0.6026742680488838,0.25018967387760044,173,qp_active,nuPI (rho=0),0.20248005950126502
-93.41911850254606,0.03384290714369165,0.004130950810932177,0.04683512375455876,0.7087788327801771,-0.08581894863426953,0.600078529939084,0.24679984533707708,182,qp_active,nuPI (rho=0),0.20160797115307072
-93.41063893425566,0.030157214899501295,0.003645843402157567,0.042184170755686215,0.7117272577231355,-0.07733938034387222,0.5971301049961255,0.24358825921656235,191,qp_active,nuPI (rho=0),0.20061739085201027
-93.40322079871571,0.02696658560532894,0.0032208931610071545,0.038080072065730594,0.7149895400600471,-0.06992124480392192,0.5938678226592139,0.24052237034366322,200,qp_active,nuPI (rho=0),0.19952136409807855
-93.39605442481313,0.023919242460112233,0.002809599766223414,0.03409200798757373,0.7189391536241944,-0.0627548709013439,0.5899182090950666,0.23725595923182038,210,qp_active,nuPI (rho=0),0.19819441514426878
-93.38986445333735,0.021318725222253754,0.0024534993675722205,0.030635293770455204,0.7231878818931523,-0.05656489942556675,0.5856694808261087,0.23411114300300506,220,qp_active,nuPI (rho=0),0.1967669728287234
-93.38401940839744,0.018893509637734063,0.0021162957469691435,0.027366699757569533,0.7281593435702711,-0.05071985448564931,0.5806980191489899,0.23076781852002579,231,qp_active,nuPI (rho=0),0.19509671426691333
-93.37903402984145,0.0168510514465261,0.0018277858401845037,0.024579949236107426,0.7333968806949202,-0.045734475929663176,0.5754604820243409,0.2275259623884821,242,qp_active,nuPI (rho=0),0.19333706251992186
-93.37442224365851,0.014985429035399012,0.0015600291280151168,0.0220070150053706,0.7393646773762919,-0.041122689746728724,0.5694926853429692,0.2240869031475076,254,qp_active,nuPI (rho=0),0.19133206597170754
-93.37023948969212,0.013315272138708867,0.0013163952569144044,0.01968127743723155,0.7460751053303,-0.03693993578033883,0.562782257388961,0.22045926777593994,267,qp_active,nuPI (rho=0),0.18907756810538034
-93.3667564103501,0.011942039974282448,0.0011129613851821318,0.019572082027060827,0.7529891665460738,-0.033456856438320415,0.5558681961731872,0.21691997763911955,280,qp_active,nuPI (rho=0),0.18675465571209443
-93.36384922674902,0.010809196936955257,0.0009428724153508483,0.019888774410205957,0.760061237915895,-0.030549672837238973,0.548796124803366,0.21345880767928513,293,qp_active,nuPI (rho=0),0.1843786567559843
-93.36107848647222,0.010682961732735308,0.0007807247372326742,0.020070481246051153,0.7683667508246587,-0.027778932560437397,0.5404906118946023,0.20955248384898548,308,qp_active,nuPI (rho=0),0.18158825929401967
-93.35881312350664,0.010793033704420196,0.0006484235911372593,0.020102752077680024,0.776779590013401,-0.025513569594849628,0.53207777270586,0.20573172166732787,323,qp_active,nuPI (rho=0),0.17876180349555681
-93.35684046855935,0.010855548998150333,0.0005338304334330246,0.020015324147365576,0.785823658446134,-0.02354091464756891,0.523033704273127,0.20174361490493933,339,qp_active,nuPI (rho=0),0.17572327404195692
-93.35523128081147,0.010871309502945792,0.00044125475645628853,0.019836256111125605,0.7948985155066564,-0.02193172689968037,0.5139588472126047,0.19784028343953539,355,qp_active,nuPI (rho=0),0.17267440055424566
-93.35376120647166,0.01084366077066079,0.0003580197505641536,0.019557574513094342,0.8051010025302492,-0.020461652559873755,0.5037563601890118,0.19354517704977336,373,qp_active,nuPI (rho=0),0.16924667800308074
-93.35257103098984,0.01077751389643744,0.0003253008547368097,0.019223175747243058,0.8152577005693683,-0.01927147707804977,0.4935996621498927,0.189347451875295,391,qp_active,nuPI (rho=0),0.16583433914554982
-93.3515476375868,0.010674882165380595,0.0003301957081260909,0.018831290876774303,0.8258937333289258,-0.018248083675018734,0.4829636293903352,0.18501812812836407,410,qp_active,nuPI (rho=0),0.16226095853153308
-93.35066723872941,0.010538750115688167,0.00033268044103262895,0.018393048673874177,0.8369637921832435,-0.017367684817628515,0.47189357053601755,0.1805698591447993,430,qp_active,nuPI (rho=0),0.15854175846885024
-93.34990649609632,0.010372497926224966,0.0003329667369547096,0.01791848885201953,0.8484206017588024,-0.016606942184537843,0.4604367609604586,0.17601560380234704,451,qp_active,nuPI (rho=0),0.15469262203224088
-93.34924356932146,0.01017971146512231,0.00033129187980840413,0.01741636431005889,0.860215924769464,-0.01594401540967283,0.44864143794979705,0.17136853351990333,473,qp_active,nuPI (rho=0),0.15072975546956613
-93.34863538925262,0.009954396474822325,0.0003277263778063144,0.016871542528273498,0.8728209534631363,-0.015335835340835047,0.43603640925612475,0.16643942472119208,497,qp_active,nuPI (rho=0),0.14649485264523832
-93.34811471667417,0.009719019003894047,0.00032282754614776366,0.016335745665640732,0.8851366670717464,-0.014815162762388923,0.4237206956475146,0.16165244624222486,521,qp_active,nuPI (rho=0),0.14235715081113634
-93.34763975774311,0.009467790321139091,0.0003167154726577692,0.015791114683742766,0.8976475449201764,-0.014340203831324061,0.4112098177990846,0.15681255450953663,546,qp_active,nuPI (rho=0),0.13815387978155644
-93.34718261291505,0.009193625247958082,0.0003093250070183018,0.015220880025819542,0.9107886848422677,-0.013883059003262588,0.3980686778769933,0.1517482151630258,573,qp_active,nuPI (rho=0),0.13373886003639007
-93.34675258190566,0.008909602743216283,0.0003011090876610112,0.014650552219200898,0.9240083359604124,-0.013453027993875821,0.3848490267588486,0.1466690498346087,601,qp_active,nuPI (rho=0),0.12929746293866168
-93.3463275596592,0.008608501587611173,0.0002919561714964658,0.01406365081494994,0.9377139032139555,-0.01302800574741525,0.3711434595053055,0.14141561329465824,631,qp_active,nuPI (rho=0),0.12469281293098802
-93.345929412488,0.008312811884688465,0.0002826484350206826,0.013501441720219444,0.9509521861813248,-0.012629858576218567,0.3579051765379362,0.1363503517344192,661,qp_active,nuPI (rho=0),0.12024515610368493
-93.34551439024261,0.007995463928297752,0.0002724057777250266,0.012910663915474203,0.9649862075810032,-0.012214836330826984,0.34387115513825783,0.13098785933454068,694,qp_active,nuPI (rho=0),0.11553015558234458
-93.34510595171969,0.007678323206079085,0.0002619816267337427,0.012331017710092597,0.9788826051049344,-0.011806397807902158,0.3299747576143266,0.12568335596149044,728,qp_active,nuPI (rho=0),0.11086139245992337
-93.34470158761455,0.007362975457807508,0.0002514834328666282,0.01176358282537379,0.9926101742090013,-0.01140203370276538,0.3162471885102597,0.12044712310551396,763,qp_active,nuPI (rho=0),0.10624935050565538
-93.34427790762189,0.007033730005926664,0.00024042257137946166,0.011179286701245628,1.0068751804990028,-0.010978353710100919,0.3019821822202582,0.11500876934903341,801,qp_active,nuPI (rho=0),0.10145674614951396
-93.3438575532538,0.006710069737993152,0.00022947974426124063,0.010612014063296416,1.0208513839083944,-0.010557999342012181,0.28800597881086665,0.10968252086967523,840,qp_active,nuPI (rho=0),0.09676117069862074
-93.34343001638659,0.006385135861614266,0.0002184461151832906,0.010048870118529556,1.034850583657936,-0.010130462474805313,0.274006779061325,0.1043488811989333,881,qp_active,nuPI (rho=0),0.09205786918313713
-93.34299651684746,0.00606075453311572,0.00020739885551979143,0.009492519172032783,1.0488043303638368,-0.009696962935677789,0.2600530323554242,0.09903348908505491,924,qp_active,nuPI (rho=0),0.08736983849547683
-93.34255857475269,0.005738597067403539,0.00019640595939929284,0.008945388028473127,1.062648166849695,-0.009259020840900689,0.24620919586956602,0.0937605778533845,969,qp_active,nuPI (rho=0),0.08271873426888161
-93.34210873498716,0.005413602934670081,0.00018530216239742714,0.008398641131279229,1.076604517699027,-0.008809181075378092,0.2322528450202339,0.08844521548575489,1017,qp_active,nuPI (rho=0),0.07802982866894304
-93.34165881323163,0.005094491563028214,0.00017439053691070683,0.00786670424426714,1.0903023856646465,-0.008359259319846046,0.21855497705461446,0.08322855013641672,1067,qp_active,nuPI (rho=0),0.07342776538573989
-93.3412107828637,0.004782475004574849,0.00016371622244815143,0.007351192896665682,1.1036922019153892,-0.007911228951911653,0.20516516080387182,0.07812935354224007,1119,qp_active,nuPI (rho=0),0.06892919802540011
-93.34075859933073,0.004473180857528902,0.00015313188314625137,0.006844599237761606,1.1169630954076333,-0.007459045418940491,0.19189426731162773,0.07307553607070015,1174,qp_active,nuPI (rho=0),0.06447058506247437
-93.34031303048909,0.00417370324755062,0.00014288167819653808,0.006358236439375838,1.1298116010958579,-0.007013476577299116,0.17904576162340313,0.06818262342167371,1231,qp_active,nuPI (rho=0),0.06015388143967585
-93.33986873443496,0.0038800835094354724,0.00013283096733029964,0.005885329277188791,1.142408122715737,-0.0065691805231722356,0.166449240003524,0.06338569883969646,1291,qp_active,nuPI (rho=0),0.05592183673108176
-93.33942192064232,0.0035896123676479874,0.00012288747826350033,0.005421319908037396,1.1548691995781526,-0.00612236673053701,0.15398816314110841,0.058640369268348924,1355,qp_active,nuPI (rho=0),0.051735297304535195
-93.33898938694652,0.0033128169271332553,0.00011341185533364495,0.004982690399653251,1.1667434073443894,-0.00568983303473658,0.1421139553748716,0.05411853467644467,1421,qp_active,nuPI (rho=0),0.04774592788476265
-93.33856656597214,0.0030462316715720306,0.00010428561998487851,0.004563496793809536,1.178179516828591,-0.005267012060357956,0.1306778458906701,0.04976353694512888,1490,qp_active,nuPI (rho=0),0.04390374604361546
-93.33815035257706,0.0027875079765538047,9.542844694365726e-05,0.004159718090253283,1.189278331493056,-0.0048507986652737145,0.11957903122620506,0.04553698679842397,1563,qp_active,nuPI (rho=0),0.04017488491116685
-93.33774412137959,0.0025383825485469913,8.689982945941921e-05,0.0037737599269148134,1.1999653750701906,-0.004444567467800198,0.10889198764907038,0.04146724451435027,1640,qp_active,nuPI (rho=0),0.03658436622783836
-93.33735555369637,0.0023031056988891407,7.884529312818245e-05,0.003411815374762148,1.210058329515247,-0.004055999784583264,0.09879903320401406,0.03762373823128538,1720,qp_active,nuPI (rho=0),0.03319344326178135
-93.33698182914301,0.0020794979092864097,7.119023274526626e-05,0.003070125686058912,1.2196506982322544,-0.0036822752312275497,0.08920666448700665,0.03397086058337733,1804,qp_active,nuPI (rho=0),0.029970701738627092
-93.33662520606006,0.0018684906837878046,6.396654162443838e-05,0.002749749207976545,1.2287025239667717,-0.0033256521482769585,0.0801548387524893,0.030523827613707342,1892,qp_active,nuPI (rho=0),0.026929566069679813
-93.33628402980881,0.0016687188821222776,5.7127486747354794e-05,0.002448273747840719,1.237272369838974,-0.002984475897022776,0.07158499288028697,0.027260337806936773,1985,qp_active,nuPI (rho=0),0.024050360843716104
-93.33596389406505,0.0014830754996655315,5.077210856097025e-05,0.002169725538404393,1.2452361320654723,-0.002664340153259559,0.06362123065378866,0.024227651204315265,2082,qp_active,nuPI (rho=0),0.021374781123520533
-93.3356629191369,0.001310096052564269,4.485027168588118e-05,0.0019115713720912009,1.2502483272551894,-0.0023633652251078274,0.05620072821877797,0.021401843796805778,2184,qp_active,nuPI (rho=0),0.01888172002198305
-93.33538254850245,0.001150277999414584,3.9379006374851144e-05,0.0016742531159141434,1.2526379148426572,-0.002082994590665521,0.04934482557981834,0.018791042085823384,2291,qp_active,nuPI (rho=0),0.016578347125765704
-93.33512370573702,0.0010038348907723815,3.436562343139826e-05,0.0014578024152445434,1.2548275212567155,-0.001824151825232434,0.04306268364486088,0.01639873464307617,2403,qp_active,nuPI (rho=0),0.01446774021881476
-93.33488493656074,0.0008696680540873913,2.9772510533376817e-05,0.0012603417817948395,1.2568335737693097,-0.0015853826489546918,0.037307171361164126,0.014206973454774946,2521,qp_active,nuPI (rho=0),0.012534064713742998
-93.3346686237567,0.0007488667458881437,2.563695765989138e-05,0.0010832432921046688,1.2586397858989193,-0.0013690698449124739,0.03212501584253813,0.012233552710027048,2644,qp_active,nuPI (rho=0),0.010793019486852554
-93.33447288794535,0.0006401582278785511,2.1915393456417576e-05,0.0009244332474405074,1.2602651875335364,-0.0011733340335666753,0.027461618939867538,0.010457680844428871,2773,qp_active,nuPI (rho=0),0.00922626123552106
-93.33429634675387,0.000542592560566213,1.8575297378475852e-05,0.000782353310281232,1.261723982097534,-0.000996792842087757,0.023276229983387964,0.008863839563165861,2909,qp_active,nuPI (rho=0),0.00782009898524363
-93.33413998141317,0.0004565539404701724,1.562982213343389e-05,0.0006574142191937512,1.2630104251132548,-0.000840427501387353,0.019585330302226645,0.007458305134226693,3051,qp_active,nuPI (rho=0),0.006580069956836321
-93.33400112006947,0.00038043987711766647,1.3024107525794193e-05,0.0005471638940457739,1.2641484768984912,-0.000701566157687239,0.016320175981401563,0.006214899132935493,3201,qp_active,nuPI (rho=0),0.005483078304443672
-93.33388080260613,0.00031471085833878476,1.0773918049267195e-05,0.00045216545868390697,1.2651312522735998,-0.0005812486943455042,0.013500521107991492,0.00514114412882887,3357,qp_active,nuPI (rho=0),0.004535760795120718
-93.33377635851889,0.0002578179191186081,8.826225908364904e-06,0.00037009444257390153,1.2659819112476824,-0.00047680460710353145,0.011059917911542705,0.004211736093845913,3521,qp_active,nuPI (rho=0),0.0037157930171105823
-93.33368635252783,0.00020891138412171273,7.151943038685715e-06,0.0002996603743089977,1.2667131581028954,-0.00038679861604862253,0.008961916871642828,0.003412794657268479,3694,qp_active,nuPI (rho=0),0.0030109290500991573
-93.33361062038765,0.0001678474822597309,5.746147522245337e-06,0.00024060401618324987,1.2673271424937427,-0.0003110664758594339,0.007200350471328054,0.002741971162080808,3874,qp_active,nuPI (rho=0),0.002419096797652246
-93.3335466555366,0.00013322543644189722,4.560884685922417e-06,0.00019087088089079625,1.2678448087345935,-0.00024710162480801046,0.005715127931379627,0.002176382391085839,4064,qp_active,nuPI (rho=0),0.0019201076019877896
-93.33349368042012,0.00010459408099361411,3.580709172723573e-06,0.00014978377586922982,1.2682729026208768,-0.00019412650833317002,0.004486895068296359,0.0017086580623458638,4263,qp_active,nuPI (rho=0),0.0015074590513807853
-93.33345038415737,8.122219114703455e-05,2.7805879829756464e-06,0.00011627148987802257,1.268622357370656,-0.00015083024558748548,0.003484283674883848,0.0013268528240510773,4471,qp_active,nuPI (rho=0),0.0011706123908255925
-93.333415175577,6.223487903245228e-05,2.1305699142715184e-06,8.90641783639263e-05,1.26890625424198,-0.00011562166521628114,0.0026697626591476453,0.0010166744313530947,4690,qp_active,nuPI (rho=0),0.0008969583251472486
-93.3333871068157,4.7109944643963786e-05,1.6127777922037012e-06,6.74029288901505e-05,1.2691324011302711,-8.755290392059578e-05,0.0020209305945404488,0.0007695921792779824,4919,qp_active,nuPI (rho=0),0.0006789706624695088
-93.33336488704624,3.514429640461003e-05,1.2031417409019696e-06,5.027354290537044e-05,1.2693113106082214,-6.533313445800104e-05,0.0015076261363906607,0.0005741203022882887,5160,qp_active,nuPI (rho=0),0.000506516116558809
-93.333347597242,2.5838103122843847e-05,8.845503662868737e-07,3.69557348152801e-05,1.2694504561144657,-4.804333021013463e-05,0.001108407439288861,0.0004220935142622979,5413,qp_active,nuPI (rho=0),0.0003723908853540923
-93.33333441187052,1.8743813602561943e-05,6.416820603760698e-07,2.6805926092402463e-05,1.269556529401041,-3.485795873814368e-05,0.0008040753741955786,0.0003062005796746629,5677,qp_active,nuPI (rho=0),0.0002701446506712595
-93.33332441733387,1.3367885605575225e-05,4.5764072176268655e-07,1.9116084113980376e-05,1.2696369098745666,-2.4863422083853948e-05,0.0005734578804688084,0.00021837894935422411,5955,qp_active,nuPI (rho=0),0.00019266424985208677
-93.3333170097734,9.384323244709947e-06,3.212660990570271e-07,1.3418748519725082e-05,1.2696964718011896,-1.745586160950552e-05,0.000402570329839147,0.00015330312594094212,6246,qp_active,nuPI (rho=0),0.0001352512769512548
-93.33331158736584,6.46878311894028e-06,2.2145451250565884e-07,9.249361818368961e-06,1.269740064739184,-1.2033454055426773e-05,0.00027749898273765616,0.00010567460725699492,6552,qp_active,nuPI (rho=0),9.323114245140403e-05
-93.33330769927385,4.378462318044285e-06,1.4989376229124218e-07,6.260320137490507e-06,1.2697713190595497,-8.145362059508443e-06,0.0001878280376110819,7.152694366844529e-05,6873,qp_active,nuPI (rho=0),6.310445666549169e-05
-93.3333049677293,2.910047217419276e-06,9.962354141634933e-08,4.160686082191487e-06,1.2697932746923486,-5.413817518729047e-06,0.00012483571139987326,4.753878606571211e-05,7209,qp_active,nuPI (rho=0),4.1940968135176554e-05
-93.33330308284627,1.8968361095161868e-06,6.493693049947069e-08,2.711988317500526e-06,1.269808424149097,-3.528934485075297e-06,8.13708051412565e-05,3.098688071085612e-05,7561,qp_active,nuPI (rho=0),2.733809346134398e-05
-93.3333018043939,1.2096364185865127e-06,4.141110299116235e-08,1.7294506499789864e-06,1.2698186991074973,-2.250482111776364e-06,5.189119336068693e-05,1.9760726415250072e-05,7931,qp_active,nuPI (rho=0),1.743384855849081e-05
-93.33330095801963,7.547014284625675e-07,2.583670521971726e-08,1.079009801406479e-06,1.2698255012614776,-1.4041078486570768e-06,3.2375313022248164e-05,1.2328868576784857e-05,8319,qp_active,nuPI (rho=0),1.0877111658241853e-05
-93.33330040994572,4.601111109892031e-07,1.5751597359781044e-08,6.578258431518898e-07,1.2698299059538627,-8.560339352925439e-07,1.97379264268438e-05,7.516415385002641e-06,8726,qp_active,nuPI (rho=0),6.6313375719149815e-06
-93.33330006326568,2.737722741841253e-07,9.372413956043602e-09,3.9141404255666527e-07,1.269832692078235,-5.09353895949971e-07,1.1744330574714468e-05,4.472367821503733e-06,9153,qp_active,nuPI (rho=0),3.945734669026601e-06
-93.3332998493445,1.5879153814069014e-07,5.436124439484047e-09,2.2702490710082354e-07,1.2698344112615965,-2.9543271296006424e-07,6.811866996914162e-06,2.5940324622042593e-06,9601,qp_active,nuPI (rho=0),2.2885782718335813e-06
-93.3332997207442,8.967024545114555e-08,3.0698039665821852e-09,1.2820177475031065e-07,1.269835444757995,-1.6683240744441719e-07,3.846689774045231e-06,1.4648609770520948e-06,10071,qp_active,nuPI (rho=0),1.2923697188087184e-06
-93.33329964563623,4.930063024488618e-08,1.6877752528898782e-09,7.04851902119472e-08,1.2698360483614612,-9.172444492833165e-08,2.114907010186684e-06,8.053794121798022e-07,10563,qp_active,nuPI (rho=0),7.105438542259252e-07
-93.33329960283203,2.6293934141108366e-08,9.001546175113617e-10,3.759246628461517e-08,1.2698363923558582,-4.892024207947543e-08,1.1279617702086853e-06,4.2954001396762764e-07,11080,qp_active,nuPI (rho=0),3.789605404697348e-07
-93.33329957922172,1.360371904013391e-08,4.657128016560819e-10,1.9449249038024365e-08,1.2698365820990039,-2.5309930151706794e-08,5.835747227678212e-07,2.2223155175355845e-07,11622,qp_active,nuPI (rho=0),1.9606319840401476e-07
-93.33329956658353,6.810871866491652e-09,2.331681514533557e-10,9.737505422897903e-09,1.269836683665163,-1.267174809527205e-08,2.9217393970881744e-07,1.1126298872123644e-07,12191,qp_active,nuPI (rho=0),9.816147765605595e-08
-93.33329956005116,3.2998226373592843e-09,1.1296563684481953e-10,4.717757740708682e-09,1.2698367361621026,-6.13937345406157e-09,1.4155635752466367e-07,5.390618815605872e-08,12787,qp_active,nuPI (rho=0),4.7558592118373633e-08
-93.33329955677976,1.5414780563105523e-09,5.276845627122384e-11,2.203851396724366e-09,1.2698367624527398,-2.8679778552032076e-09,6.612658376425884e-08,2.5181716346822596e-08,13413,qp_active,nuPI (rho=0),2.2216502885629237e-08
0.0,2.241823973099074,38.65452987772163,0.0,0.0,93.33329955391179,1.9764623219360447,1.0,0,qp_active,nuPI (rho=1),12.986735828249534
-54.21278631418306,1.8901894232709293,22.72667792221165,0.2036868157199182,0.0,39.12051323972872,1.9764623219360447,0.960446753433705,1,qp_active,nuPI (rho=1),7.6354663570641295
-76.2003083525496,1.58837256951723,16.651658796187213,0.31519064685911846,0.0,17.132991201362188,1.9764623219360447,0.937212130234127,2,qp_active,nuPI (rho=1),5.594446357834665
-86.60880384861561,1.3013878795360756,12.534004154835634,0.34573827084142705,0.0,6.724495705296178,1.9764623219360447,0.9208601241002269,3,qp_active,nuPI (rho=1),4.211040758843831
-91.83151524558916,1.06406225575196,9.487873967116924,0.3390140755699869,0.0,1.5017843083226268,1.9635612412007264,0.9062070981250405,4,qp_active,nuPI (rho=1),3.187634493873089
-94.48851609426613,0.8740623724495036,7.263096002056415,0.31617013767769825,0.0,-1.1552165403543455,1.9296554880871477,0.8905707981354759,5,qp_active,nuPI (rho=1),2.440177370473859
-95.6783172107312,0.7407764789761089,5.924951273616742,0.28198204736461935,0.01145180758397658,-2.345017656819408,1.8808284604862684,0.8729801371343381,6,qp_active,nuPI (rho=1),1.9906018060268433
-96.20525696251805,0.8765262857760607,5.076766614775412,0.25109047831692954,0.028900695133525993,-2.8719574086062636,1.8292146834896932,0.8558699697652675,7,qp_active,nuPI (rho=1),1.7056377893180321
-96.41297358091846,0.9387448835043761,4.522564507487338,0.2405744543639843,0.04932158988593419,-3.079674027006675,1.7762264459980643,0.8391382235885722,8,qp_active,nuPI (rho=1),1.5194428883432427
-96.48186691991832,0.9630406760459254,4.1399828737143345,0.24318317873276077,0.06965611429271623,-3.1485673660065316,1.7239463225794776,0.8230095345244589,9,qp_active,nuPI (rho=1),1.3909071998672156
-96.4868127947575,0.9668803480519657,3.8619919089061305,0.29399463685688204,0.08981202537937795,-3.1535132408457116,1.6723971524978496,0.80735707443107,10,qp_active,nuPI (rho=1),1.2975107665378045
-96.46111066910757,0.9593493823795383,3.649998936515903,0.3403175042023077,0.10962320729413895,-3.127811115195783,1.62172450644051,0.7921461603989335,11,qp_active,nuPI (rho=1),1.2262876333478179
-96.42040980168602,0.9454488235715388,3.480638354661753,0.38235761354251346,0.12897142186141772,-3.087110247774234,1.5720431677631992,0.7773615831963594,12,qp_active,nuPI (rho=1),1.1693876750967123
-96.37237841569953,0.9280108694127014,3.3394184555758457,0.4204259863000221,0.1477915412630318,-3.0390788617877433,1.523422384412369,0.7629915917204595,13,qp_active,nuPI (rho=1),1.1219421226886943
-96.32088685565745,0.9086667269557553,3.217221200993638,0.45484631952061993,0.16605473133258228,-2.9875873017456627,1.475897806886109,0.7490250897675393,14,qp_active,nuPI (rho=1),1.0808875950766248
-96.26792777659281,0.8883680742948963,3.108242244493402,0.4859188353472522,0.18375409188815223,-2.9346282226810274,1.4315456962748256,0.7354512902721757,15,qp_active,nuPI (rho=1),1.044274009983651
-96.21453998271082,0.8676767132220071,3.0087435477508304,0.5139111447193413,0.2008952337427545,-2.881240428799032,1.4232043458673336,0.7222597129330912,16,qp_active,nuPI (rho=1),1.010845501243835
-96.16126885693998,0.8469280445538789,2.9162874267945806,0.5390598818795599,0.21749054650129834,-2.8279693030281976,1.4147149791400235,0.7094401815194038,17,qp_active,nuPI (rho=1),0.9797830818492191
-96.10840175094013,0.8263243362625081,2.8292618824957003,0.5615755116638307,0.23355581984951204,-2.775102197028346,1.4061044247452534,0.696982798128259,18,qp_active,nuPI (rho=1),0.9505451695606892
-96.05609044504415,0.8059884631805811,2.746584098673969,0.5816472489008484,0.24910829379380817,-2.7227908911323624,1.397395097695719,0.6848779107387767,19,qp_active,nuPI (rho=1),0.9227679713706065
-96.00441553895975,0.7859952017423524,2.6675137666065982,0.5994471160358016,0.26416556024834686,-2.6711159850479618,1.388605601299616,0.6731160848696236,20,qp_active,nuPI (rho=1),0.8962027662663338
-95.95342045779896,0.7663896769647796,2.59153458830893,0.6151330132228289,0.2787449664331386,-2.6201209038871696,1.3797513574131557,0.6616880829551429,21,qp_active,nuPI (rho=1),0.8706760939689174
-95.90312937614365,0.7471983896634571,2.518278407552833,0.6288509596211926,0.29286331087764184,-2.569829822231867,1.37084518922581,0.6505848512524847,22,qp_active,nuPI (rho=1),0.8460642652834975
-95.85355657982404,0.7284359144789816,2.4474761924151736,0.6407367179945599,0.30653670742945294,-2.520257025912258,1.3618978262236512,0.639797512686064,23,qp_active,nuPI (rho=1),0.8222768937398168
-95.80471126790623,0.7101090416886002,2.3789260644038315,0.6509169873440083,0.3197805433868302,-2.471411713994442,1.3529183248836383,0.6293173638175705,24,qp_active,nuPI (rho=1),0.799246154359668
-95.75659994144576,0.6922193888441281,2.312472238523755,0.6595103024283716,0.33260948824239134,-2.4233003875339705,1.3439144102853826,0.619135874384238,25,qp_active,nuPI (rho=1),0.7769197081653645
-95.70922753344367,0.674765082105683,2.247991007258488,0.6666277370993023,0.34503752769667406,-2.3759279795318804,1.334892748679434,0.6092446882272935,26,qp_active,nuPI (rho=1),0.755255993227651
-95.61671399763026,0.6411438273232157,2.124558337568649,0.6768452986773957,0.3687436857437629,-2.2834144437184705,1.3168187973007064,0.5903006806555913,28,qp_active,nuPI (rho=1),0.7137864040512116
-95.57157793208322,0.6249639438044641,2.065449094981565,0.6801349976511227,0.3800467693814315,-2.2382783781714295,1.3077762540477964,0.5812320307989519,29,qp_active,nuPI (rho=1),0.6939275124564958
-95.48355339359185,0.5938268731953738,1.952121553676923,0.683507492282063,0.4016115185497139,-2.1502538396800617,1.289700888791605,0.5638632100894789,31,qp_active,nuPI (rho=1),0.6558529363164128
-95.44066475395596,0.5788526892630044,1.89779313562412,0.6837471671909282,0.41189523757356244,-2.107365200044171,1.2806753383699157,0.555548285761697,32,qp_active,nuPI (rho=1),0.6376002550536899
-95.3571277065994,0.5500487823346543,1.7935635538232724,0.6816901626202095,0.4315174411905542,-2.0238281526876136,1.2626646531279557,0.5396218646490146,34,qp_active,nuPI (rho=1),0.6025823141133015
-95.31647393083406,0.5362010934432782,1.7435743107091568,0.6795231873783509,0.4408756433418224,-1.9831743769222783,1.2536853226825013,0.5319966806785767,35,qp_active,nuPI (rho=1),0.5857874624715713
-95.23737651921994,0.509569457126398,1.6476437624411169,0.6732070102230021,0.4587330170278307,-1.9040769653081497,1.2357918644347983,0.5173894531304051,37,qp_active,nuPI (rho=1),0.5535577421216622
-95.1611918481662,0.48429740113636566,1.5568601503131596,0.664599067923323,0.47550377200384836,-1.8278922942544114,1.218001166322664,0.5035978502161219,39,qp_active,nuPI (rho=1),0.5230572343682475
-95.0878703870219,0.46031626479356014,1.4709426486559813,0.6540758288441881,0.4912544544099241,-1.7545708331101082,1.2003304278107476,0.49057391602046474,41,qp_active,nuPI (rho=1),0.4941915904042771
-95.01735434425983,0.43755991565523633,1.3896290940975362,0.6419676176953867,0.506047427953149,-1.6840547903480427,1.1827950534365552,0.4782722618795967,43,qp_active,nuPI (rho=1),0.4668727313818808
-94.94957929457551,0.41596501500135563,1.312673288286792,0.6285638561346132,0.5199411984538422,-1.6162797406637281,1.1654088584949447,0.46664996895186467,45,qp_active,nuPI (rho=1),0.4410179422103222
-94.88447563393464,0.39547112877301327,1.2398431999116042,0.6141177159316181,0.5329906922543852,-1.5511760800228558,1.1481842260497483,0.4556664880316148,47,qp_active,nuPI (rho=1),0.4165492674891803
-94.79166737918051,0.3666696770231246,1.1378576841419044,0.590969729712209,0.5510939126295041,-1.4583678252687235,1.1226741091991341,0.4403058962170005,50,qp_active,nuPI (rho=1),0.3822852638704941
-94.73291461854566,0.3486829698874949,1.074408952264788,0.5748234216857088,0.5622516650233365,-1.3996150646338776,1.1058992528130078,0.43075668440719456,52,qp_active,nuPI (rho=1),0.3715482116681638
-94.64926744583873,0.3233980665874432,0.9855710647519338,0.5499228972811566,0.5777321599936748,-1.3159678919269453,1.0811054559566609,0.4173870091018706,55,qp_active,nuPI (rho=1),0.3632182567839307
-94.59637426905206,0.3076027193827571,0.9303092747877635,0.5330584351815617,0.587274699568133,-1.2630747151402772,1.064832189878382,0.40906527780974755,57,qp_active,nuPI (rho=1),0.35775093876738884
-94.52114235688852,0.2853912834387389,0.8529452831611373,0.5076359327625387,0.6005164651931647,-1.187842802976732,1.0408210481268558,0.39739872530176706,60,qp_active,nuPI (rho=1),0.3496839319806515
-94.45060269629029,0.2648349594224033,0.7817517868960877,0.48232480345116213,0.6125761151657719,-1.1173031423785034,1.0173029615817875,0.3866331133882702,63,qp_active,nuPI (rho=1),0.3417825766126551
-94.3844932739522,0.24580561566846715,0.7162442400355395,0.45736155253989547,0.6235615030666624,-1.0511937200404162,0.9942909805257912,0.37668757852790496,66,qp_active,nuPI (rho=1),0.33405125715787765
-94.30279942132634,0.22260586243138647,0.6369785764149007,0.42492797156096773,0.636706281939354,-0.9694998674145552,0.964412151185976,0.3645764046542032,70,qp_active,nuPI (rho=1),0.3240128874061045
-94.24605064650568,0.20669659370959348,0.5830607520246822,0.4014125098346403,0.6455525022867333,-0.9127510925938935,0.942614317975709,0.3562699196606891,73,qp_active,nuPI (rho=1),0.316689484368337
-94.1759704413897,0.18728643698559821,0.5178425991674835,0.3713133953679927,0.6561483221722513,-0.8426708874779081,0.9143724908638621,0.3461187943534166,77,qp_active,nuPI (rho=1),0.30720109712966465
-94.12731187095581,0.1739657721770076,0.4734973269468963,0.3497581105159476,0.663288020117208,-0.7940123170440216,0.8938090537007385,0.33913068854774836,80,qp_active,nuPI (rho=1),0.3002924132832157
-94.06723866991479,0.15770128363076807,0.41987993089659703,0.32244329145832756,0.6718527515111026,-0.7339391160030004,0.8672131404607141,0.3305580886150503,84,qp_active,nuPI (rho=1),0.2913570025965032
-93.99922082532285,0.13953525877131945,0.36079798769042526,0.2906354955370079,0.6812121074369653,-0.6659212714110652,0.8352790919241665,0.3209030321344157,89,qp_active,nuPI (rho=1),0.28062814226415533
-93.9499443854864,0.12654728317595598,0.3191726354811877,0.2670500173345425,0.6877663587414018,-0.616644831574618,0.8107666910819715,0.313923937391523,93,qp_active,nuPI (rho=1),0.27239272780533874
-93.90480920105307,0.11478458325383656,0.28199718898015114,0.24507969658443537,0.6936032312687116,-0.5715096471412835,0.7871579773306385,0.30752703054971264,97,qp_active,nuPI (rho=1),0.2644609244771593
-93.85366837695032,0.1062449935137999,0.2410841688802563,0.21980116170108505,0.7000276044557594,-0.5203688230385382,0.7588905558886714,0.3002526400517323,102,qp_active,nuPI (rho=1),0.25496393832899245
-93.80779919172613,0.10115694897468064,0.20560189134022266,0.19682118660054101,0.7056259986598816,-0.4744996378143469,0.7319677823378554,0.2936800301091935,107,qp_active,nuPI (rho=1),0.24591871260837792
-93.75891295362527,0.09527732618792806,0.18461140067470083,0.17206242889523723,0.7114378245287554,-0.4256133997134839,0.7013742381256822,0.2865906756528904,113,qp_active,nuPI (rho=1),0.23564022059230108
-93.72271124462526,0.09057623761874334,0.16974953209169286,0.15358867726446523,0.7156558338236944,-0.38941169071347304,0.677253501529324,0.28125710131816095,118,qp_active,nuPI (rho=1),0.2275363933008913
-93.68404577310493,0.08518098744347302,0.15375655309963676,0.13376969355959176,0.7201065724967928,-0.350746219193141,0.6498852899544132,0.2754486733951811,124,qp_active,nuPI (rho=1),0.21834151407355773
-93.6499539163639,0.08005775897793299,0.13952451049214787,0.11626053485786851,0.7240174981986441,-0.31665436245211254,0.6241569160724687,0.2701970486562224,130,qp_active,nuPI (rho=1),0.209697569988551
-93.61984620428532,0.07520632791127824,0.12682773367449407,0.10080876900875653,0.7275001158493519,-0.28654665037353766,0.5999831123027337,0.26542302527231765,136,qp_active,nuPI (rho=1),0.2015759137553852
-93.58836054568401,0.06982088218654603,0.11339545637869008,0.08491972519441619,0.7311652737803143,-0.2550609917722255,0.5776920889389467,0.2603689383778723,143,qp_active,nuPI (rho=1),0.194086813960805
-93.56061493036906,0.06480085788294554,0.10273384771639016,0.07947785256527098,0.7345847710161038,-0.22731537645726974,0.5742725917031573,0.2557863906236626,150,qp_active,nuPI (rho=1),0.1929379678253816
-93.5368831966872,0.060181890150913464,0.09427428613678046,0.07517855742728063,0.7378095702897827,-0.2035836427754134,0.5710477924294783,0.2516027911231762,157,qp_active,nuPI (rho=1),0.1918545342304348
-93.5139118142965,0.05533858810993042,0.08559929819441692,0.07045491997043316,0.7412867805950272,-0.18061226038472,0.5675705821242338,0.24723430932098567,165,qp_active,nuPI (rho=1),0.19068629827474404
-93.49449893827892,0.05090802126897964,0.07778123839329965,0.06593653759166988,0.7445838199346552,-0.1611993843671371,0.5642735427846058,0.24323677004422564,173,qp_active,nuPI (rho=1),0.18957859423450496
-93.47602119951667,0.04636654920415895,0.06984987866564296,0.0611072248149408,0.7481391314068933,-0.14272164560487965,0.5607182313123678,0.23910914891323062,182,qp_active,nuPI (rho=1),0.18838411868343347
-93.46037727077199,0.04225099441287972,0.0627137300857683,0.056557303721993774,0.7515964021506044,-0.12707771686019953,0.5572609605686566,0.2353067390549382,191,qp_active,nuPI (rho=1),0.18722258180852272
-93.44701149963532,0.038524076888159176,0.056279902205112364,0.05229487357063149,0.7550130802782925,-0.11371194572353716,0.5538442824409685,0.2317737011263658,200,qp_active,nuPI (rho=1),0.18607468280691006
-93.43433013064251,0.0347988223000546,0.04986456682852136,0.047899731265418424,0.7588161242729811,-0.10103057673072158,0.55004123844628,0.22810927433285488,210,qp_active,nuPI (rho=1),0.18479697673058557
-93.42351673996114,0.0314712229289289,0.044138317751912126,0.04386029985781509,0.7626689600809171,-0.09021718604935813,0.5461884026383439,0.22467177255816553,220,qp_active,nuPI (rho=1),0.1835025421329959
-93.41338541878419,0.028224368975168446,0.0385468742124182,0.03981591343663772,0.7669992195569424,-0.08008586487240166,0.5418581431623186,0.22110541425449382,231,qp_active,nuPI (rho=1),0.18204770783386437
-93.40351102775064,0.025381054994346286,0.033950477277567614,0.03619301435841278,0.7714112484302951,-0.07021147383885307,0.5374461142889659,0.21772394757273714,242,qp_active,nuPI (rho=1),0.18056540152652872
-93.39391809543409,0.02264401787841397,0.029844202610981085,0.03262851084056672,0.7762121699192879,-0.060618541522302394,0.5326451927999731,0.21420648624854705,254,qp_active,nuPI (rho=1),0.17895243923447793
-93.3860577718583,0.020061316467043344,0.02589904661111575,0.02919582788239802,0.7814955582078948,-0.05275821794651847,0.5273618045113662,0.2105600007728768,267,qp_active,nuPI (rho=1),0.17717738290345394
-93.3798211828002,0.01782621874813195,0.022579332922489925,0.026170759873518402,0.7869450679548875,-0.0465216288884136,0.5219122947643735,0.20705344921494,280,qp_active,nuPI (rho=1),0.17534651486026365
-93.37477568606015,0.015914047305434664,0.0205281157397863,0.023544553228908454,0.792607192710566,-0.04147613214836099,0.516250170008695,0.20366348351010186,293,qp_active,nuPI (rho=1),0.1734442146987768
-93.37016145720867,0.014056293668235575,0.01894942869205174,0.02095992461700396,0.7993785510798717,-0.03686190329688088,0.5094788116393894,0.1998745005679501,308,qp_active,nuPI (rho=1),0.1711692460827114
-93.36648018139687,0.012510080994812434,0.01756659058593968,0.018783644719722024,0.8063616977468483,-0.03318062748508055,0.5024956649724127,0.19619807529280248,323,qp_active,nuPI (rho=1),0.16882312309788072
-93.36330458937756,0.011142584329390193,0.01628370365870424,0.01683980261696526,0.8139917081762797,-0.03000503546577704,0.49486565454298126,0.19238437294191515,339,qp_active,nuPI (rho=1),0.16625967373949324
-93.3607122560924,0.01001235584507354,0.015174472978436881,0.016379248745121887,0.8217585151109729,-0.027412702180612314,0.48709884760828814,0.18866941374318946,355,qp_active,nuPI (rho=1),0.1636502649532798
-93.35832733772223,0.009456475767783523,0.014104606414111487,0.016493634000067432,0.8306042828582113,-0.025027783810443793,0.4782530798610497,0.18459642142448013,373,qp_active,nuPI (rho=1),0.16067835844465495
-93.35637730608863,0.00950053191327438,0.013193741280584703,0.016479728944204526,0.8395134723062495,-0.023077752176845934,0.4693438904130115,0.18062656111735642,391,qp_active,nuPI (rho=1),0.15768514419081442
-93.35468496141355,0.009501672420992868,0.012375154849882719,0.016366054064333297,0.8489384275276235,-0.021385407501767872,0.4599189351916375,0.17653999134560006,410,qp_active,nuPI (rho=1),0.15451864846469232
-93.35322032203769,0.009462567051325976,0.011643152189872552,0.016168504799960997,0.8588381094294697,-0.019920768125899713,0.4500192532897913,0.1723466129954353,430,qp_active,nuPI (rho=1),0.15119265914210384
-93.3519545716445,0.009386415929721892,0.011457972466530464,0.01590130796562823,0.8691682174158761,-0.018655017732712054,0.4396891453033849,0.16805689577830818,451,qp_active,nuPI (rho=1),0.14772205986380113
-93.35086025305313,0.00927672631910692,0.011596982469750827,0.01557721006624504,0.879882272705747,-0.01756069914134173,0.42897509001351397,0.16368179738495833,473,qp_active,nuPI (rho=1),0.14412246607391505
-93.34987413037436,0.009130612946327332,0.011625486460799195,0.015190973872527375,0.8914091124621871,-0.016574576462573987,0.4174482502570739,0.15904203600815628,497,qp_active,nuPI (rho=1),0.14024980164558037
-93.34905344030989,0.00896411574975886,0.01156041344520986,0.01478510583221194,0.9027389425958123,-0.015753886398101713,0.4061184201234487,0.15453592581590064,521,qp_active,nuPI (rho=1),0.13644332640477985
-93.348332023717,0.008775228368833154,0.011421980400337262,0.014352576378933009,0.9143081407885436,-0.015032469805220217,0.3945492219307174,0.14997915247204016,546,qp_active,nuPI (rho=1),0.13255643084172564
-93.34766839747567,0.008559229522583145,0.011216620139972378,0.013883279474993794,0.926516914263735,-0.014368843563886458,0.38234044845552606,0.14520958411330614,573,qp_active,nuPI (rho=1),0.12845465761072766
-93.34707509995465,0.008327090330104703,0.010963202240420244,0.01340112152989266,0.9388497421101203,-0.013775546042865017,0.3700076206091407,0.14042411391860526,601,qp_active,nuPI (rho=1),0.12431120591792631
-93.34651900170047,0.00807368871871983,0.010663507239579317,0.012894896469827704,0.9516828344241139,-0.013219447788685557,0.35717452829514706,0.13547207042628534,631,qp_active,nuPI (rho=1),0.11999968071587155
-93.34602400724665,0.007819006635555681,0.010347575277798171,0.012402798384729553,0.9641177316713324,-0.012724453334868713,0.3447396310479286,0.1306948680916273,661,qp_active,nuPI (rho=1),0.11582193683664443
-93.34553178954351,0.007540508496234111,0.009991884434995768,0.011880086059482542,0.9773366106790082,-0.012232235631728372,0.3315207520402528,0.1256344060884126,694,qp_active,nuPI (rho=1),0.11138079914433943
-93.34506736742482,0.007257888709772509,0.00962438951806277,0.011363099834215037,0.9904579816977466,-0.01176781351303191,0.31839938102151444,0.12062551114114559,728,qp_active,nuPI (rho=1),0.10697242114404158
-93.34462337375355,0.00697343110461901,0.009250627541199208,0.01085409603668387,1.003447228736001,-0.011323819841763338,0.30541013398326,0.11567783269405087,763,qp_active,nuPI (rho=1),0.10260843274663242
-93.34417136035974,0.006673497405868645,0.008854174425177774,0.010327739842697506,1.016970166085598,-0.010871806447951826,0.2918871966336629,0.11053557752654095,801,qp_active,nuPI (rho=1),0.09806514078223051
-93.34373306686177,0.006376303142171302,0.008460097550610612,0.009815085435989633,1.0302413303731277,-0.01043351294998729,0.2786160323461333,0.10549559553156222,840,qp_active,nuPI (rho=1),0.09360643684039886
-93.34329504078303,0.006076066845031036,0.008061413859250521,0.009304917877488203,1.043553921551706,-0.009995486871247294,0.265303441167555,0.10044473360187148,881,qp_active,nuPI (rho=1),0.08913381473446234
-93.34285678825952,0.005774843283649744,0.007661226948078692,0.008799900907241528,1.0568411284525203,-0.009557234347738586,0.2520162342667407,0.09540708095309365,924,qp_active,nuPI (rho=1),0.08466972096687464
-93.34241842441995,0.005474495888663888,0.0072622137892945915,0.008302401373041403,1.0700401091896499,-0.009118870508160626,0.23881725352961114,0.09040545580850896,969,qp_active,nuPI (rho=1),0.08023526848284512
-93.34197145657373,0.005170533102165642,0.006858500282065805,0.007804466922763025,1.0833621871053007,-0.008671902661944841,0.22549517561396026,0.08535905148946839,1017,qp_active,nuPI (rho=1),0.07575945912437641
-93.34152680646677,0.004871293621840245,0.006461189331204764,0.007319284489008931,1.096452627628155,-0.00822725255498824,0.21240473509110602,0.0804016797679697,1067,qp_active,nuPI (rho=1),0.07136147282151618
-93.34108572398608,0.00457807989882042,0.0060719989811026664,0.0068483815728667685,1.1092631168519451,-0.007786170074297161,0.1995942458673159,0.0755511831079531,1119,qp_active,nuPI (rho=1),0.06705754156413762
-93.34064177124962,0.00428689280568495,0.0056855982497356905,0.006384925386109094,1.121974175678688,-0.007342217337836132,0.18688318704057294,0.0707389056627287,1174,qp_active,nuPI (rho=1),0.06278701586889716
-93.34020515520355,0.004004492039715757,0.005310931069839597,0.0059392908122102885,1.1342947544769992,-0.006905601291762764,0.17456260824226177,0.06607482426346917,1231,qp_active,nuPI (rho=1),0.058647679480356145
-93.33977036123756,0.0037272059844850602,0.004943102191973026,0.005505300845231787,1.1463878248789026,-0.006470807325769101,0.16246953784035845,0.06149709788329352,1291,qp_active,nuPI (rho=1),0.05458477893134554
-93.33933348689949,0.003452503763028858,0.00457873693954447,0.005078777258696105,1.1583654647017179,-0.0060339329877052705,0.15049189801754315,0.056963211027658334,1355,qp_active,nuPI (rho=1),0.05056065951463328
-93.33891079580245,0.0031903703138675965,0.00423106550777419,0.004674901884390497,1.1697934742619776,-0.0056112418906622,0.13906388845728346,0.05263745963096575,1421,qp_active,nuPI (rho=1),0.04672119899936416
-93.33849769327142,0.0029375569468594875,0.003895769017077555,0.004288258459434716,1.1808142505870725,-0.005198139359634979,0.12804311213218855,0.04846590297630869,1490,qp_active,nuPI (rho=1),0.043018556354142826
-93.33809104563409,0.002691851671252188,0.0035699077433477555,0.003915172708965511,1.1915246486827225,-0.004791491722301089,0.11733271403653855,0.044411857193461315,1563,qp_active,nuPI (rho=1),0.039420191269284845
-93.33769406642536,0.0024549136437101993,0.003255678393600192,0.003557898696192709,1.2018525942005693,-0.004394512513570703,0.10700476851869167,0.040502590398632264,1640,qp_active,nuPI (rho=1),0.0359503185140574
-93.33731419492892,0.0022308053073176737,0.0029584663082005136,0.00322222347937081,1.2116211563707249,-0.004014641017136,0.09723620634853614,0.036805065489281294,1720,qp_active,nuPI (rho=1),0.03266838139758097
-93.33694862149727,0.0020174744608354445,0.002675548547998119,0.002904723375966443,1.2209198692018706,-0.0036490675854849997,0.08793749351739044,0.03328538841704746,1804,qp_active,nuPI (rho=1),0.029544299240512932
-93.33659951293936,0.0018158312766631823,0.002408131488008891,0.0026064389519051966,1.229709101604986,-0.0032999590275721857,0.07914826111427509,0.029958557841043405,1892,qp_active,nuPI (rho=1),0.026591386872585363
-93.33626521572998,0.0016245923372961713,0.002154512719101831,0.0023251795576186914,1.2380448163120115,-0.002965661818194576,0.07081254640724954,0.026803390082684207,1985,qp_active,nuPI (rho=1),0.02379084253322226
-93.33595119057887,0.001446553508960946,0.001918399908962698,0.0020647636686307686,1.245805157563745,-0.0026516366670819025,0.06305220515551602,0.023866008460798713,2082,qp_active,nuPI (rho=1),0.021183606018067652
-93.33565558776726,0.001280342417589786,0.0016979729484223327,0.0018228923130858556,1.2503889231537304,-0.0023560338554773352,0.05580741354356289,0.0211237686910018,2184,qp_active,nuPI (rho=1),0.018749578360952632
-93.33537982750386,0.0011264691544585759,0.0014939082765224043,0.0016000459613698527,1.2527261934785656,-0.00208027359207108,0.04910040322791409,0.018585085606568172,2291,qp_active,nuPI (rho=1),0.016496228716235406
-93.33512483490355,0.0009851764451127565,0.0013065277765704764,0.0013963261320653216,1.2548723703094231,-0.001825280991766931,0.04294175318077187,0.016253963425655524,2403,qp_active,nuPI (rho=1),0.01442711129393378
-93.33488920241899,0.0008554420464079726,0.0011344757568902963,0.001210035906560466,1.2568429812035096,-0.0015896485072062205,0.037286905616136456,0.014113536477550759,2521,qp_active,nuPI (rho=1),0.012527256045318635
-93.33467531950157,0.0007383609412237035,0.0009792043665726169,0.0010425432962055234,1.2586213938757167,-0.0013757655897848053,0.03218358837460844,0.012181870309103018,2644,qp_active,nuPI (rho=1),0.010812698060183935
-93.33448137806216,0.0006327449621625902,0.0008391378730365773,0.000891963730905356,1.2602256561044531,-0.0011818241503789295,0.027580011704854357,0.01043936188175935,2773,qp_active,nuPI (rho=1),0.009266037571379332
-93.33430605956691,0.0005377133843582627,0.0007131082704852076,0.000756889214472755,1.2616691457348124,-0.0010065056551269436,0.023437786659015858,0.008871480522029117,2909,qp_active,nuPI (rho=1),0.007874377070485042
-93.33415039951731,0.00045368545587187725,0.000601671559946837,0.0006377820312172972,1.2629454945671963,-0.0008508456055267288,0.01977518736549544,0.0074851432041716515,3051,qp_active,nuPI (rho=1),0.0066438561038570905
-93.33401180433115,0.0003791415198373116,0.0005028123928809691,0.0005323751432377284,1.2640777855497036,-0.0007122504193688428,0.016525975200858634,0.006255277822684823,3201,qp_active,nuPI (rho=1),0.005552220526718876
-93.333891384004,0.0003145789771110685,0.0004171904155985118,0.0004412774512552266,1.265058463373024,-0.0005918300922189701,0.013711830813660786,0.005190090760428873,3357,qp_active,nuPI (rho=1),0.004606754371660214
-93.33378654307361,0.00025852379627089306,0.0003428507874119191,0.0003623306452206711,1.265909917953515,-0.00048698916182843277,0.011268504298407978,0.004265262665343413,3521,qp_active,nuPI (rho=1),0.003785871642103758
-93.33369591216407,0.00021018133333150502,0.00027873966216063195,0.0002943559810839665,1.2666442195985035,-0.00039635825228856447,0.009161358808208231,0.0034676830796422386,3694,qp_active,nuPI (rho=1),0.0030779354204118433
-93.33361940178321,0.0001694532607841026,0.00022472663920147795,0.0002371668370114007,1.2672628618614672,-0.00031984787142391724,0.00738610845523846,0.002795729743898174,3874,qp_active,nuPI (rho=1),0.002481505779799072
-93.33355455399477,0.00013499224416690936,0.0001790249016728751,0.00018883404239795876,1.267786310185174,-0.0002550000829870669,0.00588402578637548,0.0022271736198466435,4064,qp_active,nuPI (rho=1),0.001976852098214435
-93.33350064940356,0.00010638747307378793,0.0001410896383244875,0.00014875406213515777,1.2682208046066916,-0.0002010954917750496,0.004637204446581444,0.001755236939507512,4263,qp_active,nuPI (rho=1),0.0015579583898663858
-93.33345642264906,8.294590677770941e-05,0.00011000174785813499,0.00011593510617394306,1.2685768721225898,-0.00015686873727815964,0.003615436259826632,0.001368485549599041,4471,qp_active,nuPI (rho=1),0.0012146756346221664
-93.33342031067917,6.382382588920876e-05,8.464230093530034e-05,8.918126665449314e-05,1.2688673284750098,-0.00012075676738732,0.002781945286084886,0.0010529993201880074,4690,qp_active,nuPI (rho=1),0.0009346482451944378
-93.33339139820141,4.8525923413755834e-05,6.435442807273262e-05,6.778931091307973e-05,1.26909969716848,-9.184428962782931e-05,0.002115142143463533,0.0008006064139036553,4919,qp_active,nuPI (rho=1),0.0007106228517912955
-93.33336840737462,3.636876066437367e-05,4.823176207224833e-05,5.079649311652848e-05,1.269284359348759,-6.885346283524996e-05,0.0015852371881350802,0.000600031096870367,5160,qp_active,nuPI (rho=1),0.0005325910482562266
-93.33335043274187,2.6868716096473122e-05,3.563293051911387e-05,3.752216701575859e-05,1.2694286610232848,-5.08788300805918e-05,0.001171150382283992,0.0004432943244970887,5413,qp_active,nuPI (rho=1),0.00039347058877675135
-93.33333665700434,1.9590645063516376e-05,2.5980850438145353e-05,2.7355239392363302e-05,1.2695392118559716,-3.710309255211541e-05,0.0008539146929369412,0.000323216849611813,5677,qp_active,nuPI (rho=1),0.000286889132324548
-93.3333261605789,1.4046719083893322e-05,1.8628570241929765e-05,1.9612329850459166e-05,1.2696234217559124,-2.6606667120177008e-05,0.0006122667106656099,0.00023175021929003532,5955,qp_active,nuPI (rho=1),0.00020570282585245697
-93.33331833847265,9.9161956539362e-06,1.3150725537869334e-05,1.384431407827002e-05,1.2696861626665807,-1.878456086501501e-05,0.00043222594966541017,0.0001636026536686152,6246,qp_active,nuPI (rho=1),0.00014521465515621515
-93.33331257974787,6.875747602386184e-06,9.118524150864005e-06,9.59899394925895e-06,1.2697323457915164,-1.3025836082647402e-05,0.0002996992638064633,0.00011343972961193953,6552,qp_active,nuPI (rho=1),0.00010068975561952466
-93.33330842560538,4.682733194982802e-06,6.210177890153545e-06,6.53717893618578e-06,1.2697656567564357,-8.871693594869612e-06,0.00020411041420853593,7.725821513391822e-05,6873,qp_active,nuPI (rho=1),6.857483553689737e-05
-93.33330548870822,3.132445696607533e-06,4.154207422502054e-06,4.3728443935028e-06,1.2697892049703945,-5.934796433848533e-06,0.00013653666820734323,5.168074998525209e-05,7209,qp_active,nuPI (rho=1),4.5872130549441236e-05
-93.33330344871433,2.0556664432902494e-06,2.7261972395109524e-06,2.869629550320014e-06,1.2698055607935856,-3.89480254625596e-06,8.960214298947555e-05,3.391547494699101e-05,7561,qp_active,nuPI (rho=1),3.010357037921236e-05
-93.33330205545096,1.3202838813342055e-06,1.7509427596706928e-06,1.8430432883387997e-06,1.269816730944891,-2.5015391713623103e-06,5.7548375836935506e-05,2.1782743512682214e-05,7931,qp_active,nuPI (rho=1),1.9334488265755394e-05
-93.33330112634556,8.299034588432619e-07,1.10060681990376e-06,1.158490487590009e-06,1.2698241796169099,-1.5724337742994976e-06,3.617373265174528e-05,1.369218729087393e-05,8319,qp_active,nuPI (rho=1),1.215326408977219e-05
-93.33330052009978,5.09933702375065e-07,6.76267227106564e-07,7.118302671130334e-07,1.2698290398226946,-9.661879971645249e-07,2.222692922004832e-05,8.413156604933115e-06,8726,qp_active,nuPI (rho=1),7.4675661291726945e-06
-93.3333001335486,3.059187223541926e-07,4.0570529691308366e-07,4.2703887258166343e-07,1.2698321387242908,-5.796368185428946e-07,1.3334348673676999e-05,5.047209288573518e-06,9153,qp_active,nuPI (rho=1),4.4799319566066776e-06
-93.33329989301826,1.7897192350346813e-07,2.3735016441150947e-07,2.4983046722277343e-07,1.2698340669926804,-3.3910647800894367e-07,7.801006798757726e-06,2.9527736926581965e-06,9601,qp_active,nuPI (rho=1),2.620898891030997e-06
-93.33329974714533,1.0198365529845432e-07,1.352493583794967e-07,1.4236084111128535e-07,1.2698352364120435,-1.932335464971402e-07,4.4452513652259995e-06,1.6825804186150494e-06,10071,qp_active,nuPI (rho=1),1.4934680450900447e-06
-93.33329966116133,5.660347035529867e-08,7.506676169555249e-08,7.901376031121915e-08,1.269835925717931,-1.0724954790930497e-07,2.467225301394649e-06,9.338740691072636e-07,10563,qp_active,nuPI (rho=1),8.289119883062515e-07
-93.33329961168359,3.0490411084826974e-08,4.0435974568708843e-08,4.256207340112942e-08,1.2698363223642872,-5.7771799788497447e-08,1.3290124323273034e-06,5.030469842905895e-07,11080,qp_active,nuPI (rho=1),4.465073932005446e-07
-93.3332995841144,1.5940107900291878e-08,2.1139555883564753e-08,2.2251056699256717e-08,1.2698365433772665,-3.020261374331312e-08,6.947955464298161e-07,2.6298836307546766e-07,11622,qp_active,nuPI (rho=1),2.334299820660539e-07
-93.33329956919947,8.068403722916173e-09,1.0700210495429019e-08,1.1262813817924923e-08,1.2698366629451459,-1.5287682231246436e-08,3.516846200923851e-07,1.3311680386855363e-07,12191,qp_active,nuPI (rho=1),1.1815524003127017e-07
-93.33329956140395,3.954142790973947e-09,5.243931511245137e-09,5.519651446938536e-09,1.2698367254390386,-7.49216155782051e-09,1.7235270166615635e-07,6.523754358537687e-08,12787,qp_active,nuPI (rho=1),5.790521868728016e-08
-93.33329955745404,1.8695036629878814e-09,2.4793109787424328e-09,2.609669601757522e-09,1.269836757103825,-3.5422544897301123e-09,8.14877103572087e-08,3.084406561062021e-08,13413,qp_active,nuPI (rho=1),2.7377370026375772e-08
0.0,2.241823973099074,38.65452987772163,0.0,0.0,93.33329955391179,1.9764623219360447,1.0,0,qp_active,iALM,12.986735828249534
-53.52790670647795,2.471763132465823,24.50409493373469,0.2639646686355354,0.0,39.805392847433836,1.9764623219360447,0.960446753433705,1,qp_active,iALM,8.232623928461479
-75.1441556698251,2.5212548123445386,16.626980052208648,0.5944944759771879,0.0,18.18914388408669,1.9764623219360447,0.9247670285695329,2,qp_active,iALM,5.586155057186681
-85.71672127320318,2.3872087897827403,11.779142654366426,0.8770058395391188,0.0,7.616578280708609,1.9764623219360447,0.8947050023764402,3,qp_active,iALM,3.9574304594941636
-91.29699333963504,2.168393834441006,8.572391716803892,1.0667744273055961,0.0,2.036306214276749,1.9764623219360447,0.8700881384253778,4,qp_active,iALM,2.8800605516242404
-94.32442711285863,1.916226568485027,6.352847633128022,1.1595728611407508,0.0,-0.9911275589468431,1.962738504171057,0.8478414897316858,5,qp_active,iALM,2.1343618517555436
-95.97414584315467,1.6585581889253844,4.773737211978506,1.1695176002291248,0.0,-2.6408462892428872,1.9271025198595713,0.8256134897225682,6,qp_active,iALM,1.6585581889253844
-96.8616333468254,1.411253068084671,3.6295373226223155,1.1172906024903926,0.0,-3.528333792913614,1.8753248121265944,0.8035598298488033,7,qp_active,iALM,1.411253068084671
-97.31802946997692,1.3813258221711386,2.7889451277038546,1.0234351797488095,0.0009647630862411037,-3.9847299160651346,1.8117287770748955,0.7817023650219079,8,qp_active,iALM,1.3813258221711386
-97.52502324949276,1.4923345358985358,2.2922742739962754,0.9071457355319493,0.014275977589065906,-4.191723695580976,1.7396375385600302,0.7587633253030015,9,qp_active,iALM,1.4923345358985358
-97.588860597069,1.5622586722465943,1.8846900408980751,0.7824321110193492,0.037128915055117485,-4.255561043157215,1.6617527678240909,0.7351499201056814,10,qp_active,iALM,1.5622586722465943
-97.57106220117822,1.5995085196813381,1.5466462299952788,0.6592388099197231,0.06718496055052907,-4.237762647266436,1.5802186643163287,0.7112430944919259,11,qp_active,iALM,1.5995085196813381
-97.50746260753183,1.61082796392897,1.26475169101316,0.7727493329598224,0.10249944659528575,-4.174163053620049,1.4967404954816481,0.6873850048417469,12,qp_active,iALM,1.61082796392897
-97.41884296599889,1.6016887082405464,1.0289252657272296,0.9030172873829804,0.14146239840806982,-4.085543412087105,1.4126715661312266,0.6638717534585292,13,qp_active,iALM,1.6016887082405464
-97.31702696356541,1.5765741485967784,0.83154051377538,1.0206468423655417,0.18274885921222778,-3.983727409653625,1.329079613502088,0.6409503253867433,14,qp_active,iALM,1.5765741485967784
-97.20858196429559,1.5391559351198962,0.6662891811258156,1.123066576250861,0.22527923209067377,-3.8752824103838037,1.2467983869018227,0.6188186812172323,15,qp_active,iALM,1.5391559351198962
-97.09698195491094,1.4924479379427655,0.528007948803527,1.2088713517685539,0.2681797391583802,-3.7636824009991585,1.2420507246196117,0.5976278492582563,16,qp_active,iALM,1.4924479379427655
-96.9839240164693,1.438928755142138,0.4124996420254323,1.2776003777127813,0.31075075048578155,-3.6506244625575164,1.2436824958360124,0.5774854572909346,17,qp_active,iALM,1.438928755142138
-96.87014888845633,1.3806346956181823,0.37128423020549484,1.3295243275456023,0.3524408288710088,-3.5368493345445415,1.245011115100851,0.5584601899382421,18,qp_active,iALM,1.3806346956181823
-96.75593592570826,1.3192337731954087,0.37687381167445544,1.3654540469585708,0.3928241177258383,-3.4226363717964716,1.2458456857657156,0.5405867399365851,19,qp_active,iALM,1.3192337731954087
-96.64139139033558,1.2560857529347942,0.3758246331684063,1.3865759268285445,0.43158068003670846,-3.308091836423799,1.2460441970077651,0.5238709661260453,20,qp_active,iALM,1.2560857529347942
-96.52658848334825,1.1922991906731824,0.36995317906545466,1.3943239527393476,0.4684794241197107,-3.193288929436463,1.2455055151812386,0.5082950326059708,21,qp_active,iALM,1.1922991906731824
-96.41168048856308,1.1287616712196886,0.3605962287597233,1.3902588299932759,0.5033650688443408,-3.0783809346512925,1.244165448441478,0.49382254698276556,22,qp_active,iALM,1.1287616712196886
-96.2969129032007,1.0661732873088736,0.348739216461599,1.3759789733995342,0.5337027668001856,-2.96361334928892,1.241988421301643,0.480403067804038,23,qp_active,iALM,1.0661732873088736
-96.18260823847466,1.005078781710619,0.33737235610901806,1.3530578596264722,0.5367301249967944,-2.849308684562871,1.238961063105034,0.4679761752166489,24,qp_active,iALM,1.005078781710619
-96.0691483195368,0.9458932436203309,0.3366971191672947,1.3229978441050823,0.5406031813887655,-2.7358487656250077,1.235088006713063,0.45647511018335235,25,qp_active,iALM,0.9458932436203309
-95.95695075440598,0.8889237391729878,0.33175330686308513,1.2871986495799848,0.5453029631652074,-2.6236512004941943,1.230388224936621,0.4458298579926803,26,qp_active,iALM,0.8889237391729878
-95.73805056867504,0.7824282085994625,0.31235694194227204,1.203359823620934,0.5570535682780761,-2.4047510147632494,1.2186376198237525,0.42682507080778687,28,qp_active,iALM,0.7824282085994625
-95.63216026322443,0.733127868999671,0.2992975615805351,1.1574739904666276,0.5640208652400905,-2.298860709312649,1.211670322861738,0.4183293162992531,29,qp_active,iALM,0.733127868999671
-95.4292532112983,0.6425960887765854,0.26924661284184737,1.062151708264436,0.5798952107213026,-2.0959536573865165,1.1957959773805258,0.40303713263133395,31,qp_active,iALM,0.6425960887765854
-95.33279065735866,0.6013188094243596,0.25312708501528913,1.0140906348885927,0.5886971595657927,-1.9994911034468714,1.1869940285360356,0.3961286717980216,32,qp_active,iALM,0.6013188094243596
-95.15082547940933,0.5264290199561223,0.22036594156503497,0.9197716623726776,0.6077638427253853,-1.8175259254975487,1.1679273453764432,0.38354384598604696,34,qp_active,iALM,0.5264290199561223
-95.06555469360481,0.4926370129278297,0.2042170835567454,0.8742654392535153,0.6179239518660344,-1.7322551396930237,1.157767236235794,0.3777847464231125,35,qp_active,iALM,0.4926370129278297
-94.90665971504204,0.43182789099849384,0.17326370564662774,0.7878449914250919,0.6392487447606304,-1.5733601611302532,1.1364424433411981,0.3671597625160792,37,qp_active,iALM,0.43182789099849384
-94.76312953381539,0.37927832376899673,0.14484396153410994,0.7085276162821527,0.6616078807868953,-1.4298299799036016,1.1140833073149332,0.3575400441435035,39,qp_active,iALM,0.37927832376899673
-94.6343505269383,0.3340414444024882,0.12568252793500267,0.6368359950720122,0.6846729550591739,-1.3010509730265198,1.0910182330426546,0.34874797495380383,41,qp_active,iALM,0.36654864568653434
-94.51938037724507,0.29519584547033517,0.11090676288948398,0.5727604504724507,0.7081609175965259,-1.1860808233332847,1.0675302705053027,0.34064740601204463,43,qp_active,iALM,0.35865741106070037
-94.41708843980007,0.26187880852111345,0.09778369576551427,0.5159490199025654,0.731833533990283,-1.083788885888282,1.0438576541115454,0.3331338179063249,45,qp_active,iALM,0.3507041384056784
-94.326264764278,0.23330470091619304,0.0862285974802326,0.465849542940419,0.755494660288534,-0.9929652103662079,1.0201965278132945,0.32612639771049007,47,qp_active,iALM,0.34275472607014423
-94.20889634359023,0.22141130333470538,0.07156531880691386,0.4018529917009708,0.7906284009922758,-0.8755967896784398,0.9850627871095526,0.3164297443243425,50,qp_active,iALM,0.3309508673601542
-94.14156607942515,0.21747957410490137,0.06336458909797482,0.3656376023254713,0.8136414560941799,-0.8082665255133605,0.9620497320076485,0.31043885874849003,52,qp_active,iALM,0.3232191870589115
-94.05437056443427,0.21045693882480654,0.05307037543970239,0.3193846560097392,0.8473384251377444,-0.7210710105224791,0.9283527629640841,0.30207113815707,55,qp_active,iALM,0.311898039535819
-94.00412344346537,0.20527867351073503,0.04735029343159791,0.293090393672343,0.8512760086332564,-0.6708238895535885,0.9065184929341542,0.2968629437365117,57,qp_active,iALM,0.30456239484479947
-93.93863618204858,0.19709807345498165,0.04018400321220916,0.2592194322252189,0.851730694672508,-0.6053366281367971,0.8748009314314837,0.2895477085398503,60,qp_active,iALM,0.2939062675123897
-93.88292303589857,0.18869797603325122,0.03688466995497919,0.2307631073264491,0.8516984017048472,-0.5496234819867851,0.8443785698032855,0.2827721728773506,63,qp_active,iALM,0.28368528759136385
-93.83513002257895,0.180304136190522,0.03414401693385827,0.20659394089412192,0.8513752458228515,-0.5018304686671655,0.8152733940216789,0.2764832167336801,66,qp_active,iALM,0.2739068416936597
-93.78157199317938,0.16938019096200962,0.030444323871737566,0.1796684777655122,0.8507044849108338,-0.44827243926759763,0.7784950563865461,0.26877888910909803,70,qp_active,iALM,0.2615504488832813
-93.7476183021222,0.16150052022689065,0.027812019858039605,0.16526367274035683,0.8501165627383522,-0.4143187482104196,0.7523900092066809,0.26346329174035027,73,qp_active,iALM,0.25277995412933285
-93.70895543895736,0.15149264824300213,0.024632344416747998,0.16000999743392458,0.8492961434577518,-0.3756558850455747,0.7194683331335783,0.2569325181350973,77,qp_active,iALM,0.2417192812525169
-93.68400348304158,0.1443787147838913,0.02253251192359329,0.15586646979376126,0.848680900847965,-0.35070392912979287,0.6961243694951866,0.2524161457879452,80,qp_active,iALM,0.2338764258377682
-93.6550668545007,0.1354120081321888,0.02011173944681488,0.15017134461537313,0.8478822139027123,-0.3217673005889168,0.6666954152249036,0.24685651088808006,84,qp_active,iALM,0.22398920030381925
-93.62443087287636,0.12499956236086351,0.018086615154153662,0.14290284123093241,0.8469393883978874,-0.2911313189645739,0.6324644556882892,0.2405768391775072,89,qp_active,iALM,0.21248864836189216
-93.60339783047934,0.11726451839068686,0.01757985041870036,0.13704795292386276,0.8462421009810436,-0.2700982765675519,0.6069834254752511,0.2360321138119363,93,qp_active,iALM,0.20392780415928052
-93.58481376154708,0.11002029501062927,0.01691766198113598,0.13121163487820145,0.8456049481971425,-0.25151420763529586,0.5830781809696002,0.2318676899443199,97,qp_active,iALM,0.1958963755974361
-93.56435394420643,0.10160602113035022,0.015955628142538814,0.12400304914903339,0.8449053127505649,-0.23105439029464492,0.5552610623128258,0.22713957321594574,102,qp_active,iALM,0.18655067736642988
-93.54636556955248,0.09385149263856496,0.0149220519168356,0.11695036415671331,0.8443260735862634,-0.21306601564069183,0.5295696734754678,0.22288026155222082,107,qp_active,iALM,0.17791915912142586
-93.5273697822207,0.0853469415864967,0.013667433351923108,0.10876436824407384,0.8438048230042717,-0.19407022830891663,0.5013119751824733,0.21830549831099477,113,qp_active,iALM,0.16842543965293474
-93.51329118430364,0.07887484700657632,0.012650845998845028,0.10221894008658092,0.8435232039109496,-0.17999163039185362,0.47972746879270267,0.21487990408866683,118,qp_active,iALM,0.1611737078803884
-93.49812150643635,0.07178515236039473,0.011493770801003222,0.09473626808987877,0.8433727878094621,-0.16482195252456222,0.4654845749097989,0.2111663838309918,124,qp_active,iALM,0.15638853261445745
-93.48452557356296,0.06537450025642455,0.01040985303610853,0.08768977988948397,0.8434256882322637,-0.1512260196511761,0.4654316744869973,0.20782339712853282,130,qp_active,iALM,0.15637075969577754
-93.47226643823505,0.05958220496077127,0.00939813258235489,0.08109412421704465,0.8436739663085516,-0.13896688432326698,0.4651833964107094,0.2047939578389053,136,qp_active,iALM,0.15628734588117685
-93.45943509797047,0.0535240198633149,0.00832052397027816,0.07396181132211738,0.8441988083410096,-0.126135544058684,0.46465855437825143,0.20159180258585938,143,qp_active,iALM,0.15611101506435784
-93.44798421848898,0.048139277463292274,0.007353406856800859,0.0674207539169429,0.8449638512940373,-0.11468466457719728,0.4638935114252237,0.19868677861956055,150,qp_active,iALM,0.1558539841093918
-93.43774050998593,0.043353771859143464,0.006490136734527141,0.06144772021721143,0.8459542241441416,-0.10444095607414283,0.46290313857511944,0.19602633465058444,157,qp_active,iALM,0.15552124922381794
-93.4273307914373,0.03853354767273265,0.005618788900088489,0.0552784581689209,0.8473417748655717,-0.09403123752551323,0.4615155878536893,0.1932305855156297,165,qp_active,iALM,0.15505507476187225
-93.41813750273253,0.03432135204842579,0.004856716288960783,0.04976094006254505,0.848979314363035,-0.08483794882074847,0.45987804835622603,0.190646825226745,173,qp_active,iALM,0.15450491174270858
-93.40906560794042,0.03021324281078064,0.004113608962260429,0.04426521524354115,0.851091722606185,-0.07576605402863379,0.45776564011307597,0.1879430023140099,182,qp_active,iALM,0.15379520739752606
-93.40112249446516,0.02668223929615987,0.0034433887919789186,0.03945040308223083,0.8534599378162709,-0.0678229405533699,0.45539742490299007,0.18541071882016277,191,qp_active,iALM,0.15299955976152793
-93.3941485440866,0.02364639672034352,0.0029513756120707058,0.03524278575432718,0.8560495213106072,-0.060848990174818596,0.4528078414086538,0.18301520229370286,200,qp_active,iALM,0.15212953917525965
-93.38748702828649,0.020762247260736277,0.00256046429629464,0.031185965451644107,0.8591558002760251,-0.05418747437470017,0.4497015624432359,0.18048167311574223,210,qp_active,iALM,0.15108592476679725
-93.38180409409851,0.01831556463052797,0.0022238724611369776,0.027698544152996468,0.8624773829765444,-0.048504540186726786,0.4463799797427166,0.178056450090364,220,qp_active,iALM,0.14996997491047293
-93.37649617158215,0.016050112799801397,0.0019077671967586696,0.02443147540315276,0.866348377564245,-0.04319661767036109,0.442508985155016,0.17548925248032218,231,qp_active,iALM,0.14866943952012984
-93.37201273014259,0.014157724058935006,0.0016668944214899284,0.021674114785725587,0.8704141576660873,-0.03871317623080017,0.4384432050531737,0.17300777808329643,242,qp_active,iALM,0.14730346217451448
-93.36789067379907,0.012443041269655009,0.001516854223185149,0.019153093093698993,0.8750357221439394,-0.03459111988728125,0.4338216405753216,0.1703810881294782,254,qp_active,iALM,0.14575075833418968
-93.36417525554982,0.010922466690746813,0.0014217570244259292,0.01689934469243827,0.8802250191490546,-0.030875701638038322,0.4286323435702064,0.1676145237592105,267,qp_active,iALM,0.14400731378699322
-93.3611194041049,0.009687696234920384,0.0013415075402765098,0.015056802989767297,0.885563476031196,-0.027819850193111506,0.423293886688065,0.16491788279753172,280,qp_active,iALM,0.1422137560984588
-93.35859693471893,0.00868048032617752,0.0012715476609521659,0.013945235180854682,0.8910144032527864,-0.02529738080714594,0.41784295946647465,0.1622821775656002,293,qp_active,iALM,0.14038241182730243
-93.35621643258575,0.008220838429233268,0.0012016693186982508,0.01422721862533938,0.8974054203203925,-0.022916878673967744,0.4114519423988685,0.15930837382897853,308,qp_active,iALM,0.13823522621688655
-93.35428695750036,0.008291764395127466,0.0011417097550854294,0.014363426179892743,0.9038695737640936,-0.020987403588577536,0.4049877889551674,0.15640011865946368,323,qp_active,iALM,0.13606346902847488
-93.35261905986634,0.008327605486886824,0.0010868272236521648,0.01439033762454721,0.9108101330450552,-0.019319505954555893,0.3980472296742058,0.153364613131856,339,qp_active,iALM,0.1337316540984451
-93.35126685280518,0.008329528478434156,0.0010395774401530389,0.014328093934281829,0.9177668768690135,-0.017967298893395878,0.3910904858502475,0.15039360980034505,355,qp_active,iALM,0.13139440165863148
-93.35003777569892,0.008298821444446602,0.000993719206174859,0.014182380093950711,0.9255805978848932,-0.016738221787136354,0.3832767648343678,0.1471243122296032,373,qp_active,iALM,0.12876923118081496
-93.34904642943657,0.008240300772746068,0.0009539910556224385,0.013981249909804963,0.9333526202089624,-0.015746875524783377,0.37550474251029864,0.1439290307464485,391,qp_active,iALM,0.12615807018381842
-93.34819574677786,0.008154911065875403,0.0009172826044370197,0.013729174580566359,0.9414854153891169,-0.014896192866075353,0.3673719473301441,0.14063348831280628,410,qp_active,iALM,0.12342570057839215
-93.34746411113258,0.008044898774979714,0.0008831912999234248,0.013436134245628893,0.9499445010390402,-0.014164557220794904,0.35891286168022085,0.1372473466834128,430,qp_active,iALM,0.12058370738816052
-93.34683086188582,0.00791279621383989,0.0008513176894435759,0.01311104137343792,0.9586939852954245,-0.013531307974034235,0.3501633774238365,0.13378050917823192,451,qp_active,iALM,0.11764414917776356
-93.34627710789391,0.007761279942922528,0.0008212865270191827,0.01276158114545144,0.967697316444734,-0.0129775539821253,0.341160046274527,0.130243043219891,473,qp_active,iALM,0.1146193062012688
-93.34576649603794,0.007585567912880897,0.0007915763097017248,0.012378257635225771,0.9773142105806273,-0.012466942126152958,0.3315431521386337,0.12649095089206314,497,qp_active,iALM,0.11138832488999255
-93.34532672738277,0.007403038463890788,0.0007643548829161517,0.011998434425589037,0.9867065473227175,-0.012027173470983143,0.32215081539654356,0.1228471502754954,521,qp_active,iALM,0.1082327879719304
-93.34492316801675,0.007209019914255599,0.0007380857322196732,0.011610310606477273,0.9962444081824581,-0.011623614104962599,0.31261295453680293,0.11916320018136561,546,qp_active,iALM,0.10502835941610823
-93.34453263947718,0.006997970816748023,0.0007116253681509477,0.011202320244639416,1.0062596785534383,-0.011233085565393708,0.30259768416582267,0.11530856925059407,573,qp_active,iALM,0.10166353591501119
-93.3441637400654,0.00677988977432431,0.0006858819920179116,0.010792985936182354,1.0163320585125717,-0.0108641861536114,0.2925253042066893,0.11144283836600445,601,qp_active,iALM,0.09827952534484487
-93.34379824282597,0.006549159541958005,0.0006598769397072601,0.010370676322266155,1.026772199952998,-0.010498688914182708,0.28208516276626305,0.10744468255653104,631,qp_active,iALM,0.09477195820264249
-93.34345565515095,0.006322930808439153,0.0006352447263537897,0.009965253666931847,1.036854336504133,-0.01015610123916133,0.27200302621512806,0.10358995728463796,661,qp_active,iALM,0.09138466971696899
-93.34309896246785,0.006080431541906961,0.0006095107388937038,0.009538393765781892,1.0475405937973972,-0.009799408556062872,0.26131676892186384,0.09950928448928645,694,qp_active,iALM,0.08779441520089189
-93.34274887556319,0.0058383298418771545,0.0005843057639438598,0.009118796077346883,1.0581203687727754,-0.009449321651402443,0.25073699394648563,0.09547300494147198,728,qp_active,iALM,0.08423993547594896
-93.34240361148989,0.005597779796140401,0.0005595991569649073,0.008707313890551585,1.0685701496965205,-0.0091040575780994,0.24028721302274048,0.09148894606265817,763,qp_active,iALM,0.08072912976316303
-93.34204357324296,0.0053467788913375,0.0005340675513316739,0.008282865551519676,1.079427657696184,-0.008744019331174968,0.2294297050230769,0.08735140196915434,801,qp_active,iALM,0.07708134026499082
-93.34168828241266,0.005100152023339355,0.0005091506374377275,0.007870065708614303,1.0900640918554272,-0.008388728500875686,0.21879327086383382,0.08329946101817572,840,qp_active,iALM,0.07350782479299768
-93.34132897653703,0.004852644970202213,0.00048425928886075553,0.007459564389190372,1.1007168542108168,-0.008029422625241978,0.20814050850844423,0.07924222313422373,881,qp_active,iALM,0.06992882354817073
-93.34096679954422,0.004605630133591276,0.0004594939087834149,0.007053314253827866,1.1113339045856347,-0.007667245632433151,0.19752345813362626,0.07519920752757217,924,qp_active,iALM,0.06636182043290466
-93.34060307341252,0.0043603656513395705,0.0004349537267867021,0.006653105468525724,1.1218662356695037,-0.007303519500737821,0.1869911270497573,0.07118885922328379,969,qp_active,iALM,0.06282328039957469
-93.34023166910686,0.004112989240431908,0.0004102345814462893,0.006252479825626757,1.132483062505187,-0.00693211519507031,0.17637430021407408,0.06714660308478601,1017,qp_active,iALM,0.05925635238659804
-93.33986235086374,0.0038701307843256316,0.00038598684716006915,0.005862022596324072,1.1429021554247816,-0.006562796951953942,0.16595520729447943,0.0631797964113227,1067,qp_active,iALM,0.055755856901468726
-93.33949663734667,0.0036327064541943344,0.0003622934790410426,0.0054829651305234725,1.1530858400614084,-0.006197083434884121,0.15577152265785266,0.05930271287825587,1119,qp_active,iALM,0.05233445137532627
-93.33912951857837,0.0033973855337166015,0.00033881698484172773,0.005109821159715373,1.163177960046454,-0.005829964666588694,0.145679402672807,0.055460546980702484,1174,qp_active,iALM,0.04894380876222535
-93.33876963258538,0.003169562942026971,0.0003160924638461182,0.004750965452811002,1.1729477460569937,-0.00547007867359639,0.1359096166622673,0.05174112906362898,1231,qp_active,iALM,0.045661460472936434
-93.33841253238262,0.0029462252435266123,0.00029381745193646225,0.004401449567191695,1.1825247878347749,-0.005112978470833696,0.12633257488448613,0.04809510793388343,1291,qp_active,iALM,0.042443868331016835
-93.33805510026633,0.0027253114169747406,0.0002717853694740313,0.004057934591538586,1.1919976620263246,-0.004755546354545004,0.11685970069293639,0.04448875363809204,1355,qp_active,iALM,0.03926127330142879
-93.33771063833292,0.0025148267626970977,0.00025079400051986056,0.003732674617522766,1.2010232136598777,-0.0044110844211360245,0.10783414905938327,0.04105270145172579,1421,qp_active,iALM,0.03622896492411917
-93.33737532199197,0.0023121342395615585,0.0002305800221993337,0.0034213329374199837,1.2097145833824166,-0.004075768080184616,0.09914277933684446,0.03774387565009132,1490,qp_active,iALM,0.03330893141370487
-93.33704655535507,0.0021154474345763674,0.00021096511883911262,0.003120975728796215,1.218148403129324,-0.0037470014432869903,0.09070895958993708,0.0345331009266912,1563,qp_active,iALM,0.030475426791539324
-93.3367268812913,0.0019260861466028345,0.00019208082963650952,0.0028334420271382355,1.22626809614364,-0.003427327379512235,0.08258926657562093,0.03144191552123433,1640,qp_active,iALM,0.02774745911176212
-93.33642218604001,0.001747279569253024,0.00017424915034425226,0.0025634087472146795,1.23393520430794,-0.0031226321282247227,0.0749221584113211,0.028523030421989996,1720,qp_active,iALM,0.025171546052895392
-93.33613009487183,0.001577369396721373,0.0001573046864908889,0.002308137092118505,1.2412208382022054,-0.002830540960047756,0.0676365245170556,0.025749373522550356,1804,qp_active,iALM,0.022723796642270717
-93.33585222758248,0.0014170616672828373,0.00014131784072368703,0.002068476974441972,1.2480947248753937,-0.0025526736706922293,0.06076263784386726,0.023132469738140916,1892,qp_active,iALM,0.020414381662437475
-93.33558716102391,0.001265317469274052,0.00012618500337246985,0.0018426792243549097,1.250928492784982,-0.002287607112123169,0.05425594994336924,0.020655359349827904,1985,qp_active,iALM,0.01822833420181794
-93.33533910746085,0.0011243320489944253,0.00011212509622282596,0.0016338144591667835,1.2530353107844074,-0.0020395535490678185,0.04821059123520621,0.018353878004728163,2082,qp_active,iALM,0.016197279192786004
-93.33510647854342,0.0009929904988457139,9.902693357055625e-05,0.0014400373203018776,1.2549980154344913,-0.00180692463163723,0.042578755147676395,0.016209825631915406,2184,qp_active,iALM,0.014305155094313767
-93.33489027237627,0.0008716678186768689,8.692791244868658e-05,0.0012617278216153318,1.2568110029290698,-0.001590718464484553,0.03737652138566938,0.014229323808964196,2291,qp_active,iALM,0.012557364193798281
-93.33469108926626,0.0007605229927971635,7.584388766446182e-05,0.0010989551611702095,1.2584718974869329,-0.0013915353544717846,0.03261070707689839,0.012414967830896781,2403,qp_active,iALM,0.010956196836950621
-93.33450771064109,0.0006587189915689962,6.56913856307284e-05,0.000950347463929496,1.2599932072755582,-0.0012081567293051876,0.028245420957934142,0.010753093814721887,2521,qp_active,iALM,0.009489594660671485
-93.3343418752917,0.000567078834130541,5.6552482702088014e-05,0.0008169731527173898,1.261362633495064,-0.0010423213799128916,0.024315953526903522,0.009257136930566384,2644,qp_active,iALM,0.008169414189354553
-93.33419205956297,0.0004846332319523583,4.833051564467894e-05,0.000697301970711809,1.262594660724823,-0.0008925056511799312,0.020780742352682235,0.007911274269574997,2773,qp_active,iALM,0.006981691721588926
-93.33405713696027,0.0004106582268832426,4.095328704067924e-05,0.0005901849986331596,1.2637001074455358,-0.0007575830484825019,0.017608744603632376,0.006703687757538003,2909,qp_active,iALM,0.005915997818570987
-93.33393779670509,0.00034544138359127174,3.444947456188174e-05,0.0004959531653402957,1.2646746764298413,-0.0006382427933004919,0.014812290856391908,0.005639071672071548,3051,qp_active,iALM,0.004976475175656593
-93.3338319476071,0.00028776426933418975,2.8697568811963947e-05,0.00041277414098492054,1.2655365753476777,-0.0005323936953089969,0.012339135546360014,0.004697536011946462,3201,qp_active,iALM,0.004145570886425333
-93.33374033794442,0.00023797200624198211,2.3731987432995538e-05,0.0003410860243743474,1.2662806468607624,-0.0004407840326337009,0.010204077274970302,0.0038847146372420547,3357,qp_active,iALM,0.0034282568268269036
-93.33366089646776,0.00019488730170635904,1.94353237930045e-05,0.00027914464177226635,1.2669244838608185,-0.00036134255597630727,0.008356634538320584,0.0031813891285127367,3521,qp_active,iALM,0.0028075727607010316
-93.33359250188597,0.00015786322237509864,1.5743061830164606e-05,0.00022598279557105246,1.2674777538071347,-0.0002929479741879959,0.0067690672757383386,0.0025769987837155352,3694,qp_active,iALM,0.002274198878934704
-93.33353500415338,0.0001267873626424887,1.2643991805560972e-05,0.00018140920029143656,1.2679421364348034,-0.00023545024158977412,0.00543655561139289,0.002069708665531321,3874,qp_active,iALM,0.0018265158511587252
-93.3334864796651,0.00010059625335312461,1.0032058217035456e-05,0.00014387560825883202,1.2683335237128186,-0.00018692575331158423,0.0043134987135695635,0.0016421584371405968,4064,qp_active,iALM,0.0014492031972922275
-93.33344632245178,7.89455026408703e-05,7.872916256701501e-06,0.00011287183468996043,1.2686570620668198,-0.0001467685399916263,0.003385129293863809,0.0012887261594032365,4263,qp_active,iALM,0.001137299561602361
-93.33341352542473,6.127915000675443e-05,6.111122232255184e-06,8.758924731638923e-05,1.2689210595017255,-0.00011397151294545438,0.002627608145547411,0.0010003361939427728,4471,qp_active,iALM,0.0008827957021939653
-93.33338687277262,4.693318073378805e-05,4.680456637373709e-06,6.706879055779821e-05,1.2691354387325764,-8.731886083523932e-05,0.0020124627704158904,0.0007661489981376337,4690,qp_active,iALM,0.0006761257334199617
-93.33336563864842,3.5510605446376076e-05,3.5413293186792316e-06,5.073654115156946e-05,1.2693061321766936,-6.608473663050063e-05,0.0015226705349558056,0.0005796840180097818,4919,qp_active,iALM,0.0005115705728018026
-93.33334883986697,2.647824316337477e-05,2.640568293799106e-06,3.7826006232317505e-05,1.2694411074329373,-4.928595518549628e-05,0.001135369002498221,0.00043223747369028895,5160,qp_active,iALM,0.00038144914320962023
-93.33333577637127,1.945688248028432e-05,1.940356337826188e-06,2.7792447877946194e-05,1.2695460312533036,-3.622245948520231e-05,0.0008342978465689654,0.00031761902316574796,5413,qp_active,iALM,0.000280298473936769
-93.3333258201439,1.410714928695711e-05,1.4068490461482952e-06,2.014913462442542e-05,1.2696259750803995,-2.6266232111993304e-05,0.0006049049370357995,0.00023028863852342127,5677,qp_active,iALM,0.0002032294958272269
-93.33331827795868,1.0055425106791915e-05,1.0027869485895735e-06,1.4361175711149824e-05,1.2696865220881883,-1.8724046896068103e-05,0.000431169768420947,0.0001641472781303409,5955,qp_active,iALM,0.00014485981066963144
-93.33331269148553,7.054816027363131e-06,7.03548316494107e-07,1.0075226764264822e-05,1.2697313617399657,-1.3137573745325426e-05,0.0003025056981926788,0.00011516458391554596,6246,qp_active,iALM,0.00010163263145085388
-93.33330860474906,4.8600104189944204e-06,4.846692185367374e-07,6.940510216064751e-06,1.2697641598541263,-9.050837277868595e-06,0.00020839393112059845,7.933602742499291e-05,6552,qp_active,iALM,7.001396576894959e-05
-93.33330567632075,3.2874182238629146e-06,3.2784094372573236e-07,4.694598451558377e-06,1.2697876599118152,-6.122408962028203e-06,0.000140962250612775,5.366463850606137e-05,6873,qp_active,iALM,4.735899042763151e-05
-93.33330362038063,2.183428457591674e-06,2.1774450686962155e-07,3.1179916270114627e-06,1.269804157401259,-4.066468846986027e-06,9.362392267564523e-05,3.564283305686025e-05,7209,qp_active,iALM,3.1454764935424214e-05
-93.33330220269525,1.422198802281116e-06,1.4183015295543555e-07,2.030911996968581e-06,1.2698155328493093,-2.6487834645649855e-06,6.0982914352747386e-05,2.32163294749153e-05,7561,qp_active,iALM,2.0488387809687088e-05
-93.3333012418342,9.062774024570786e-07,9.037938752953778e-08,1.2941613790408442e-06,1.2698232425293496,-1.6879224205013088e-06,3.88605566898903e-05,1.4794299309114564e-05,7931,qp_active,iALM,1.3055954514691585e-05
-93.33330060620379,5.649909535776487e-07,5.634426614165022e-08,8.06801050174235e-07,1.269828342549082,-1.05229200642043e-06,2.4226426608375817e-05,9.22305383572329e-06,8319,qp_active,iALM,8.139335892086044e-06
-93.33330019492857,3.441695319850169e-07,3.43226389531992e-08,4.914687148958823e-07,1.2698316423976768,-6.410167827652913e-07,1.4757754694949554e-05,5.618309635095792e-06,8726,qp_active,iALM,4.958152698990105e-06
-93.3332999349982,2.046091323038013e-07,2.0404845813004613e-08,2.9217800703400433e-07,1.2698337279208198,-3.8108640865175403e-07,8.773500011383106e-06,3.340090729607788e-06,9153,qp_active,iALM,2.9476267670932145e-06
-93.33329977474766,1.1856878145977134e-07,1.1824383250313986e-08,1.6931377073195102e-07,1.2698350136662326,-2.2083587225552037e-07,5.0841484775521195e-06,1.9355464952665834e-06,9601,qp_active,iALM,1.708117868680134e-06
-93.33329967850071,6.689282550098596e-08,6.670953567322613e-09,9.55214946059564e-08,1.269835785886757,-1.245889222900587e-07,2.868318695670169e-06,1.0919752288312229e-06,10071,qp_active,iALM,9.636670602315794e-07
-93.33329962234276,3.674113369100951e-08,3.6640450673530722e-09,5.246551215228704e-08,1.269836236459063,-6.843097821729316e-08,1.575434731559966e-06,5.997714631590578e-07,10563,qp_active,iALM,5.292977236598184e-07
-93.33329959037064,1.95750393672256e-08,1.9521362304431022e-09,2.795270725971262e-08,1.2698364929808732,-3.6458857266552513e-08,8.393643347037738e-07,3.195478459998791e-07,11080,qp_active,iALM,2.8200065847223894e-07
-93.33329957275397,1.011648897986106e-08,1.0088783142236935e-09,1.4446113001646915e-08,1.2698366343248744,-1.8842186477741052e-08,4.337881580607217e-07,1.651441044180617e-07,11622,qp_active,iALM,1.457395092367786e-07
-93.33329956333452,5.059135332885489e-09,5.045279749538167e-10,7.224327313862542e-09,1.2698367098995345,-9.422734592590132e-09,2.1693225149554962e-07,8.25865844065326e-08,12191,qp_active,iALM,7.288257939527543e-08
-93.33329955847155,2.4481714433477464e-09,2.44140707650331e-10,3.495932009862397e-09,1.2698367489165014,-4.559765898193291e-09,1.0497594771230467e-07,3.9964573621916915e-08,12787,qp_active,iALM,3.5268696982538286e-08
-93.33329955603914,1.142194783199102e-09,1.1390710596970166e-10,1.6310265865873922e-09,1.2698367684323957,-2.1273507400110248e-09,4.897652705615485e-08,1.8645471022841064e-08,13413,qp_active,iALM,1.6454610123973614e-08
0.0,2.241823973099074,38.65481290534887,0.0004340563361304927,0.0001,93.33329955391179,1.9763623219360447,0.9999408646998243,0,qp_active,PBM,12.986830916846877
-53.41617737441841,2.5357195014179243,24.309661462076228,0.0005130041089243824,0.0001,39.917122179493376,1.9763623219360447,0.9999024031592061,1,qp_active,PBM,8.167300248660286
-74.87511802329553,2.6737818698890186,16.2878606929304,0.002275248468156731,0.0001,18.458181530616258,1.9763623219360447,0.9997046854438587,2,qp_active,PBM,5.472221359192592
-85.33905937873189,2.6382914816325633,11.353401646614572,0.023652292052194206,0.0001,7.994240175179897,1.9763623219360447,0.9979725639397358,3,qp_active,PBM,3.814394545814285
-90.9176640357816,2.4660153823976727,8.201349575961249,0.31374241638849953,0.0001,2.4156355181301876,1.9763623219360447,0.9796879063371602,4,qp_active,PBM,2.755401778654691
-94.11843614338584,1.5101270515176575,7.182273074436964,2.561082675398214,0.0001,-0.7851365894740496,1.9763458376032281,0.8856265732738907,5,qp_active,PBM,2.4130233470468534
-71.0967460047349,2.057346123038016,18.71845085088755,76.81863689263511,0.0001,22.23655354917689,13.23151513707447,3.6186361030799463,6,qp_active,PBM,6.288825063544599
-82.67010542368905,1.490542787334629,8.558175492374462,26.311061088112297,0.00012612915793839345,10.663194130222735,6.01505763111368,1.9866079544917676,7,qp_active,PBM,2.8752843364762577
-90.09032558219857,1.516482985583555,2.906925769723209,9.747421923535647,0.0001337378106357843,3.2429739717132122,2.6247367361632894,1.0643631820253912,8,qp_active,PBM,1.516482985583555
-89.60184979918861,1.0852079674595787,3.388173063102895,3.8019618319876414,0.00022613982108817573,3.7314497547231724,4.710963526430245,1.4879240559415663,9,qp_active,PBM,1.582739177214241
-93.86175526754137,1.2119340294351382,2.649092728899163,1.4009849362878994,0.0004133646857292216,-0.5284557136295831,1.9760489572503155,0.847920536844537,10,qp_active,PBM,1.2119340294351382
-94.13047189207326,1.1385057434412325,1.9998881238907078,0.5214309928923181,0.0014192780743057418,-0.7971723381614737,2.2898195897869846,0.9530729378692604,11,qp_active,PBM,1.1385057434412325
-95.41206190171718,1.2335301857442138,1.8113063997829428,0.7119928571974383,0.00799279876626924,-2.0787623478053945,1.9684695231697753,0.7289138297139419,12,qp_active,PBM,1.2335301857442138
-93.8771031592527,0.665146060191173,5.075691416746129,1.1431400388148925,0.05728959150013033,-0.5438036053409121,3.0866098043899757,1.1259568217628135,13,qp_active,PBM,1.7052765557753264
-95.89704403624785,0.8460428960655468,2.1566536058016013,0.6496358910918452,0.19018210328641671,-2.5637444823360624,1.7862802186496278,0.6078525237500063,14,qp_active,PBM,0.8460428960655468
-93.09068240874825,0.7962524676395737,4.549308763582574,2.5555731121193617,0.7866117699048891,0.2426171451635355,3.8557842552946684,1.1937350546643268,15,qp_active,PBM,1.5284281376770357
-92.59184981763256,0.6825599826275415,3.966846901105278,7.737411869835457,0.6928254043991922,0.7414497362792218,5.941580408122372,1.6771855566664076,16,qp_active,PBM,1.996188684914265
-86.70160421436256,0.8509524432096791,6.643107717203895,10.411252784964455,1.3978224705637432,6.631695339549225,6.324459009607333,1.835720049681696,17,qp_active,PBM,2.2318803326503645
-89.94498935839997,0.14904692406654485,2.8982840961265204,3.6315977204635828,1.2472181170457755,3.3883101955118207,3.7966657822384944,1.3830696967214162,18,qp_active,PBM,1.2755631926726179
-92.17878604541659,0.24967401420151658,1.2164606444848403,1.5458989715971836,0.7942795793936653,1.1545135084951994,2.918940487496051,0.9318137809702609,19,qp_active,PBM,0.9806744288291281
-92.61814896600094,0.13116436027746614,1.6579890600483298,0.7003495040653166,0.655549857116375,0.7151505879108413,1.5989426165939444,0.7189788049244881,20,qp_active,PBM,0.5570334446464245
-93.23386517755107,0.12399824716998165,0.7887626023420662,0.33282048861707486,0.6370762078269794,0.09943437636071906,1.6689409809934581,0.6240504085434095,21,qp_active,PBM,0.5607129539969761
-93.18944646712538,0.0360072504643405,0.7296912272701661,0.1695669783032275,0.6423582352888502,0.1438530867864074,1.462289496927029,0.6070783032556436,22,qp_active,PBM,0.4912843969668934
-93.26217426390431,0.05760762985774193,0.5507130266360348,0.08506170163379494,0.6540953179600232,0.07112529000747259,1.416023202043934,0.5968169245041025,23,qp_active,PBM,0.4757403416828336
-93.35239045918573,0.07837009725344402,0.3985916298783525,0.05280842769390176,0.6738338925766877,-0.019090905273941416,1.387783248304332,0.5842578993263248,24,qp_active,PBM,0.46625258383974644
-93.4155989233967,0.09178423762743293,0.30046414871253213,0.06451723612175551,0.7029228306459483,-0.08229936948491456,1.3718213737099085,0.5719472904931806,25,qp_active,PBM,0.46088988380595564
-93.44963012378705,0.0971757586152151,0.20941260227648661,0.0720022415528625,0.7409485923127014,-0.11633056987525947,1.3654624022098054,0.5601705185119891,26,qp_active,PBM,0.4587534645228226
-93.44571999019652,0.08808255837742607,0.09164235060755299,0.07388972959349739,0.8388690219110844,-0.11242043628473652,1.3588944778556598,0.5365504384288639,28,qp_active,PBM,0.45654684349297076
-93.42044111057308,0.07721088727845427,0.06296234871863504,0.06905884365560992,0.8944184698532901,-0.08714155666129386,1.3498102183139524,0.5237681896178153,29,qp_active,PBM,0.4534948110601199
-93.35576546569739,0.052614334970657595,0.06853945130311145,0.05928594052701399,1.0038020477738034,-0.02246591178560209,1.3098131597327556,0.49578938473750434,31,qp_active,PBM,0.4400570267863446
-93.32632793919464,0.04186474774483617,0.0739280937669391,0.0693654958437948,1.052233334084498,0.006971614717144803,1.279756842362537,0.4811326616936248,32,qp_active,PBM,0.42995902650301887
-93.28518493398663,0.026806137908001126,0.06737023515803386,0.07829424814140354,1.130736224179884,0.04811461992515831,1.2072216109230642,0.4519712554974291,34,qp_active,PBM,0.40558941466385673
-93.27355423008567,0.0223446091658559,0.06164529436318311,0.07813859004548734,1.1618320825870032,0.059745323826120966,1.1680744868523623,0.4377835015742213,35,qp_active,PBM,0.39243718230324726
-93.26262889012658,0.017362205194300984,0.04555484306670721,0.07332700221671916,1.2137613531933895,0.07067066378520792,1.0908982258007769,0.4106172332724608,37,qp_active,PBM,0.366508326935985
-93.26112792404106,0.015069579426267854,0.034773430557581975,0.06674775588603962,1.2586815897524914,0.07217162987072356,1.019208981132652,0.38513221655963326,39,qp_active,PBM,0.34242294069078144
-93.26364464950834,0.013675493828670504,0.031106633084935886,0.060737510074588295,1.3008589262980303,0.06965490440344979,0.9540281187568005,0.3612384920826342,41,qp_active,PBM,0.3205241711698374
-93.2674299824471,0.012461377842816201,0.0279756615543576,0.05580143169947239,1.3415244876815564,0.06586957146468819,0.8945912468110393,0.3388428192692771,43,qp_active,PBM,0.30055520616473014
-93.27139107874976,0.01124948595089137,0.02531762169745111,0.051821689518530986,1.3805362484955874,0.0619084751620278,0.8398285792178313,0.3178528697844367,45,qp_active,PBM,0.28215663038246136
-93.27517021060766,0.010088725926772124,0.023024655198397248,0.04835905960698462,1.4174643342432136,0.058129343304131,0.7888953802699086,0.2982445127221243,47,qp_active,PBM,0.26504463854821125
-93.28024602411644,0.008535381840625522,0.020229096090340626,0.04365910187634667,1.4684896917646468,0.053053529795349164,0.7187559564096948,0.2713384177551842,50,qp_active,PBM,0.2414799445343487
-93.28324934997407,0.007645542057038046,0.018698094857509062,0.04074194495345868,1.4995717758570382,0.05005020393771531,0.6758359987314051,0.25496890757176616,52,qp_active,PBM,0.22706015586039957
-93.28733028890494,0.00651872040231849,0.016717425720921497,0.03667131070768289,1.4807148504989631,0.04596926500684617,0.616800647893025,0.2325479687454736,55,qp_active,PBM,0.20722608962569566
-93.28984494491638,0.005888165231328735,0.015536539633729696,0.03417667383891706,1.468385035046609,0.04345460899540399,0.5807643144711867,0.21889352129017156,57,qp_active,PBM,0.19511898746073414
-93.29338120536895,0.005089542543748049,0.013918339946563663,0.03077453373333455,1.4514647978775685,0.03991834854284093,0.5312453162833912,0.2001460813804303,60,qp_active,PBM,0.17848212368360902
-93.29666299841094,0.00443237925223805,0.012465811596538146,0.02776171746849914,1.4362424907108635,0.036636555500848544,0.4866311670437087,0.1832619451978916,63,qp_active,PBM,0.16349313863552578
-93.2996935725672,0.0038854134888430814,0.011174366121225354,0.025097426728621176,1.4225096977768223,0.033605981344592806,0.44635689529956535,0.16802574084079724,66,qp_active,PBM,0.14996221924597783
-93.30334470664621,0.003288098534841133,0.00968855253766332,0.022009132319523596,1.4062078566747196,0.029954847265571516,0.3985545629353826,0.14995353300942862,70,qp_active,PBM,0.13390210250541393
-93.30580305614595,0.0029175564357752926,0.008731429027626803,0.019989221077988024,1.3952968377842236,0.027496497765838512,0.3665766477149146,0.13787361902330322,73,qp_active,PBM,0.12315850431342744
-93.30874001900516,0.002503878714503305,0.007631077308019485,0.017629207341169587,1.3822715204306655,0.02455953490662921,0.3284233465549702,0.12347209396068731,77,qp_active,PBM,0.11034016595289763
-93.31071277888805,0.002242334864194895,0.006916673085537006,0.016074690329890725,1.3735114436663654,0.022586775023739847,0.3027757129033506,0.11379781813799542,80,qp_active,PBM,0.1017233481075647
-93.31307269166999,0.0019456196134672865,0.00608678491759207,0.014247234390924056,1.363008728326423,0.020226862241798926,0.2720376653924961,0.10221044852913892,84,qp_active,PBM,0.09139630741757508
-93.31564382552301,0.0016412793122482228,0.005212354434733335,0.012296108791568412,1.3515233864446152,0.017655728388774605,0.23843821471779192,0.08955304359510138,89,qp_active,PBM,0.08010792307382524
-93.31743945265977,0.001439799042674661,0.0046197531101874745,0.010957983697695175,1.3434663873210382,0.015860101252016534,0.2148776666432679,0.08068285480644471,93,qp_active,PBM,0.0721923019349697
-93.31903449471599,0.001268079539100242,0.004105663999018461,0.009786031659670787,1.3362781175577272,0.014265059195793128,0.19386461782929088,0.07277558226738104,97,qp_active,PBM,0.06513256237128892
-93.32078400539378,0.0010872559470103127,0.003554933148751438,0.008518478928074127,1.3283535622574583,0.012515548518010178,0.17070739726906714,0.06406567665388034,102,qp_active,PBM,0.05735244690012748
-93.32230046878644,0.0009366578687677318,0.0030898560671559494,0.007434855129822487,1.321445667950858,0.010999085125348529,0.15052828944355934,0.05647954645062542,107,qp_active,PBM,0.05057288591701305
-93.3238608920309,0.0007874447247027128,0.0026247053708310375,0.006334443422650171,1.314295025627831,0.009438661880892596,0.129647341976872,0.04863317070316325,113,qp_active,PBM,0.04355752835216227
-93.32497840778422,0.0006840688353113578,0.002296959437654955,0.005555512054081532,1.30914489923234,0.008321146127570955,0.11461288577674367,0.042986001206564387,118,qp_active,PBM,0.038506412438707956
-93.32613492086608,0.0005800736066827739,0.0019625282985975545,0.0047574661395148685,1.3037872991257267,0.0071646330457042495,0.09897701539202108,0.03711497686987231,124,qp_active,PBM,0.033253239815124326
-93.32712134881254,0.0004937267896334419,0.0016811180593760966,0.004083302103959165,1.2991937878692987,0.00617820509924627,0.08557460990493526,0.03208425433818528,130,qp_active,PBM,0.02875044285770536
-93.32796491413177,0.0004215746189220049,0.001443278141165294,0.0035115604881478927,1.2952470854709706,0.005334639780016914,0.07406201650468192,0.027764129865354023,136,qp_active,PBM,0.024882564767864476
-93.3287981248941,0.0003518140134444181,0.0012109148458963048,0.0029511923334807084,1.2913312473930594,0.00450142901767947,0.06264188826646788,0.023479840440899832,143,qp_active,PBM,0.02104575213494467
-93.32949610890964,0.0002945124573239255,0.0010182268513716508,0.0024851213998184235,1.2880368745885376,0.0038034450021484645,0.05303609670354925,0.019877085384025415,150,qp_active,PBM,0.017818500947477757
-93.33008219952991,0.0002471887831565489,0.0008578163111998549,0.0020961401440376688,1.2852603273080412,0.0032173543818743155,0.04494155103818809,0.0168417674420107,157,qp_active,PBM,0.015098982005240296
-93.33063913426304,0.00020288289251402247,0.0007065633726970333,0.0017285287355674288,1.282612900339207,0.0026604196487483023,0.037224602587398126,0.0139485791727058,165,qp_active,PBM,0.012506324139586394
-93.33109734130619,0.00016691215643671597,0.000582986179910705,0.0014275669670806286,1.280428011825785,0.0022022126055958324,0.030856766994116658,0.011561587745443766,173,qp_active,PBM,0.010366926793162234
-93.33151734477521,0.00013431937127528215,0.0004703988103464951,0.0011528802598571404,1.2784197832008322,0.0017822091365786719,0.02500449987624176,0.009368174762950534,182,qp_active,PBM,0.008400744632970036
-93.33185594420804,0.0001083059598041558,0.000380112059039206,0.0009322594012251636,1.2767968653092323,0.0014436097037417994,0.020275572651651252,0.0075960087253248995,191,qp_active,PBM,0.006811970204434832
-93.33212935639582,8.747073526338411e-05,0.00030752020067481567,0.0007546531914255285,1.27548379196282,0.0011701975159610356,0.016449804972806792,0.006162447621730205,200,qp_active,PBM,0.005526629667566895
-93.332372217416,6.909059650528349e-05,0.00024327465215190358,0.0005972992269703151,1.2743154641890786,0.0009273364957920194,0.013046010206481107,0.004887114669578435,210,qp_active,PBM,0.004383059080013923
-93.33256424594694,5.464183829628766e-05,0.00019263282602466347,0.00047315202641978467,1.2733903418154324,0.0007353079648453331,0.010350930189682916,0.003877396262598483,220,qp_active,PBM,0.00347759489962236
-93.33272957936663,4.226117304018118e-05,0.0001491420498593854,0.00036645586848062136,1.2725928730874396,0.0005699745451579474,0.008027848196415999,0.0030071000276707545,231,qp_active,PBM,0.002697110639450081
-93.332857544925,3.2716429935852887e-05,0.00011555144395813954,0.00028399721987658886,1.2719750335339988,0.00044200898678070644,0.006228112217935067,0.0023328981736068424,242,qp_active,PBM,0.0020924545800680523
-93.33296448457097,2.4765168025187023e-05,8.752737661854582e-05,0.0002151694494057991,1.2714582989605914,0.00033506934082083717,0.004722939533060799,0.001769065443750227,254,qp_active,PBM,0.0015867627479284722
-93.33305126202893,1.832985668226428e-05,6.481858406814922e-05,0.00015937338967017824,1.271038711439211,0.00024829188285480086,0.0035007753019220544,0.0013112617141275173,267,qp_active,PBM,0.0011761530714237195
-93.33311551648038,1.3574532816029716e-05,4.802213288535029e-05,0.00011809096480396628,1.2707278667980932,0.00018403743140993356,0.002595373879074714,0.0009721210643737059,280,qp_active,PBM,0.0008719659778480075
-93.33316311580373,1.0057138651209385e-05,3.558946218884529e-05,8.752665764435771e-05,1.2704975064512118,0.00013643810805774592,0.0019244107169886782,0.0007207998573567842,293,qp_active,PBM,0.0006465429455653053
-93.33320293819253,7.117905792775048e-06,2.5194651198212625e-05,6.196748027218718e-05,1.2703047251523412,9.661571925789758e-05,0.001362909751094099,0.000510482777930394,308,qp_active,PBM,0.0004578958520824118
-93.33323112807624,5.039165781539623e-06,1.783988379067125e-05,4.388068522233869e-05,1.2701682251390238,6.842583555055626e-05,0.0009653392652746451,0.00036156958714776927,323,qp_active,PBM,0.000324324369289089
-93.33325218966854,3.487106009725238e-06,1.2346852620304105e-05,3.0370853212614752e-05,1.2700662241361753,4.736424324391919e-05,0.0006682527988206566,0.00025029441430445774,339,qp_active,PBM,0.00022451243339979203
-93.33326676592591,2.413478592089291e-06,8.546229326000798e-06,2.102270826751753e-05,1.2699956228299245,3.278798587302845e-05,0.0004626216130039218,0.00017327472431528782,355,qp_active,PBM,0.0001554266652712099
-93.33327787490657,1.5955213377161215e-06,5.650204913720813e-06,1.3899159151222634e-05,1.2699418107865617,2.1679005214991776e-05,0.00030589088402632747,0.00011457108192898464,373,qp_active,PBM,0.00010276995000808888
-93.33328521938007,1.054881034079358e-06,3.735814024352635e-06,9.190017244423835e-06,1.2699062317930525,1.4334531712734133e-05,0.0002022652506796785,7.57581246620526e-05,391,qp_active,PBM,6.795491721464653e-05
-93.33329029071874,6.816332573933437e-07,2.4140513126269525e-06,5.93857486339747e-06,1.2698816635413004,9.263193049946494e-06,0.00013070908958678906,4.8956837337238185e-05,410,qp_active,PBM,4.3914242966720683e-05
-93.33329370375137,4.304648237862807e-07,1.524554027021452e-06,3.7504354372354775e-06,1.2698651285172735,5.850160420095563e-06,8.25501305898868e-05,3.091897421974058e-05,430,qp_active,PBM,2.773431062154079e-05
-93.3332959431223,2.6567996291859686e-07,9.409578467511892e-07,2.3147873590044294e-06,1.2698542792873106,3.6107894914039207e-06,5.0951313169456114e-05,1.9083697707671267e-05,451,qp_active,PBM,1.711807765680526e-05
-93.33329737589116,1.6025445326306453e-07,5.675779108926804e-07,1.396264623272196e-06,1.269847337768213,2.178020622523036e-06,3.073387080587686e-05,1.1511298139173853e-05,473,qp_active,PBM,1.0325637445289738e-05
-93.3332982991337,9.232291864336162e-08,3.2698477170356455e-07,8.043973369271758e-07,1.2698428647802622,1.2547780841032363e-06,1.7706124999961048e-05,6.631785915308889e-06,497,qp_active,PBM,5.9487146433770645e-06
-93.333298831019,5.3187952708810826e-08,1.8837914872449346e-07,4.6342174966088236e-07,1.269840287853397,7.228927927371842e-07,1.0200730005571756e-05,3.820658182616433e-06,521,qp_active,PBM,3.4271322470283027e-06
-93.33329914690357,2.994612602336133e-08,1.06062328697476e-07,2.6091859769874223e-07,1.2698387574224386,4.070082155749333e-07,5.743293641558012e-06,2.151136303386329e-06,546,qp_active,PBM,1.9295704162726565e-06
-93.33329933504713,1.6103189004468277e-08,5.7033894051983225e-08,1.4030626797696534e-07,1.2698378458828756,2.1886465617626527e-07,3.0884013708654123e-06,1.1567529883372216e-06,573,qp_active,PBM,1.0376080853113427e-06
-93.33329943889274,8.462628819927431e-09,2.9972767379149445e-08,7.373453928205545e-08,1.2698373427592256,1.1501904850774736e-07,1.6230354140667203e-06,6.0790383240639e-07,601,qp_active,PBM,5.452900922364152e-07
-93.33329949618111,4.2475813977205235e-09,1.5044006929088027e-08,3.7009026482715936e-08,1.2698370652014936,5.773067357495165e-08,8.146384293805653e-07,3.051207715894403e-07,631,qp_active,PBM,2.736935130597193e-07
-93.33329952493548,2.1319568332955896e-09,7.550926994781548e-09,1.8575673963803843e-08,1.2698369258889781,2.897630224651948e-08,4.08885665326153e-07,1.5314709470129025e-07,661,qp_active,PBM,1.3737303587306716e-07
-93.33329954033671,9.98800597784566e-10,3.537540038678344e-09,8.702525894759241e-09,1.2698368512713185,1.3575075286098581e-08,1.9155902375445066e-07,7.174794938640046e-08,694,qp_active,PBM,6.435795351504762e-08
-93.33329954769641,4.572990874862626e-10,1.6196590735262362e-09,3.984438385991443e-09,1.2698368156137452,6.21537310507847e-09,8.770504233979182e-08,3.28497026356201e-08,728,qp_active,PBM,2.946620277818398e-08
-93.33329955113075,2.0461854433051485e-10,7.247153988032551e-10,1.7828315613127537e-09,1.269836798974794,2.7810358460556017e-09,3.924349334383237e-08,1.469855200862492e-08,763,qp_active,PBM,1.3184609479049738e-08
-93.33329955275032,8.545786300828695e-11,3.026716655085693e-10,7.445886692290185e-10,1.2698367911281387,1.161467366728175e-09,1.638982816132284e-08,6.138768981017129e-09,801,qp_active,PBM,5.506479299446347e-09
-93.33329955343774,3.487965472004362e-11,1.2353673639609042e-10,3.039109170785513e-10,1.2698367877976424,4.740456915897084e-10,6.6896315153996966e-09,2.505584910750835e-09,840,qp_active,PBM,2.247510901145362e-09
-93.333299553727,1.3597567516399067e-11,4.815881027298019e-11,1.184714219684978e-10,1.2698367863961686,1.8478374386177165e-10,2.6077877635088953e-09,9.767407391552865e-10,881,qp_active,PBM,8.761366620668847e-10
-93.333299553843,5.062616992290714e-12,1.7931434115325828e-11,4.4109856929584303e-11,1.2698367858341606,6.87805368215777e-11,9.709255621714874e-10,3.6365786782867264e-10,924,qp_active,PBM,3.262011936169739e-10
-93.33329955388734,1.8003376567321538e-12,6.3788974102862994e-12,1.5684434677668746e-11,1.2698367856193444,2.4442670110147446e-11,3.4525582393030163e-10,1.293156636442767e-10,969,qp_active,PBM,1.1599536180445564e-10
-93.33329955390369,5.968558980384842e-13,2.1156409957256983e-12,5.205669913594947e-12,1.269836785540147,8.100187187665142e-12,1.1459366788812986e-10,4.292125016567353e-11,1017,qp_active,PBM,3.849995581788256e-11
-93.33329955390923,1.887379141862766e-13,6.687983500341943e-13,1.6507483869724883e-12,1.2698367855132744,2.5579538487363607e-12,3.63280516779696e-11,1.3606669858588585e-11,1067,qp_active,PBM,1.2205110546919323e-11
-93.33329955391105,5.773159728050814e-14,2.0250467969162855e-13,4.987120126742901e-13,1.269836785504576,7.389644451905042e-13,1.0997203148122026e-11,4.119586890709236e-12,1119,qp_active,PBM,3.694722781160179e-12
-93.33329955391157,1.687538997430238e-14,5.861977570020827e-14,1.4066236254831098e-13,1.2698367855018673,2.1316282072803006e-13,3.1086244689504383e-12,1.1647664535914618e-12,1174,qp_active,PBM,1.0444024256717042e-12
-93.33329955391173,4.440892098500626e-15,1.687538997430238e-14,3.836246251310925e-14,1.2698367855010884,5.684341886080802e-14,8.406608742461685e-13,3.1506299292931933e-13,1231,qp_active,PBM,2.8243625597093374e-13
-93.33329955391177,1.7763568394002505e-15,7.105427357601002e-15,9.299990912264465e-15,1.2698367855008748,1.4210854715202004e-14,2.1538326677728037e-13,8.167535861159254e-14,1291,qp_active,PBM,7.236216806439665e-14
-93.33329955391179,0.0,7.105427357601002e-15,2.324997728065833e-15,1.2698367855008201,0.0,5.595524044110789e-14,2.0969292206913945e-14,1355,qp_active,PBM,1.8799243662090677e-14
-93.33329955391183,4.440892098500626e-16,3.552713678800501e-15,1.1278416294231937e-15,1.269836785500807,-4.263256414560601e-14,1.7763568394002505e-14,6.649131216374255e-15,1421,qp_active,PBM,5.968013860981168e-15
-93.33329955391183,4.440892098500626e-16,2.4424906541753444e-15,1.1278416294231939e-15,1.2698367855008073,-4.263256414560601e-14,1.554312234475219e-14,6.128672234774694e-15,1490,qp_active,PBM,5.222012128358522e-15
-93.3332995539118,0.0,3.552713678800501e-15,0.0,1.2698367855008033,-1.4210854715202004e-14,9.325873406851315e-15,3.772651600534312e-15,1563,qp_active,PBM,3.133207277015113e-15
-93.3332995539118,0.0,3.552713678800501e-15,0.0,1.2698367855008033,-1.4210854715202004e-14,9.325873406851315e-15,3.772651600534312e-15,1640,qp_active,PBM,3.133207277015113e-15
-93.3332995539118,0.0,3.552713678800501e-15,0.0,1.2698367855008037,-1.4210854715202004e-14,9.325873406851315e-15,3.882349959091264e-15,1720,qp_active,PBM,3.133207277015113e-15
-93.3332995539118,0.0,3.552713678800501e-15,0.0,1.2698367855008037,-1.4210854715202004e-14,9.325873406851315e-15,3.882349959091264e-15,1804,qp_active,PBM,3.133207277015113e-15
-93.3332995539118,0.0,3.552713678800501e-15,0.0,1.2698367855008037,-1.4210854715202004e-14,9.325873406851315e-15,3.882349959091264e-15,1892,qp_active,PBM,3.133207277015113e-15
-93.3332995539118,0.0,3.552713678800501e-15,0.0,1.2698367855008037,-1.4210854715202004e-14,9.325873406851315e-15,3.882349959091264e-15,1985,qp_active,PBM,3.133207277015113e-15
-93.3332995539118,0.0,3.552713678800501e-15,0.0,1.2698367855008037,-1.4210854715202004e-14,9.325873406851315e-15,3.882349959091264e-15,2082,qp_active,PBM,3.133207277015113e-15
-93.3332995539118,0.0,3.552713678800501e-15,0.0,1.2698367855008037,-1.4210854715202004e-14,9.325873406851315e-15,3.882349959091264e-15,2184,qp_active,PBM,3.133207277015113e-15
-93.3332995539118,0.0,3.552713678800501e-15,0.0,1.2698367855008037,-1.4210854715202004e-14,9.325873406851315e-15,3.882349959091264e-15,2291,qp_active,PBM,3.133207277015113e-15
-93.3332995539118,0.0,3.552713678800501e-15,0.0,1.2698367855008037,-1.4210854715202004e-14,9.325873406851315e-15,3.882349959091264e-15,2403,qp_active,PBM,3.133207277015113e-15
-93.3332995539118,0.0,3.552713678800501e-15,0.0,1.2698367855008037,-1.4210854715202004e-14,9.325873406851315e-15,3.882349959091264e-15,2521,qp_active,PBM,3.133207277015113e-15
-93.3332995539118,0.0,3.552713678800501e-15,0.0,1.2698367855008037,-1.4210854715202004e-14,9.325873406851315e-15,3.882349959091264e-15,2644,qp_active,PBM,3.133207277015113e-15
-93.3332995539118,0.0,3.552713678800501e-15,0.0,1.2698367855008037,-1.4210854715202004e-14,9.325873406851315e-15,3.882349959091264e-15,2773,qp_active,PBM,3.133207277015113e-15
-93.3332995539118,0.0,3.552713678800501e-15,0.0,1.2698367855008037,-1.4210854715202004e-14,9.325873406851315e-15,3.882349959091264e-15,2909,qp_active,PBM,3.133207277015113e-15
-93.3332995539118,0.0,3.552713678800501e-15,0.0,1.2698367855008037,-1.4210854715202004e-14,9.325873406851315e-15,3.882349959091264e-15,3051,qp_active,PBM,3.133207277015113e-15
-93.3332995539118,0.0,3.552713678800501e-15,0.0,1.2698367855008037,-1.4210854715202004e-14,9.325873406851315e-15,3.882349959091264e-15,3201,qp_active,PBM,3.133207277015113e-15
-93.3332995539118,0.0,3.552713678800501e-15,0.0,1.2698367855008037,-1.4210854715202004e-14,9.325873406851315e-15,3.882349959091264e-15,3357,qp_active,PBM,3.133207277015113e-15
-93.3332995539118,0.0,3.552713678800501e-15,0.0,1.2698367855008037,-1.4210854715202004e-14,9.325873406851315e-15,3.882349959091264e-15,3521,qp_active,PBM,3.133207277015113e-15
-93.3332995539118,0.0,3.552713678800501e-15,0.0,1.2698367855008037,-1.4210854715202004e-14,9.325873406851315e-15,3.882349959091264e-15,3694,qp_active,PBM,3.133207277015113e-15
-93.3332995539118,0.0,3.552713678800501e-15,0.0,1.2698367855008037,-1.4210854715202004e-14,9.325873406851315e-15,3.882349959091264e-15,3874,qp_active,PBM,3.133207277015113e-15
-93.3332995539118,0.0,3.552713678800501e-15,0.0,1.2698367855008037,-1.4210854715202004e-14,9.325873406851315e-15,3.882349959091264e-15,4064,qp_active,PBM,3.133207277015113e-15
-93.3332995539118,0.0,3.552713678800501e-15,0.0,1.2698367855008037,-1.4210854715202004e-14,9.325873406851315e-15,3.882349959091264e-15,4263,qp_active,PBM,3.133207277015113e-15
-93.3332995539118,0.0,3.552713678800501e-15,0.0,1.2698367855008037,-1.4210854715202004e-14,9.325873406851315e-15,3.882349959091264e-15,4471,qp_active,PBM,3.133207277015113e-15
-93.3332995539118,0.0,3.552713678800501e-15,0.0,1.2698367855008037,-1.4210854715202004e-14,9.325873406851315e-15,3.882349959091264e-15,4690,qp_active,PBM,3.133207277015113e-15
-93.3332995539118,0.0,3.552713678800501e-15,0.0,1.2698367855008037,-1.4210854715202004e-14,9.325873406851315e-15,3.882349959091264e-15,4919,qp_active,PBM,3.133207277015113e-15
-93.3332995539118,0.0,3.552713678800501e-15,0.0,1.2698367855008037,-1.4210854715202004e-14,9.325873406851315e-15,3.882349959091264e-15,5160,qp_active,PBM,3.133207277015113e-15
-93.3332995539118,0.0,3.552713678800501e-15,0.0,1.2698367855008037,-1.4210854715202004e-14,9.325873406851315e-15,3.882349959091264e-15,5413,qp_active,PBM,3.133207277015113e-15
-93.3332995539118,0.0,3.552713678800501e-15,0.0,1.2698367855008037,-1.4210854715202004e-14,9.325873406851315e-15,3.882349959091264e-15,5677,qp_active,PBM,3.133207277015113e-15
-93.3332995539118,0.0,3.552713678800501e-15,0.0,1.2698367855008037,-1.4210854715202004e-14,9.325873406851315e-15,3.882349959091264e-15,5955,qp_active,PBM,3.133207277015113e-15
-93.3332995539118,0.0,3.552713678800501e-15,0.0,1.2698367855008037,-1.4210854715202004e-14,9.325873406851315e-15,3.882349959091264e-15,6246,qp_active,PBM,3.133207277015113e-15
-93.3332995539118,0.0,3.552713678800501e-15,0.0,1.2698367855008037,-1.4210854715202004e-14,9.325873406851315e-15,3.882349959091264e-15,6552,qp_active,PBM,3.133207277015113e-15
-93.3332995539118,0.0,3.552713678800501e-15,0.0,1.2698367855008037,-1.4210854715202004e-14,9.325873406851315e-15,3.882349959091264e-15,6873,qp_active,PBM,3.133207277015113e-15
-93.3332995539118,0.0,3.552713678800501e-15,0.0,1.2698367855008037,-1.4210854715202004e-14,9.325873406851315e-15,3.882349959091264e-15,7209,qp_active,PBM,3.133207277015113e-15
-93.3332995539118,0.0,3.552713678800501e-15,0.0,1.2698367855008037,-1.4210854715202004e-14,9.325873406851315e-15,3.882349959091264e-15,7561,qp_active,PBM,3.133207277015113e-15
-93.3332995539118,0.0,3.552713678800501e-15,0.0,1.2698367855008037,-1.4210854715202004e-14,9.325873406851315e-15,3.882349959091264e-15,7931,qp_active,PBM,3.133207277015113e-15
-93.3332995539118,0.0,3.552713678800501e-15,0.0,1.2698367855008037,-1.4210854715202004e-14,9.325873406851315e-15,3.882349959091264e-15,8319,qp_active,PBM,3.133207277015113e-15
-93.3332995539118,0.0,3.552713678800501e-15,0.0,1.2698367855008037,-1.4210854715202004e-14,9.325873406851315e-15,3.882349959091264e-15,8726,qp_active,PBM,3.133207277015113e-15
-93.3332995539118,0.0,3.552713678800501e-15,0.0,1.2698367855008037,-1.4210854715202004e-14,9.325873406851315e-15,3.882349959091264e-15,9153,qp_active,PBM,3.133207277015113e-15
-93.3332995539118,0.0,3.552713678800501e-15,0.0,1.2698367855008037,-1.4210854715202004e-14,9.325873406851315e-15,3.882349959091264e-15,9601,qp_active,PBM,3.133207277015113e-15
-93.3332995539118,0.0,3.552713678800501e-15,0.0,1.2698367855008037,-1.4210854715202004e-14,9.325873406851315e-15,3.882349959091264e-15,10071,qp_active,PBM,3.133207277015113e-15
-93.3332995539118,0.0,3.552713678800501e-15,0.0,1.2698367855008037,-1.4210854715202004e-14,9.325873406851315e-15,3.882349959091264e-15,10563,qp_active,PBM,3.133207277015113e-15
-93.3332995539118,0.0,3.552713678800501e-15,0.0,1.2698367855008037,-1.4210854715202004e-14,9.325873406851315e-15,3.882349959091264e-15,11080,qp_active,PBM,3.133207277015113e-15
-93.3332995539118,0.0,3.552713678800501e-15,0.0,1.2698367855008037,-1.4210854715202004e-14,9.325873406851315e-15,3.882349959091264e-15,11622,qp_active,PBM,3.133207277015113e-15
-93.3332995539118,0.0,3.552713678800501e-15,0.0,1.2698367855008037,-1.4210854715202004e-14,9.325873406851315e-15,3.882349959091264e-15,12191,qp_active,PBM,3.133207277015113e-15
-93.3332995539118,0.0,3.552713678800501e-15,0.0,1.2698367855008037,-1.4210854715202004e-14,9.325873406851315e-15,3.882349959091264e-15,12787,qp_active,PBM,3.133207277015113e-15
-93.3332995539118,0.0,3.552713678800501e-15,0.0,1.2698367855008037,-1.4210854715202004e-14,9.325873406851315e-15,3.882349959091264e-15,13413,qp_active,PBM,3.133207277015113e-15
0.0,2.5172968200235886,30.023012907880656,0.0,0.0,46.71892162053226,1.3814929326399201,1.0,0,qp_inactive,ALM (rho=0),12.606803277219766
-37.70935361213124,2.2057588996529107,9.741398785857628,0.22720990949101272,0.0,9.009568008401018,1.3370698182253147,0.9471830506659804,1,qp_inactive,ALM (rho=0),4.090458826203252
-43.5522645373692,1.8164509129634971,5.9829994997939995,0.3510601520860455,0.0,3.1666570831630594,1.3268411293221039,0.9119370284924653,2,qp_inactive,ALM (rho=0),2.5122894205534156
-45.91570746105267,1.5332554806392689,3.9335836835336675,0.410293192859669,0.0,0.8032141594795874,1.31454559665264,0.8821284086545369,3,qp_inactive,ALM (rho=0),1.6517301519653187
-46.914104724776145,1.3181389110346757,2.6453520015755405,0.4354297886969165,0.0,-0.1951831042438883,1.3023390099057957,0.8567650447747279,4,qp_inactive,ALM (rho=0),1.3181389110346757
-47.333548915524474,1.1526651394374596,1.7993691122252748,0.44294032854322807,0.0,-0.6146272949922178,1.2907123041768727,0.8349081166514746,5,qp_inactive,ALM (rho=0),1.1526651394374596
-47.50239976132951,1.024805388996455,1.2347889329916306,0.44214399351275246,0.0,-0.78347814079725,1.279666334733283,0.815773757812923,6,qp_inactive,ALM (rho=0),1.024805388996455
-47.56218841936267,0.9252330279364473,0.8554022770995271,0.4379839111854426,0.0,-0.8432667988304132,1.269097479721174,0.7987459000764285,7,qp_inactive,ALM (rho=0),0.9252330279364473
-47.57470980717787,0.8462742399044849,0.5994263098669741,0.43264698269116814,0.0,-0.8557881866456114,1.2588947967467126,0.7833260492484875,8,qp_inactive,ALM (rho=0),0.8462742399044849
-47.567355014400675,0.7827963651587193,0.4258458638244065,0.4273025516144762,0.0,-0.8484333938684188,1.2489624197337224,0.7691546002453986,9,qp_inactive,ALM (rho=0),0.7827963651587193
-47.55218584660058,0.7308498696173711,0.30787618234862535,0.42235724255595725,0.0,-0.833264226068323,1.2392301513587636,0.7559760497607759,10,qp_inactive,ALM (rho=0),0.7308498696173711
-47.53443421336151,0.6874827086858042,0.22740984794634223,0.41785549132670624,0.0,-0.8155125928292506,1.2296479103008238,0.7436028502058386,11,qp_inactive,ALM (rho=0),0.6874827086858042
-47.51628073367126,0.650517893030399,0.17226800424422528,0.4136882877648403,0.0,-0.7973591131390023,1.2201805435700108,0.7318969834119983,12,qp_inactive,ALM (rho=0),0.650517893030399
-47.49855529429331,0.6183627529368803,0.1342604293281795,0.409699935595253,0.0,-0.7796336737610545,1.2108038492957955,0.7207562208062886,13,qp_inactive,ALM (rho=0),0.6183627529368803
-47.48150563486796,0.5898578310016793,0.10787148072702735,0.4057392119038213,0.0,-0.762584014335701,1.2015014806943014,0.7101040389061183,14,qp_inactive,ALM (rho=0),0.5898578310016793
-47.465143332347736,0.5641613429268404,0.09494928715911377,0.40168076945939896,0.0,-0.7462217118154797,1.1922626116660848,0.6998823146805505,15,qp_inactive,ALM (rho=0),0.5641613429268404
-47.44939699343412,0.5406626344381265,0.08923695313206748,0.3974312106898626,0.0,-0.7304753729018643,1.183080231592647,0.6900460877246536,16,qp_inactive,ALM (rho=0),0.5406626344381265
-47.43417749810333,0.5189182469156348,0.08429926472639504,0.39292779066716854,0.0,-0.7152558775710744,1.1739499301667595,0.6805598325605342,17,qp_inactive,ALM (rho=0),0.5189182469156348
-47.419403478247006,0.49860515551740114,0.0799697236524809,0.38813403350626785,0.0,-0.7004818577147489,1.1648690473992769,0.6713948199900249,18,qp_inactive,ALM (rho=0),0.49860515551740114
-47.405009239177794,0.47948682381799657,0.0761206236420996,0.38303447983089517,0.0,-0.6860876186455371,1.1558360874260265,0.6625272561351246,19,qp_inactive,ALM (rho=0),0.48534096892942075
-47.39094532453329,0.46138870415504973,0.07265410539818151,0.3776296380856245,0.0,-0.6720237040010346,1.146850318700199,0.653936972669932,20,qp_inactive,ALM (rho=0),0.4815678026929513
-47.377176347569204,0.44418063423228604,0.06949527276916323,0.3719315934138836,0.0,-0.6582547270369474,1.1379115037500134,0.6456065054666575,21,qp_inactive,ALM (rho=0),0.4778143525660694
-47.36367811962191,0.4277642325536224,0.06658685782401896,0.36596040558610876,0.0,-0.6447564990896524,1.129019717906529,0.6375204457380027,22,qp_inactive,ALM (rho=0),0.4740806501806386
-47.337437122486755,0.39702039020554647,0.06135643880472741,0.3533023503420038,0.0,-0.6185155019544979,1.1113784152080861,0.6220275731835191,24,qp_inactive,ALM (rho=0),0.46667298482221686
-47.32467945704923,0.38258627236250886,0.0589752377304954,0.3466731637044597,0.0,-0.6057578365169718,1.1026297170784005,0.6145967186420025,25,qp_inactive,ALM (rho=0),0.46299936563579014
-47.312159489658356,0.36872265589097664,0.05672168431341307,0.3398834161963059,0.0,-0.5932378691260993,1.093929598837058,0.6073617867380847,26,qp_inactive,ALM (rho=0),0.4593461453712655
-47.29987662384738,0.3553968968816763,0.05458043773956789,0.3329621816642123,0.0,-0.5809550033151254,1.0852785286192703,0.6003128925940631,27,qp_inactive,ALM (rho=0),0.45571352060080356
-47.276024572475166,0.33025022292159356,0.050589409503637106,0.3188352542444369,0.0,-0.5571029519429089,1.068125343550556,0.5867368773154346,29,qp_inactive,ALM (rho=0),0.4485108181137969
-47.264457487021964,0.3183827003875259,0.0487225575330803,0.3116804923770237,0.0,-0.5455358664897076,1.05962408120566,0.5801929889159164,30,qp_inactive,ALM (rho=0),0.4449410983685142
-47.24204603990525,0.2959588933158095,0.04521494561106232,0.29730198940550856,0.0,-0.5231244193729907,1.042774149430302,0.5675552319313286,32,qp_inactive,ALM (rho=0),0.43786573335507295
-47.22060105652058,0.27516682989252805,0.04197853351585312,0.28296118628848776,0.0,-0.5016794359883221,1.0261299163257056,0.5554716164985002,34,qp_inactive,ALM (rho=0),0.43087674217375294
-47.210240449357066,0.26534299862201394,0.04045301577734728,0.27584679636824566,0.0,-0.4913188288248094,1.017885668743796,0.5496218622272124,35,qp_inactive,ALM (rho=0),0.4274149441272768
-47.190237964309986,0.2467675593063836,0.03757290359525656,0.2617992046378313,0.0,-0.4713163437777297,1.001554129904765,0.5382780307131789,37,qp_inactive,ALM (rho=0),0.4205572547278263
-47.17118206630657,0.22953318283957014,0.034904461899032846,0.24806807728712896,0.0,-0.45226044577431423,0.9854331811720018,0.5273741967417044,39,qp_inactive,ALM (rho=0),0.4137879930971009
-47.153053421499706,0.21354134015065496,0.032430683067471544,0.2347250773447771,0.0,-0.4341318009674495,0.9695240536267069,0.5168732324292153,41,qp_inactive,ALM (rho=0),0.4071076761718437
-47.13582765097144,0.19870126908113184,0.030136584239820685,0.22182392419527563,0.0,-0.4169060304391863,0.9538276102300173,0.506742083457995,43,qp_inactive,ALM (rho=0),0.40051666631346466
-47.119476417246695,0.18723360028444624,0.028008681519765377,0.20940328551594153,0.0,-0.40055479671443806,0.9383443763394905,0.49695131963050515,45,qp_inactive,ALM (rho=0),0.3940151841220549
-47.103968423318044,0.1846259428338377,0.026034683149738613,0.19748932732773378,0.0,-0.3850468027857872,0.9230745685110979,0.48747473302126654,47,qp_inactive,ALM (rho=0),0.3876033205304775
-47.08221409878277,0.18072136312428988,0.02333780375476957,0.18060079383279987,0.0,-0.36329247825051425,0.9005698167204613,0.4737985694706803,50,qp_inactive,ALM (rho=0),0.37815347019407963
-47.06866539313265,0.17812708283072576,0.02170106869946742,0.1700050441689538,0.0,-0.3497437726003909,0.8858327322534894,0.4650107652756064,52,qp_inactive,ALM (rho=0),0.37196529962888897
-47.04968466460467,0.17425516146687026,0.019464574795333145,0.15510109440380135,0.0,-0.3307630440724125,0.8641245724383428,0.45227964679928984,55,qp_inactive,ALM (rho=0),0.3628499419817501
-47.032208281455915,0.1704132861568547,0.017465386801813976,0.1413593044170701,0.0,-0.31328666092365864,0.8428905631354972,0.44004415768054667,58,qp_inactive,ALM (rho=0),0.35393368234821526
-47.016118966959716,0.16660796802989997,0.015678136781831664,0.12873581598550227,0.0,-0.29719734642745976,0.8221267403617611,0.4282607585086623,61,qp_inactive,ALM (rho=0),0.3452148562332375
-47.00130382441711,0.16284477486880078,0.014080179312349783,0.117175510980942,0.0,-0.28238220388485047,0.8018283804627243,0.4168924949591251,64,qp_inactive,ALM (rho=0),0.3366914801522781
-46.9876555505157,0.15912843834447343,0.012651295262990081,0.10661641468545259,0.0,-0.2687339299834406,0.7819901114179175,0.40590787929389566,67,qp_inactive,ALM (rho=0),0.3283612983688639
-46.97507317627317,0.15546294961848384,0.011373430312865807,0.09699298495376195,0.0,-0.25615155574091375,0.7626060114697617,0.3952799596744528,70,qp_inactive,ALM (rho=0),0.32022182430934265
-46.9597928346606,0.1506604087986686,0.010318254996624532,0.09703087675195282,0.0,-0.24087121412834023,0.7374559389422747,0.3816246423364637,74,qp_inactive,ALM (rho=0),0.30966119144632265
-46.946036185915936,0.14596046424263498,0.00946539615601516,0.09756102736101425,0.0,-0.2271145653836797,0.7130857179380315,0.3685160116899018,78,qp_inactive,ALM (rho=0),0.29942802187851364
-46.933619998193656,0.14136789822341767,0.008712151743155871,0.09782866210859474,0.0,-0.21469837766139932,0.6894782437465022,0.3559152359475325,82,qp_inactive,ALM (rho=0),0.2895151332581136
-46.92238129504353,0.1368861790662862,0.0080452281019614,0.09785681118215378,0.0,-0.20345967451127223,0.6666157123855123,0.34378954178784576,86,qp_inactive,ALM (rho=0),0.2799150496098928
-46.91217597323754,0.13251766694240164,0.007453172485661241,0.09766725784464055,0.0,-0.19325435270528146,0.644479822628775,0.33211091126685827,90,qp_inactive,ALM (rho=0),0.2706200861634973
-46.900680843451546,0.12721832371117503,0.006803483677581212,0.09715530193829952,0.0,-0.1817592229192897,0.6178034018859061,0.3181046249262946,95,qp_inactive,ALM (rho=0),0.25941853255934794
-46.89236067754017,0.12310857199197367,0.006345854088548819,0.09654898772951943,0.0,-0.1734390570079114,0.5972340774903847,0.3073476167476134,99,qp_inactive,ALM (rho=0),0.25078137722136423
-46.88290128754988,0.11813329668837125,0.005839862271644236,0.09557417348978331,0.0,-0.163979667017621,0.5724562243704268,0.2944311404870653,104,qp_inactive,ALM (rho=0),0.24037704102520707
-46.87272603986459,0.11239844165612078,0.005314365539527799,0.09412796129663659,0.0,-0.15380441933233158,0.5440439439375866,0.279666524571729,110,qp_inactive,ALM (rho=0),0.2284465918336805
-46.865074591129954,0.10781271592600028,0.0050259379825439154,0.09272621549651787,0.0,-0.14615297059769716,0.5214254099910832,0.26794200119273903,115,qp_inactive,ALM (rho=0),0.21894896383886198
-46.856726857281515,0.1025369004901544,0.004762907195225985,0.09084698277124757,0.0,-0.1378052367492586,0.4954998673436788,0.25452957868076875,121,qp_inactive,ALM (rho=0),0.20806270745234162
-46.84914737737494,0.09750238051734716,0.004515442025389227,0.08879035949390975,0.0,-0.1302257568426839,0.4708448128423467,0.24179606973697385,127,qp_inactive,ALM (rho=0),0.1977099349694094
-46.84111441384525,0.0919236483864766,0.004244721697076237,0.08621376621020332,0.0,-0.12219279331299049,0.44360841953037833,0.22774944228440114,134,qp_inactive,ALM (rho=0),0.1862732462693609
-46.83481281940134,0.08738535140557158,0.004026843242314726,0.08388861952000214,0.0,-0.11589119886908605,0.4215080133064779,0.2163643456257927,140,qp_inactive,ALM (rho=0),0.17699318252405227
-46.82803485438784,0.08236287254096175,0.0037878435813523126,0.08107737448418019,0.0,-0.10911323385558092,0.39710066968360136,0.20380173362549003,147,qp_inactive,ALM (rho=0),0.1667444249953786
-46.82092968109864,0.07696514719632841,0.003533125546922644,0.07777881570198181,0.0,-0.10200806056638356,0.3709210239865419,0.19033737755124383,155,qp_inactive,ALM (rho=0),0.1557514695520723
-46.81440338610908,0.07191301294961949,0.0032964178396546195,0.07443245633833327,0.0,-0.09548176557682098,0.34645833618268584,0.1777640322000738,163,qp_inactive,ALM (rho=0),0.14547947274344067
-46.80837199837906,0.06718648530036742,0.0030762213110460124,0.07107595016032632,0.0,-0.0894503778468021,0.32360234880344674,0.16602215083470798,171,qp_inactive,ALM (rho=0),0.13588213694370646
-46.802771116544875,0.06276615936401986,0.0028712165554090063,0.0677399798079861,0.0,-0.08384949601261837,0.3022492686279168,0.1550564005670665,179,qp_inactive,ALM (rho=0),0.12691587889486997
-46.79692288164885,0.05813608418083738,0.002657289994512979,0.0640421669056833,0.0,-0.07800126111659011,0.2799022801550617,0.14358365115923855,188,qp_inactive,ALM (rho=0),0.11753227411209903
-46.79092296162703,0.053387632590403244,0.002438603855759336,0.06003396397215667,0.0,-0.07200134109477574,0.25700096588153376,0.1318292553583765,198,qp_inactive,ALM (rho=0),0.10791590533785225
-46.78539083095035,0.049024554283316535,0.002238183732657717,0.056158717601630305,0.0,-0.0664692104180915,0.23597068521498876,0.12103729456477882,208,qp_inactive,ALM (rho=0),0.09908519230977174
-46.78028020297719,0.045016352281416205,0.002057072419727801,0.05243655515227815,0.0,-0.06135858244493164,0.21665943337114046,0.11112889344205581,218,qp_inactive,ALM (rho=0),0.09097630750932789
-46.775100684464576,0.04098346252012841,0.001880744038693094,0.048534954875524755,0.0,-0.056179063932319195,0.19723587159517453,0.10116395960865392,229,qp_inactive,ALM (rho=0),0.0828202632440885
-46.76993147081142,0.0369938279681461,0.0017032630324886333,0.04452085391878296,0.0,-0.05100985027916494,0.17802585815608785,0.09130943422029136,241,qp_inactive,ALM (rho=0),0.0747538889224179
-46.76521991608297,0.03339188223699385,0.00154098535994307,0.040765039257156306,0.0,-0.046298295550712965,0.160686062040875,0.08241487671948389,253,qp_inactive,ALM (rho=0),0.06747282758582539
-46.76058609441909,0.029883955156045472,0.0013814989306157877,0.036987119776479165,0.0,-0.04166447388683281,0.14380134920181775,0.07375415565303932,266,qp_inactive,ALM (rho=0),0.06038285784136753
-46.75639778598169,0.026744233587490118,0.0012378219408308855,0.03350524045005654,0.0,-0.03747616544943355,0.12869051673038556,0.06600357162291227,279,qp_inactive,ALM (rho=0),0.05403774874432662
-46.75233931119154,0.023730673981558592,0.0010992900638142622,0.03007400131132796,0.0,-0.03341769065928446,0.11418795281933658,0.05856515025011898,293,qp_inactive,ALM (rho=0),0.04794805445538633
-46.748460574826645,0.0208774980873887,0.0009677055605386009,0.02674480530273467,0.0,-0.02953895429438802,0.10045795465612684,0.05152309716906447,308,qp_inactive,ALM (rho=0),0.04218276413055222
-46.74501793974584,0.01836727954394246,0.0008516848606783256,0.02375098943813705,0.0,-0.026096319213586128,0.08837876288416324,0.04532780417039138,323,qp_inactive,ALM (rho=0),0.037110655115904154
-46.74177458480494,0.016021416253104492,0.0007431045310146711,0.020898370851600484,0.0,-0.022852964272686904,0.07709071741434803,0.039538324517969285,339,qp_inactive,ALM (rho=0),0.03237075212685676
-46.73875830880108,0.013856290399280269,0.0006427934602603047,0.018218533370468297,0.0,-0.019836688268824787,0.06667252649322064,0.03419500728082229,356,qp_inactive,ALM (rho=0),0.02799610512356766
-46.7359883074016,0.011881829332451188,0.0005512590832466024,0.01573535676110611,0.0,-0.017066686869341652,0.057171877284385,0.029322297459081992,374,qp_inactive,ALM (rho=0),0.024006738168653362
-46.73347547707796,0.010102063588119492,0.00046871848277052486,0.0134648872141479,0.0,-0.01455385654570307,0.04860811195998993,0.024930107060491122,393,qp_inactive,ALM (rho=0),0.02041077313049471
-46.73122305439766,0.008515839746552789,0.0003951364291422399,0.011415630362786977,0.0,-0.012301433865403055,0.04097564925538677,0.021015568586097277,413,qp_inactive,ALM (rho=0),0.01720586641001057
-46.729227518942984,0.007117632377149796,0.0003302671027759496,0.009589194975596014,0.0,-0.01030589841072782,0.034247884359422054,0.017565034098139018,434,qp_inactive,ALM (rho=0),0.014380846522797685
-46.72747967523328,0.005898402163494465,0.000273696875130236,0.007981196505491048,0.0,-0.008558054701026663,0.028381312871585074,0.014556189504600745,456,qp_inactive,ALM (rho=0),0.011917445767988893
-46.72602575062,0.00488802197087268,0.00022681491147991117,0.006637803149733925,0.0,-0.007104130087746796,0.023519668753618772,0.012062752168110119,478,qp_inactive,ALM (rho=0),0.009876018707116997
-46.724668962242156,0.003948248161272483,0.00018320807724203636,0.00537946904836801,0.0,-0.00574734170989899,0.01899776297605138,0.009743559923335626,503,qp_inactive,ALM (rho=0),0.007977249361387807
-46.723569885302226,0.0031891556438725654,0.00014798466694909695,0.00435685761991245,0.0,-0.004648264769969046,0.015345241390221975,0.007870257027126761,528,qp_inactive,ALM (rho=0),0.0064435384963379035
-46.72264823793499,0.0025540996035240404,0.00011851661642048317,0.0034970818274796082,0.0,-0.003726617402733723,0.012289545796869694,0.00630305390711793,554,qp_inactive,ALM (rho=0),0.0051604376517072215
-46.72185827834723,0.0020108590969047935,9.33089400656506e-05,0.002758531284963622,0.0,-0.0029366578149705447,0.009675638623805494,0.004962434958525081,582,qp_inactive,ALM (rho=0),0.004062845827167711
-46.72121569926113,0.0015696986997770779,7.283799883894826e-05,0.0021566718674740264,0.0,-0.0022940787288732167,0.0075529097678186385,0.0038737312220416533,611,qp_inactive,ALM (rho=0),0.0031715020709493042
-46.72068314880674,0.0012045717015116697,5.5895185756660304e-05,0.0016571255583157623,0.0,-0.0017615282744856131,0.005796030383157014,0.0029726641173506707,642,qp_inactive,ALM (rho=0),0.0024337802156448258
-46.72026254938601,0.0009165156046648804,4.252865303278064e-05,0.0012621180034658598,0.0,-0.0013409288537502562,0.004409992598383816,0.0022617940013745412,674,qp_inactive,ALM (rho=0),0.0018517764793428441
-46.719924992794084,0.0006855336405173773,3.18105034425864e-05,0.0009447985932247152,0.0,-0.001003372261827451,0.0032985780759797745,0.0016917724776797233,708,qp_inactive,ALM (rho=0),0.0013850883329404853
-46.719659633846675,0.0005040798987421269,2.339058873523925e-05,0.0006951601827912211,0.0,-0.00073801331441814,0.0024254782028101385,0.0012439776091645763,744,qp_inactive,ALM (rho=0),0.0010184696202820388
-46.71945979687804,0.0003675029567580257,1.705307146793178e-05,0.0005070528776865813,0.0,-0.000538176345784791,0.0017683117562867778,0.000906930529522247,781,qp_inactive,ALM (rho=0),0.0007425223615199135
-46.71930740361322,0.0002633928588926526,1.2222098266012615e-05,0.0003635415579594581,0.0,-0.0003857830809650409,0.0012673658274893196,0.0006500057226518279,820,qp_inactive,ALM (rho=0),0.0005321728274391416
-46.71919115628836,0.00018400079755864773,8.538104787958467e-06,0.00025403289530452546,0.0,-0.0002695357561037781,0.0008853555257177792,0.00045408053918993726,862,qp_inactive,ALM (rho=0),0.00037176491837678875
-46.71910832895089,0.0001274460163347424,5.913819159153455e-06,0.00017598761698262892,0.0,-0.00018670841863155374,0.0006132312266571294,0.00031451361397751763,905,qp_inactive,ALM (rho=0),0.0002574986548363818
-46.719048760356834,8.677897676379054e-05,4.02676513644451e-06,0.00011984830820261512,0.0,-0.00012713982457768225,0.00041755387810105127,0.00021415474868716192,950,qp_inactive,ALM (rho=0),0.00017533282269210289
-46.719006005201116,5.759374716740595e-05,2.6724962866042645e-06,7.954939409608012e-05,0.0,-8.438466885962725e-05,0.00027712348521502506,0.00014213090440311292,998,qp_inactive,ALM (rho=0),0.00011636544514445801
-46.71897667854786,3.757663156522817e-05,1.743651235619481e-06,5.190505681232051e-05,0.0,-5.505801560445889e-05,0.000180807251031867,9.273229979717453e-05,1048,qp_inactive,ALM (rho=0),7.592180877540523e-05
-46.718956634838115,2.3896423607006056e-05,1.1088548070858906e-06,3.300999266324853e-05,0.0,-3.5014305858283024e-05,0.00011498227706674413,5.8972031970313363e-05,1101,qp_inactive,ALM (rho=0),4.828159491503701e-05
-46.718943510683815,1.4939280115644493e-05,6.932205750542764e-07,2.063743601457539e-05,0.0,-2.1890151558068283e-05,7.18832438546535e-05,3.686742916270784e-05,1156,qp_inactive,ALM (rho=0),3.0184109668958733e-05
-46.718934959502576,9.103302685442571e-06,4.224163867583286e-07,1.2575749577966333e-05,0.0,-1.3338970319409782e-05,4.380230652145656e-05,2.2465297143639005e-05,1214,qp_inactive,ALM (rho=0),1.839279299178984e-05
-46.71892954311613,5.4068067434354106e-06,2.5088958144348084e-07,7.4693246412659215e-06,0.0,-7.922583876052158e-06,2.601589933481918e-05,1.3343016736550457e-05,1275,qp_inactive,ALM (rho=0),1.0924197581380253e-05
-46.718926207048206,3.130078726654162e-06,1.4524360925083357e-07,4.3241344974233826e-06,0.0,-4.586515949256409e-06,1.5060980895098552e-05,7.724465626421122e-06,1339,qp_inactive,ALM (rho=0),6.324176187415023e-06
-46.718924208571536,1.7662095377346532e-06,8.195661360677065e-08,2.4399909838809574e-06,0.0,-2.5880392797716922e-06,8.49845976125252e-06,4.35868425572569e-06,1406,qp_inactive,ALM (rho=0),3.5685429273274606e-06
-46.71892303184028,9.63147033683498e-07,4.469247216754013e-08,1.3305763565483287e-06,0.0,-1.4113080268884914e-06,4.634368762745922e-06,2.3768718954749816e-06,1477,qp_inactive,ALM (rho=0),1.9459930782194914e-06
-46.71892237067697,5.119358079674896e-07,2.3755123312874105e-08,7.072344396319587e-07,0.0,-7.501447143454243e-07,2.4632784343392444e-06,1.2633645661503408e-06,1551,qp_inactive,ALM (rho=0),1.0343421139649e-06
-46.71892200586113,2.6296734723096904e-07,1.220235368304401e-08,3.632871989772298e-07,0.0,-3.853288745858663e-07,1.265318395171633e-06,6.48955636948599e-07,1629,qp_inactive,ALM (rho=0),5.313131010508642e-07
-46.71892181181747,1.305423851238885e-07,6.05750016813289e-09,1.8034330046102144e-07,0.0,-1.9128520989397657e-07,6.28130006008476e-07,3.2215488978556806e-07,1711,qp_inactive,ALM (rho=0),2.637547218383657e-07
-46.718921712300954,6.262744056684255e-08,2.9060719386464484e-09,8.651934766001133e-08,0.0,-9.176869752991479e-08,3.013440772470233e-07,1.545531451434968e-07,1797,qp_inactive,ALM (rho=0),1.2653578480830464e-07
-46.718921663079456,2.9036293813788916e-08,1.347356337610961e-09,4.0113430637035826e-08,0.0,-4.254719954133179e-08,1.3971376033872218e-07,7.165629826741718e-08,1887,qp_inactive,ALM (rho=0),5.866646019555784e-08
-46.71892163943401,1.2899472601191064e-08,5.985680839870611e-10,1.7820529432679213e-08,0.0,-1.890175127527982e-08,6.206831493216214e-08,3.183355507719685e-08,1982,qp_inactive,ALM (rho=0),2.6062775195120353e-08
-46.718921628647394,5.538167924257209e-09,2.569867652013613e-10,7.650939699553497e-09,0.0,-8.115137006825535e-09,2.6647970274851218e-08,1.3667192848557472e-08,2081,qp_inactive,ALM (rho=0),1.1189607119812675e-08
-46.71892162384231,2.25894392080761e-09,1.0481959744623737e-10,3.1207150372723796e-09,0.0,-3.310056229111069e-09,1.0869346978026329e-08,5.5746632620896165e-09,2186,qp_inactive,ALM (rho=0),4.564089537724345e-09
-46.71892162182594,8.82874440222281e-10,4.0967673697878126e-11,1.219684795824949e-09,0.0,-1.2936851589984144e-09,4.248121632244306e-09,2.178773727386576e-09,2296,qp_inactive,ALM (rho=0),1.7838061049944835e-09
-46.71892162101673,3.306332985175686e-10,1.5341283798875338e-11,4.56767564671439e-10,0.0,-4.844764589506667e-10,1.5909076278575185e-09,8.1594360115795e-10,2411,qp_inactive,ALM (rho=0),6.680295398122278e-10
-46.71892162070463,1.1763545693099786e-10,5.456857188335107e-12,1.6251255231145624e-10,0.0,-1.723705622680427e-10,5.660285573583224e-10,2.9030434690095673e-10,2532,qp_inactive,ALM (rho=0),2.3767803364038177e-10
-46.718921620590514,3.976308171615983e-11,1.8455237338343977e-12,5.493241636325065e-11,0.0,-5.825739890497061e-11,1.9132784245812218e-10,9.812809675913034e-11,2659,qp_inactive,ALM (rho=0),8.033945422883637e-11
-46.718921620550816,1.2660095194405585e-11,5.901945598907332e-13,1.7489832036848682e-11,0.0,-1.8559376258053817e-11,6.091971371802174e-11,3.124446054933763e-11,2793,qp_inactive,ALM (rho=0),2.5580472183258312e-11
-46.718921620537856,3.829603301142015e-12,1.794120407794253e-13,5.290569895271628e-12,0.0,-5.5990767577895895e-12,1.8428369941148048e-11,9.451520838905481e-12,2933,qp_inactive,ALM (rho=0),7.738158567919799e-12
-46.71892162053387,1.0911271886016038e-12,5.1514348342607263e-14,1.5073844996586506e-12,0.0,-1.6129320101754274e-12,5.2517989956868405e-12,2.6935352802638167e-12,3080,qp_inactive,ALM (rho=0),2.205254915396765e-12
-46.71892162053268,2.90656387846866e-13,1.7763568394002505e-14,4.015397456366862e-13,0.0,-4.263256414560601e-13,1.3993251002375473e-12,7.17688359036874e-13,3235,qp_inactive,ALM (rho=0),5.875831420949777e-13
-46.71892162053237,7.283063041541027e-14,7.105427357601002e-15,1.0061500119857365e-13,0.0,-1.1368683772161603e-13,3.5216274341109965e-13,1.8065767716850151e-13,3397,qp_inactive,ALM (rho=0),1.478747799686821e-13
-46.71892162053229,1.6653345369377348e-14,3.552713678800501e-15,2.300647893260517e-14,0.0,-3.552713678800501e-14,8.260059303211165e-14,4.242360375363246e-14,3568,qp_inactive,ALM (rho=0),3.468437462064927e-14
-46.71892162053228,3.9968028886505635e-15,3.552713678800501e-15,5.521554943825496e-15,0.0,-2.1316282072803006e-14,1.887379141862766e-14,9.90064210562181e-15,3747,qp_inactive,ALM (rho=0),7.92519312568599e-15
-46.71892162053227,2.6645352591003757e-15,3.552713678800501e-15,3.681036629217008e-15,0.0,-1.4210854715202004e-14,1.4654943925052066e-14,7.74728979776513e-15,3935,qp_inactive,ALM (rho=0),6.153679368179709e-15
-46.71892162053227,2.6645352591003757e-15,3.552713678800501e-15,3.681036629217008e-15,0.0,-1.4210854715202004e-14,1.4654943925052066e-14,7.74728979776513e-15,4133,qp_inactive,ALM (rho=0),6.153679368179709e-15
-46.71892162053226,2.6645352591003757e-15,3.552713678800501e-15,3.681036629217008e-15,0.0,0.0,1.4654943925052066e-14,7.74728979776513e-15,4340,qp_inactive,ALM (rho=0),6.153679368179709e-15
-46.71892162053226,2.6645352591003757e-15,3.552713678800501e-15,3.681036629217008e-15,0.0,0.0,1.4654943925052066e-14,7.74728979776513e-15,4558,qp_inactive,ALM (rho=0),6.153679368179709e-15
-46.71892162053227,2.6645352591003757e-15,3.552713678800501e-15,3.681036629217008e-15,0.0,-1.4210854715202004e-14,1.4654943925052066e-14,7.74728979776513e-15,4787,qp_inactive,ALM (rho=0),6.153679368179709e-15
-46.71892162053227,2.6645352591003757e-15,3.552713678800501e-15,3.681036629217008e-15,0.0,-1.4210854715202004e-14,1.4654943925052066e-14,7.74728979776513e-15,5027,qp_inactive,ALM (rho=0),6.153679368179709e-15
-46.71892162053226,2.6645352591003757e-15,3.552713678800501e-15,3.681036629217008e-15,0.0,0.0,1.4654943925052066e-14,7.74728979776513e-15,5280,qp_inactive,ALM (rho=0),6.153679368179709e-15
-46.71892162053227,2.6645352591003757e-15,3.552713678800501e-15,3.681036629217008e-15,0.0,-1.4210854715202004e-14,1.4654943925052066e-14,7.74728979776513e-15,5545,qp_inactive,ALM (rho=0),6.153679368179709e-15
-46.71892162053227,2.6645352591003757e-15,3.552713678800501e-15,3.681036629217008e-15,0.0,-1.4210854715202004e-14,1.4654943925052066e-14,7.74728979776513e-15,5823,qp_inactive,ALM (rho=0),6.153679368179709e-15
-46.71892162053227,2.6645352591003757e-15,3.552713678800501e-15,3.681036629217008e-15,0.0,-1.4210854715202004e-14,1.4654943925052066e-14,7.74728979776513e-15,6115,qp_inactive,ALM (rho=0),6.153679368179709e-15
-46.71892162053226,2.6645352591003757e-15,3.552713678800501e-15,3.681036629217008e-15,0.0,0.0,1.4654943925052066e-14,7.74728979776513e-15,6422,qp_inactive,ALM (rho=0),6.153679368179709e-15
-46.71892162053227,2.6645352591003757e-15,3.552713678800501e-15,3.681036629217008e-15,0.0,-1.4210854715202004e-14,1.4654943925052066e-14,7.74728979776513e-15,6745,qp_inactive,ALM (rho=0),6.153679368179709e-15
-46.71892162053227,2.6645352591003757e-15,3.552713678800501e-15,3.681036629217008e-15,0.0,-1.4210854715202004e-14,1.4654943925052066e-14,7.74728979776513e-15,7083,qp_inactive,ALM (rho=0),6.153679368179709e-15
-46.71892162053227,2.6645352591003757e-15,3.552713678800501e-15,3.681036629217008e-15,0.0,-1.4210854715202004e-14,1.4654943925052066e-14,7.74728979776513e-15,7439,qp_inactive,ALM (rho=0),6.153679368179709e-15
-46.71892162053227,2.6645352591003757e-15,3.552713678800501e-15,3.681036629217008e-15,0.0,-1.4210854715202004e-14,1.4654943925052066e-14,7.74728979776513e-15,7813,qp_inactive,ALM (rho=0),6.153679368179709e-15
-46.71892162053227,2.6645352591003757e-15,3.552713678800501e-15,3.681036629217008e-15,0.0,-1.4210854715202004e-14,1.4654943925052066e-14,7.74728979776513e-15,8205,qp_inactive,ALM (rho=0),6.153679368179709e-15
-46.71892162053227,2.6645352591003757e-15,3.552713678800501e-15,3.681036629217008e-15,0.0,-1.4210854715202004e-14,1.4654943925052066e-14,7.74728979776513e-15,8617,qp_inactive,ALM (rho=0),6.153679368179709e-15
-46.71892162053227,2.6645352591003757e-15,3.552713678800501e-15,3.681036629217008e-15,0.0,-1.4210854715202004e-14,1.4654943925052066e-14,7.74728979776513e-15,9049,qp_inactive,ALM (rho=0),6.153679368179709e-15
-46.71892162053226,2.6645352591003757e-15,3.552713678800501e-15,3.681036629217008e-15,0.0,0.0,1.4654943925052066e-14,7.74728979776513e-15,9504,qp_inactive,ALM (rho=0),6.153679368179709e-15
-46.71892162053227,2.6645352591003757e-15,3.552713678800501e-15,3.681036629217008e-15,0.0,-1.4210854715202004e-14,1.4654943925052066e-14,7.74728979776513e-15,9981,qp_inactive,ALM (rho=0),6.153679368179709e-15
-46.71892162053226,2.6645352591003757e-15,3.552713678800501e-15,3.681036629217008e-15,0.0,0.0,1.4654943925052066e-14,7.74728979776513e-15,10482,qp_inactive,ALM (rho=0),6.153679368179709e-15
-46.71892162053226,2.6645352591003757e-15,3.552713678800501e-15,3.681036629217008e-15,0.0,0.0,1.4654943925052066e-14,7.74728979776513e-15,11008,qp_inactive,ALM (rho=0),6.153679368179709e-15
-46.71892162053227,2.6645352591003757e-15,3.552713678800501e-15,3.681036629217008e-15,0.0,-1.4210854715202004e-14,1.4654943925052066e-14,7.74728979776513e-15,11561,qp_inactive,ALM (rho=0),6.153679368179709e-15
-46.71892162053227,2.6645352591003757e-15,3.552713678800501e-15,3.681036629217008e-15,0.0,-1.4210854715202004e-14,1.4654943925052066e-14,7.74728979776513e-15,12141,qp_inactive,ALM (rho=0),6.153679368179709e-15
-46.71892162053226,2.6645352591003757e-15,3.552713678800501e-15,3.681036629217008e-15,0.0,0.0,1.4654943925052066e-14,7.74728979776513e-15,12750,qp_inactive,ALM (rho=0),6.153679368179709e-15
-46.71892162053226,2.6645352591003757e-15,3.552713678800501e-15,3.681036629217008e-15,0.0,0.0,1.4654943925052066e-14,7.74728979776513e-15,13390,qp_inactive,ALM (rho=0),6.153679368179709e-15
-46.71892162053227,2.6645352591003757e-15,3.552713678800501e-15,3.681036629217008e-15,0.0,-1.4210854715202004e-14,1.4654943925052066e-14,7.74728979776513e-15,14063,qp_inactive,ALM (rho=0),6.153679368179709e-15
-46.71892162053227,2.6645352591003757e-15,3.552713678800501e-15,3.681036629217008e-15,0.0,-1.4210854715202004e-14,1.4654943925052066e-14,7.74728979776513e-15,14769,qp_inactive,ALM (rho=0),6.153679368179709e-15
-46.71892162053226,2.6645352591003757e-15,3.552713678800501e-15,3.681036629217008e-15,0.0,0.0,1.4654943925052066e-14,7.74728979776513e-15,15510,qp_inactive,ALM (rho=0),6.153679368179709e-15
-46.71892162053227,2.6645352591003757e-15,3.552713678800501e-15,3.681036629217008e-15,0.0,-1.4210854715202004e-14,1.4654943925052066e-14,7.74728979776513e-15,16289,qp_inactive,ALM (rho=0),6.153679368179709e-15
-46.71892162053227,2.6645352591003757e-15,3.552713678800501e-15,3.681036629217008e-15,0.0,-1.4210854715202004e-14,1.4654943925052066e-14,7.74728979776513e-15,17107,qp_inactive,ALM (rho=0),6.153679368179709e-15
0.0,2.5172968200235886,30.023012907880656,0.0,0.0,46.71892162053226,1.3814929326399201,1.0,0,qp_inactive,ALM (rho=1),12.606803277219766
-28.34045809668364,1.8673603527360978,17.648240403253805,0.19235229054228808,0.0,18.378463523848616,1.3370698182253147,0.9471830506659804,1,qp_inactive,ALM (rho=1),7.410578533059289
-37.51094263686116,1.4454040592225275,11.320905957846026,0.25933415234050067,0.0,9.207978983671097,1.3132163213568757,0.911672525208371,2,qp_inactive,ALM (rho=1),4.753701261374996
-41.621439820152716,1.1534126869054657,7.748243427109308,0.27516465098897347,0.0,5.097481800379541,1.297098873835731,0.8852404471602208,3,qp_inactive,ALM (rho=1),3.2535235863665846
-43.85866102535623,0.9456227671753301,5.53620848936815,0.2702241981240936,0.0,2.8602605951760296,1.2840019280239314,0.8642385892402914,4,qp_inactive,ALM (rho=1),2.3246797895096756
-45.18491899217607,0.7984644206508831,4.185001974233266,0.259068185772233,0.0,1.534002628356184,1.272181037313345,0.84672029886596,5,qp_inactive,ALM (rho=1),1.7573018659325308
-45.999578216324636,0.6935791312342519,3.471958806325256,0.24769869412059356,0.0,0.7193434042076206,1.2610391915365575,0.8315964615320676,6,qp_inactive,ALM (rho=1),1.4578917110102605
-46.50676443721661,0.6177960514684995,2.879235060672726,0.23816799363286417,0.0,0.2121571833156466,1.2503775850347607,0.8182036822046157,7,qp_inactive,ALM (rho=1),1.209004243183309
-46.82310814800207,0.5614691346688634,2.395406253025468,0.23064730604164072,0.0,-0.10418652746981394,1.2401231368748162,0.8060649956294244,8,qp_inactive,ALM (rho=1),1.0058422681818018
-47.019670236393694,0.5187091506920605,2.0019363113852897,0.2249993101473258,0.0,-0.300748615861437,1.2302322765341887,0.7948533050495898,9,qp_inactive,ALM (rho=1),0.8406224028412773
-47.140655129796016,0.4855066923229674,1.6837530513810672,0.22090229475228013,0.0,-0.42173350926375974,1.2206696843111098,0.7843654781274519,10,qp_inactive,ALM (rho=1),0.7070157665824363
-47.21386394377068,0.4591220864750838,1.4273654131595483,0.2180188065459323,0.0,-0.49494232323842624,1.2114011027856013,0.77445605269605,11,qp_inactive,ALM (rho=1),0.5993574003922374
-47.25687641915378,0.4376674920893815,1.2211570508694551,0.21605343780842223,0.0,-0.5379547986215201,1.2023929930868182,0.7650183356416301,12,qp_inactive,ALM (rho=1),0.5127695464188443
-47.28083888912548,0.4198276028694732,1.055386792645666,0.2147656489381356,0.0,-0.5619172685932199,1.1936136390307863,0.7559725249295186,13,qp_inactive,ALM (rho=1),0.5012039392061718
-47.2928264504142,0.40467467646088506,0.9220328096227153,0.21396609987665263,0.0,-0.5739048298819469,1.1850341042923855,0.7472579573258793,14,qp_inactive,ALM (rho=1),0.4976013525174554
-47.29732976461513,0.39154603306820235,0.814571449037734,0.21350822364170527,0.0,-0.5784081440828714,1.1766287337926429,0.7388278817757329,15,qp_inactive,ALM (rho=1),0.49407189820560693
-47.29719594179421,0.37996246432323755,0.7277433975416452,0.21327952894102922,0.0,-0.5782743212619508,1.1683752658017987,0.7306458373166079,16,qp_inactive,ALM (rho=1),0.4906062284663753
-47.2942259897866,0.3695733854054106,0.6573342008557308,0.21319409831257027,0.0,-0.57530436925434,1.1602546898213602,0.7226830839449483,17,qp_inactive,ALM (rho=1),0.4871963607026961
-47.28955505215975,0.36011954171990945,0.5999807917940876,0.21318655995433844,0.0,-0.5706334316274919,1.1522509651612693,0.7149167441736208,18,qp_inactive,ALM (rho=1),0.483835559353931
-47.283894768514784,0.35140733090369203,0.5530071859126569,0.213207393783555,0.0,-0.5649731479825277,1.144350679420754,0.7073284361285772,19,qp_inactive,ALM (rho=1),0.48051819249038225
-47.27768788464665,0.3432908911665966,0.5142882076093951,0.2132193241535649,0.0,-0.5587662641143964,1.1365426957937887,0.6999032539335414,20,qp_inactive,ALM (rho=1),0.4772395837152094
-47.271206905605034,0.3356594449685164,0.48213821372117316,0.2131945576526796,0.0,-0.5522852850727773,1.1288178168088163,0.692628998084601,21,qp_inactive,ALM (rho=1),0.47399587096716894
-47.264617014563285,0.3284282445837601,0.45522118255170607,0.21311266476761978,0.0,-0.5456953940310285,1.121168478380512,0.6854955887354954,22,qp_inactive,ALM (rho=1),0.47078387805152133
-47.25146048058183,0.31492017792767646,0.41307184659910234,0.21272318117367006,0.0,-0.53253886004957,1.106072749592645,0.6716189845859147,24,qp_inactive,ALM (rho=1),0.4644451110617183
-47.244980532929446,0.3085532734057379,0.39633650657510966,0.21239862093247855,0.0,-0.5260589123971897,1.0986171475591582,0.6648626549579715,25,qp_inactive,ALM (rho=1),0.46131446896267914
-47.23859136603734,0.30240035740054694,0.3817459425389469,0.21198124170325325,0.0,-0.5196697455050838,1.091218296009073,0.6582204182989555,26,qp_inactive,ALM (rho=1),0.45820765665655006
-47.23229893251675,0.29643700172089726,0.3688825632019608,0.21146912765043696,0.0,-0.5133773119844918,1.0838734402423684,0.6516877363194096,27,qp_inactive,ALM (rho=1),0.45512351743193236
-47.220004681791885,0.2850052263869527,0.34708029422504794,0.2101608136256757,0.0,-0.501083061259628,1.0693371350581113,0.638935470762932,29,qp_inactive,ALM (rho=1),0.44901965502485675
-47.21399764504525,0.2795087692689102,0.33766926535467334,0.20936750625837278,0.0,-0.49507602451298993,1.0621423438190492,0.6327091096165501,30,qp_inactive,ALM (rho=1),0.4459985285959462
-47.20224560566818,0.2689033541452188,0.3213819879415012,0.20751558808311055,0.0,-0.4833239851359252,1.0478932480233476,0.6205412597636691,32,qp_inactive,ALM (rho=1),0.440015266751912
-47.19081954181706,0.2587658457093167,0.30951708826607316,0.20533276827501362,0.0,-0.4718979212848069,1.0338254921942134,0.6087362763326732,34,qp_inactive,ALM (rho=1),0.4341081504063934
-47.18522123511173,0.2538585507048978,0.3063017760625417,0.20412681697171936,0.0,-0.46629961457947644,1.0268579028355154,0.6029641192709334,35,qp_inactive,ALM (rho=1),0.4311824271077001
-47.17424228912254,0.24434569881064583,0.2996306286390631,0.2015059798796774,0.0,-0.4553206685902822,1.0130527348766516,0.5916701015753131,37,qp_inactive,ALM (rho=1),0.4253855726347538
-47.16354156621548,0.23521289927729416,0.292491668694435,0.1986335898548377,0.0,-0.44461994568322183,0.999418255403012,0.5806971049252272,39,qp_inactive,ALM (rho=1),0.41966039105358255
-47.153108031992915,0.22643821351751203,0.28513866500090046,0.195541337339431,0.0,-0.43418641146065795,0.9859518787445365,0.5700309440856907,41,qp_inactive,ALM (rho=1),0.41400579662925735
-47.14293337370449,0.21800341528391032,0.27773396950866847,0.19225941939570132,0.0,-0.4240117531722305,0.9726514751771554,0.5596584298806012,43,qp_inactive,ALM (rho=1),0.4084208950806992
-47.13301102475154,0.2098927365102754,0.270380492736777,0.18881613211202894,0.0,-0.41408940421928264,0.959515196745893,0.5495672008460051,45,qp_inactive,ALM (rho=1),0.4029049104429868
-47.123335480265936,0.20209209230290126,0.26314248877842417,0.185237685160569,0.0,-0.4044138597336797,0.9465413671080826,0.5397456089514907,47,qp_inactive,ALM (rho=1),0.3974571388120088
-47.10927430210057,0.19094450975227817,0.2525829439320457,0.17966868063484553,0.0,-0.3903526815683165,0.927381788221497,0.5254948543448132,50,qp_inactive,ALM (rho=1),0.3894119421943783
-47.100194991157245,0.18386449935890647,0.24577072652311038,0.17585310035476576,0.0,-0.3812733706249887,0.9148073168465886,0.5163004101790613,52,qp_inactive,ALM (rho=1),0.3841318629623272
-47.08700720358317,0.17374459949174748,0.23591539798240113,0.17002289054270683,0.0,-0.3680855830509131,0.8962397988122941,0.5029436769775315,55,qp_inactive,ALM (rho=1),0.3763352754605066
-47.07432359653011,0.16419407515499573,0.22650062467533516,0.16411402076615605,0.0,-0.3554019759978502,0.8780209293470065,0.490081827861656,58,qp_inactive,ALM (rho=1),0.3686850871204171
-47.062129089211254,0.15518038346530671,0.21751929768323208,0.15817463362608417,0.0,-0.34320746867899743,0.8601457894576837,0.47768646896694333,61,qp_inactive,ALM (rho=1),0.36117923243391675
-47.05040835127453,0.14667297603837692,0.20895713696132212,0.1522454641716445,0.0,-0.3314867307422702,0.8426094491338258,0.46573124919115033,64,qp_inactive,ALM (rho=1),0.3538156412665818
-47.03914584875009,0.1386431100765262,0.20138394454866626,0.14636072665323346,0.0,-0.3202242282178318,0.8254069613900734,0.45419170528508557,67,qp_inactive,ALM (rho=1),0.3465922363561657
-47.02832592839316,0.1356871012142149,0.19449961165789187,0.14054892314357534,0.0,-0.3094043078609019,0.8085333633421237,0.44304512120854284,70,qp_inactive,ALM (rho=1),0.33950693376438135
-47.01456073749819,0.13221403437581236,0.18577931129729341,0.13295331353667703,0.0,-0.2956391169659369,0.7865382397763064,0.42875803152065983,74,qp_inactive,ALM (rho=1),0.3302710786986956
-47.00151754342939,0.12881310214465835,0.17755011916221175,0.12557267941007927,0.0,-0.28259592289713,0.7651071584907647,0.41508628005613296,78,qp_inactive,ALM (rho=1),0.32127206761963056
-46.98915992482265,0.12548418497736202,0.16977903239401204,0.11843965403151947,0.0,-0.27023830429039464,0.7442283180286835,0.4019882162139324,82,qp_inactive,ALM (rho=1),0.31250494504037657
-46.977452256360785,0.1222270263815799,0.16243581012697028,0.1115775022477301,0.0,-0.258530635828528,0.7238899450559262,0.38942603694526373,86,qp_inactive,ALM (rho=1),0.30396476728296795
-46.966359916403576,0.11904124532542593,0.15549253917286077,0.10500181301853426,0.0,-0.24743829587131927,0.7040803160288904,0.3773654025824,90,qp_inactive,ALM (rho=1),0.29564661157671673
-46.95330893819499,0.11515863314207786,0.1473366679145598,0.09719876791935438,0.0,-0.2343873176627369,0.6800440795946838,0.3629476094082346,95,qp_inactive,ALM (rho=1),0.28555368368901474
-46.943480679960906,0.11213149861320004,0.14120156036681797,0.09129415497032704,0.0,-0.22455905942864973,0.6613816479227245,0.35190552500841404,99,qp_inactive,ALM (rho=1),0.27771724150765087
-46.931910965395026,0.10844512416716945,0.13398373848856338,0.08433465626833654,0.0,-0.21298934486276977,0.6387430426210235,0.33867654890591525,104,qp_inactive,ALM (rho=1),0.2682111854570853
-46.919002719537275,0.10416249193970706,0.12593236279534947,0.08009409606524726,0.0,-0.20008109900501836,0.6125587935487724,0.3235847762670525,110,qp_inactive,ALM (rho=1),0.25721629703504595
-46.90899681379512,0.10070914610084214,0.11968936097070282,0.07955634016660608,0.0,-0.1900751932628637,0.5915315115893963,0.3116143794198688,115,qp_inactive,ALM (rho=1),0.2483868431781046
-46.89781758244881,0.09670098763900314,0.11270917983430317,0.0787411513746154,0.0,-0.17889596191655244,0.5672184014576126,0.2979246347406977,121,qp_inactive,ALM (rho=1),0.23817765473225344
-46.88746769341574,0.09283783009338542,0.10623931782839957,0.0777626805415622,0.0,-0.16854607288348689,0.5438744697424046,0.2849201144639921,127,qp_inactive,ALM (rho=1),0.22837542882796286
-46.8763455328541,0.08850932540988099,0.09927568456252,0.07644329874250959,0.0,-0.15742391232184616,0.5178178522062417,0.27055056059831195,134,qp_inactive,ALM (rho=1),0.21743413348375254
-46.867554369822535,0.08494796503420221,0.09376148885746316,0.07518224774889373,0.0,-0.1486327492902788,0.49645410070764906,0.25887321569035027,140,qp_inactive,ALM (rho=1),0.2084633944965448
-46.85808108293462,0.08096130669629376,0.08780781288964068,0.07358392678262779,0.0,-0.1391594624023611,0.4726152256797346,0.24594298732900646,147,qp_inactive,ALM (rho=1),0.1984533395846922
-46.848184516169646,0.07661951776147835,0.08157363032026588,0.07162034648054648,0.0,-0.1292628956373889,0.44673964035863256,0.2320154152381588,155,qp_inactive,ALM (rho=1),0.1875880605127033
-46.83917331440657,0.07249759583762883,0.07588314168268573,0.06954254228084257,0.0,-0.12025169387431589,0.42225364370411345,0.21892753736634135,163,qp_inactive,ALM (rho=1),0.17730627620886494
-46.8309493263007,0.06858634635222849,0.07067751748121731,0.06737966248330966,0.0,-0.11202770576844046,0.3990865782136592,0.2066175931674744,171,qp_inactive,ALM (rho=1),0.16757831725801758
-46.82342647113817,0.06487665221783145,0.06590534284943939,0.06515705855971514,0.0,-0.10450485060591319,0.3771707869635035,0.19503063967167614,179,qp_inactive,ALM (rho=1),0.15837577420202717
-46.81570775664244,0.06093299185513712,0.06099892889750169,0.06261243796774452,0.0,-0.0967861361101825,0.35393075225987025,0.18279837997919213,188,qp_inactive,ALM (rho=1),0.1486171751379219
-46.80794725511554,0.05682180128190484,0.05605653000804045,0.05976116622155921,0.0,-0.08902563458328672,0.3297634050054199,0.170130857651085,198,qp_inactive,ALM (rho=1),0.13846919320473158
-46.80093992918807,0.05297943393640203,0.05158684970789906,0.05691393209153251,0.0,-0.08201830865581172,0.30722830082347685,0.15836143776818506,208,qp_inactive,ALM (rho=1),0.12900659775752923
-46.794592566576334,0.04938986058247097,0.04753378998597935,0.05409545593058278,0.0,-0.07567094604407743,0.2862184108531167,0.14742098416834,218,qp_inactive,ALM (rho=1),0.12018444687796717
-46.78827840123627,0.045714992546441735,0.043499478533366,0.05105192756905813,0.0,-0.06935678070401252,0.2647492841050414,0.1362696728743696,229,qp_inactive,ALM (rho=1),0.11116946033157567
-46.782087062475206,0.04201086686416855,0.03954326407966491,0.04782287660191752,0.0,-0.06316544194294949,0.2431475431829344,0.12507466024255437,241,qp_inactive,ALM (rho=1),0.10209878847442212
-46.776528773187714,0.038601649726921705,0.035993248496118735,0.04470825975617778,0.0,-0.05760715265545713,0.22329736140252865,0.11480675448148508,253,qp_inactive,ALM (rho=1),0.09376360447771735
-46.77112804221374,0.03521521123636462,0.03254747394470625,0.041479473783355855,0.0,-0.052206421681482595,0.2036077992824774,0.10463783864032845,266,qp_inactive,ALM (rho=1),0.08549586542622033
-46.76628962997296,0.032122128686908225,0.02946536806041422,0.03841313190881633,0.0,-0.04736800944070296,0.185646533939946,0.09537354519330453,279,qp_inactive,ALM (rho=1),0.07795384625985603
-46.76162632572893,0.029091049614544007,0.02650098563305825,0.035299899077527626,0.0,-0.042704705196676684,0.1680647633146195,0.08631465329843978,293,qp_inactive,ALM (rho=1),0.07057117869685098
-46.7571779287665,0.026157348428962335,0.02368057610837404,0.03218473803105894,0.0,-0.03825630823424575,0.15106477519629835,0.07756342933498975,308,qp_inactive,ALM (rho=1),0.06343280432448767
-46.753222661525065,0.023517346752265134,0.02118028481967915,0.029295867201694522,0.0,-0.034301040992808396,0.13577982093981666,0.06970084648157084,323,qp_inactive,ALM (rho=1),0.05701458067704729
-46.74947653000908,0.020992608429708737,0.018819897498737692,0.026457404965399618,0.0,-0.030554909476826708,0.12117289885330873,0.062191501206236684,339,qp_inactive,ALM (rho=1),0.050881065903053836
-46.7459615091946,0.018604943245056793,0.01661299150879625,0.02370502537729451,0.0,-0.02703988866234397,0.10736782163788727,0.05509787896981759,356,qp_inactive,ALM (rho=1),0.04508424953370257
-46.74269288323691,0.016371000966851845,0.014568498643256156,0.02107004012894643,0.0,-0.023771262704656237,0.0944586106941061,0.048467275852261675,374,qp_inactive,ALM (rho=1),0.039663611594008524
-46.739679910003254,0.014302391122920977,0.01269121583579258,0.01857855727790999,0.0,-0.020758289470997227,0.08251032768681976,0.042332256682956225,393,qp_inactive,ALM (rho=1),0.03464647178077318
-46.736926455585035,0.01240596439328523,0.010982317500444871,0.01625097152915312,0.0,-0.01800483505277839,0.07156078919857545,0.03671154523017504,413,qp_inactive,ALM (rho=1),0.030048709453548223
-46.73443160421533,0.010684224154351663,0.009439857406132734,0.014101786338426176,0.0,-0.015509983683074324,0.06162298843975589,0.03161126285319282,434,qp_inactive,ALM (rho=1),0.025875780522029893
-46.73219025689172,0.009135834028763279,0.008059254973934227,0.012139740994271163,0.0,-0.01326863635946296,0.05268803578536074,0.027026424687651106,456,qp_inactive,ALM (rho=1),0.022123952191180882
-46.73027392125513,0.007811597048789531,0.006882904835600723,0.010439768668008952,0.0,-0.011352300722876407,0.04504807983908643,0.023106594669681905,478,qp_inactive,ALM (rho=1),0.018915899023538133
-46.728430369212205,0.006538004287407029,0.005754922257366513,0.008785714268306,0.0,-0.009508748679948553,0.0377014815960095,0.019337656144022882,503,qp_inactive,ALM (rho=1),0.01583102812495725
-46.72688615019608,0.005471933046704569,0.004812978907104526,0.007386782398331322,0.0,-0.007964529663823328,0.03155273138326242,0.016183483527178768,528,qp_inactive,ALM (rho=1),0.013249139206256536
-46.72554530089435,0.004547121773612384,0.003997295798252143,0.006162594581739906,0.0,-0.006623680362096707,0.026219225763990828,0.013447671756495782,554,qp_inactive,ALM (rho=1),0.011009575298183407
-46.724352222343896,0.0037251281199177644,0.003273280375896359,0.005066226053974204,0.0,-0.005430601811639235,0.021479024155600657,0.011016300851168752,582,qp_inactive,ALM (rho=1),0.009019142514015711
-46.72334216492932,0.00303003961421755,0.002661667191503625,0.004133040899835145,0.0,-0.0044205443970639635,0.017470864927639163,0.008960480552137148,611,qp_inactive,ALM (rho=1),0.007336097742802222
-46.72246888414161,0.0024297740504612975,0.002133883352690713,0.003322675443711669,0.0,-0.0035472636093558663,0.014009629786779332,0.007185224780496204,642,qp_inactive,ALM (rho=1),0.005882708948982456
-46.72174767096151,0.00193458439654548,0.001698721423973204,0.002651035617087279,0.0,-0.0028260504292560995,0.011154361822776515,0.0057207925629712214,674,qp_inactive,ALM (rho=1),0.004683768601577053
-46.721141086352446,0.0015185225207967612,0.0013332331237090322,0.002084532868700206,0.0,-0.0022194658201897255,0.008755393254292754,0.0044904054843617055,708,qp_inactive,ALM (rho=1),0.003676430500504266
-46.720639914358,0.0011750787873887614,0.0010316153395391048,0.0016154016923886614,0.0,-0.0017182938257462865,0.006775160754702414,0.0034747889340165914,744,qp_inactive,ALM (rho=1),0.0028449216295561492
-46.72024235753464,0.0009028560167145816,0.000792587188837679,0.0012425893082786423,0.0,-0.0013207370023806675,0.005205589725241433,0.002669795882788369,781,qp_inactive,ALM (rho=1),0.002185851427016817
-46.71992235698048,0.0006838846649557251,0.0006003392957314446,0.0009420852322119568,0.0,-0.0010007364482262915,0.0039430613133746295,0.0020222795501528153,820,qp_inactive,ALM (rho=1),0.0016557098529802008
-46.71966381750935,0.0005070689884587587,0.000445114153635906,0.0006990297595595263,0.0,-0.0007421969770931014,0.0029235949956791796,0.001499424380385554,862,qp_inactive,ALM (rho=1),0.0012276311869791406
-46.71946813158999,0.00037329972248745236,0.00032768476377986744,0.0005149074666569926,0.0,-0.0005465110577347332,0.0021523233677016584,0.0011038617806951108,905,qp_inactive,ALM (rho=1),0.0009037706298442701
-46.71931832978004,0.0002709328019181445,0.00023782454186083157,0.00037386852457771,0.0,-0.000396709247780791,0.0015621087204711337,0.0008011582743043086,950,qp_inactive,ALM (rho=1),0.0006559367441580072
-46.71920349151877,0.00019248001086125122,0.0001689579436177091,0.0002656961650499738,0.0,-0.0002818709865124447,0.0011097756506976975,0.0005691702490593206,998,qp_inactive,ALM (rho=1),0.000465999976522078
-46.71911905728929,0.00013481030750495115,0.00011833545590445027,0.00018613470289142295,0.0,-0.00019743675703409735,0.0007772712311155949,0.0003986387893889999,1048,qp_inactive,ALM (rho=1),0.0003263798185006488
-46.71905698836456,9.242314916191319e-05,8.112820809325072e-05,0.00012763267684099474,0.0,-0.00013536783229994853,0.0005328809823090808,0.0002732984457241742,1101,qp_inactive,ALM (rho=1),0.000223759212133531
-46.7190131177366,6.246717898883425e-05,5.483308243237062e-05,8.627546781246582e-05,0.0,-9.149720434464825e-05,0.00036016485658230124,0.0001847175940569848,1156,qp_inactive,ALM (rho=1),0.00015123490464573968
-46.71898215660512,4.1327891904696656e-05,3.627720621635078e-05,5.7084342861704445e-05,0.0,-6.0536072865602364e-05,0.00023828279369442207,0.00012220799158375322,1214,qp_inactive,ALM (rho=1),0.00010005605745396106
-46.71896082506289,2.6764235729448416e-05,2.3493370816307646e-05,3.697047242152252e-05,0.0,-3.920453062988827e-05,0.00015431362438489415,7.914276011913851e-05,1275,qp_inactive,ALM (rho=1),6.479701126546498e-05
-46.71894647332081,1.696628185943183e-05,1.4892826142975935e-05,2.3437138808028825e-05,0.0,-2.4852788556017913e-05,9.782190151508274e-05,5.016987509297449e-05,1339,qp_inactive,ALM (rho=1),4.107587311067336e-05
-46.718937042217355,1.052782722044121e-05,9.241217029387627e-06,1.454347986274713e-05,0.0,-1.5421685098715443e-05,6.0699927268537124e-05,3.113114463517165e-05,1406,qp_inactive,ALM (rho=1),2.5488182827085008e-05
-46.71893092119513,6.3491824662254e-06,5.573246085965877e-06,8.771118278955226e-06,0.0,-9.300662874522914e-06,3.6607260493592975e-05,1.8774749355021716e-05,1477,qp_inactive,ALM (rho=1),1.5371559575872132e-05
-46.71892711107255,3.7481512615844537e-06,3.290088019802795e-06,5.177963478601601e-06,0.0,-5.490540296193558e-06,2.16105853443338e-05,1.1083411259563516e-05,1551,qp_inactive,ALM (rho=1),9.074385671335227e-06
-46.71892477076417,2.1505195704207836e-06,1.8877036032094452e-06,2.970900923369777e-06,0.0,-3.150231911774881e-06,1.2399175873145651e-05,6.3591597948629805e-06,1629,qp_inactive,ALM (rho=1),5.206471832524391e-06
-46.718923377227775,1.1992139674621427e-06,1.0526574851787984e-06,1.6566973290873641e-06,0.0,-1.756695517940443e-06,6.91426625287761e-06,3.5461166462920725e-06,1711,qp_inactive,ALM (rho=1),2.9033326776296763e-06
-46.71892257262039,6.499455078579075e-07,5.705153709456567e-07,8.978926901216321e-07,0.0,-9.520881363300759e-07,3.7473682044097956e-06,1.9219110579715074e-06,1797,qp_inactive,ALM (rho=1),1.5735374029667106e-06
-46.71892212204808,3.4236093515715993e-07,3.0052084820653135e-07,4.7296853653216826e-07,0.0,-5.015158208721004e-07,1.9739385330730386e-06,1.0123729741722948e-06,1887,qp_inactive,ALM (rho=1),8.288660050252169e-07
-46.71892187546507,1.7403043184316402e-07,1.5276209319736722e-07,2.4042163703325905e-07,0.0,-2.5493281441413274e-07,1.0034012067894338e-06,5.146139289548119e-07,1982,qp_inactive,ALM (rho=1),4.213328509344551e-07
-46.718921746481016,8.597915668318024e-08,7.547160585374968e-08,1.1877955468996162e-07,0.0,-1.2594875897775637e-07,4.957270327565766e-07,2.542433019593339e-07,2081,qp_inactive,ALM (rho=1),2.0815809526969953e-07
-46.71892168015367,4.070067793904286e-08,3.5726630986943064e-08,5.622768937535616e-08,0.0,-5.962141358395456e-08,2.3466648579884009e-07,1.2035329577584303e-07,2186,qp_inactive,ALM (rho=1),9.853755288650335e-08
-46.71892164776833,1.8592759332136666e-08,1.6320532036928626e-08,2.568576362248486e-08,0.0,-2.723607650523263e-08,1.071996269530473e-07,5.497942481222071e-08,2296,qp_inactive,ALM (rho=1),4.50136238003507e-08
-46.71892163253885,8.196336720445174e-09,7.194658202536175e-09,1.1323180865495042e-08,0.0,-1.2006594829472306e-08,4.7257334490069525e-08,2.4236848047464912e-08,2411,qp_inactive,ALM (rho=1),1.9843575365006047e-08
-46.71892162560377,3.462072850624054e-09,3.0389726290991348e-09,4.7828291063147024e-09,0.0,-5.07151298734243e-09,1.9961154062997366e-08,1.0237468177070672e-08,2532,qp_inactive,ALM (rho=1),8.38178177621973e-09
-46.718921622584794,1.401177396331832e-09,1.2299379292812773e-09,1.935716659087509e-09,0.0,-2.052537695362844e-09,8.078721025484015e-09,4.143330028606639e-09,2659,qp_inactive,ALM (rho=1),3.3922926727011667e-09
-46.718921621322565,5.395075497460766e-10,4.735727365812181e-10,7.453258654018821e-10,0.0,-7.90308263276529e-10,3.1106197617702946e-09,1.5953421796145152e-09,2793,qp_inactive,ALM (rho=1),1.306163759353309e-09
-46.71892162082381,1.99041005899403e-10,1.7471490920684118e-10,2.7497374272714566e-10,0.0,-2.915498953370843e-10,1.1476037897750757e-09,5.885710340553324e-10,2933,qp_inactive,ALM (rho=1),4.818841887147404e-10
-46.71892162063458,6.986078382453798e-11,6.13220585421459e-11,9.651217909414486e-11,0.0,-1.0232525937681203e-10,4.027953526275496e-10,2.0658146245726565e-10,3080,qp_inactive,ALM (rho=1),1.691356489481768e-10
-46.718921620566185,2.316213887354479e-11,2.0332180383775267e-11,3.199833115553327e-11,0.0,-3.3928415632544784e-11,1.335462851415059e-10,6.849181430059635e-11,3235,qp_inactive,ALM (rho=1),5.607670856846418e-11
-46.71892162054295,7.305933635848305e-12,6.413980457864454e-12,1.009309568395295e-11,0.0,-1.0693668173189508e-11,4.212452608953754e-11,2.1604382467864523e-11,3397,qp_inactive,ALM (rho=1),1.768828515600165e-11
-46.718921620535426,2.1607160505254797e-12,1.8975931936893176e-12,2.9850139532156637e-12,0.0,-3.169020601490047e-12,1.2462031406812457e-11,6.391405266886034e-12,3568,qp_inactive,ALM (rho=1),5.232865164541181e-12
-46.718921620533145,6.041833700010102e-13,5.289102489314246e-13,8.346750556728608e-13,0.0,-8.881784197001252e-13,3.483657806668816e-12,1.7866600501610963e-12,3747,qp_inactive,ALM (rho=1),1.4628041758692644e-12
-46.718921620532484,1.5831780331154732e-13,1.3988810110276972e-13,2.1871492638583484e-13,0.0,-2.2737367544323206e-13,9.141576384763539e-13,4.688533699888572e-13,3935,qp_inactive,ALM (rho=1),3.838590599817555e-13
-46.71892162053231,3.885780586188048e-14,3.68594044175552e-14,5.3681784176073204e-14,0.0,-5.684341886080802e-14,2.2493118478905672e-13,1.1538745723939197e-13,4133,qp_inactive,ALM (rho=1),9.444965454494008e-14
-46.71892162053226,8.881784197001252e-15,9.325873406851315e-15,1.2270122097389701e-14,0.0,0.0,5.1514348342607263e-14,2.6637565327499467e-14,4340,qp_inactive,ALM (rho=1),2.1631115354813523e-14
-46.71892162053225,2.4424906541753444e-15,4.440892098500626e-15,3.374283576782262e-15,0.0,7.105427357601002e-15,1.2878587085651816e-14,7.225162597172108e-15,4558,qp_inactive,ALM (rho=1),5.407778838703381e-15
-46.71892162053225,2.4424906541753444e-15,4.440892098500626e-15,3.374283576782262e-15,0.0,7.105427357601002e-15,1.2878587085651816e-14,7.225162597172108e-15,4787,qp_inactive,ALM (rho=1),5.407778838703381e-15
-46.71892162053225,2.4424906541753444e-15,4.440892098500626e-15,3.374283576782262e-15,0.0,7.105427357601002e-15,1.2878587085651816e-14,7.225162597172108e-15,5027,qp_inactive,ALM (rho=1),5.407778838703381e-15
-46.71892162053225,2.4424906541753444e-15,4.440892098500626e-15,3.374283576782262e-15,0.0,7.105427357601002e-15,1.2878587085651816e-14,7.225162597172108e-15,5280,qp_inactive,ALM (rho=1),5.407778838703381e-15
-46.71892162053225,2.4424906541753444e-15,4.440892098500626e-15,3.374283576782262e-15,0.0,7.105427357601002e-15,1.2878587085651816e-14,7.225162597172108e-15,5545,qp_inactive,ALM (rho=1),5.407778838703381e-15
-46.71892162053225,2.4424906541753444e-15,4.440892098500626e-15,3.374283576782262e-15,0.0,7.105427357601002e-15,1.2878587085651816e-14,7.225162597172108e-15,5823,qp_inactive,ALM (rho=1),5.407778838703381e-15
-46.71892162053225,2.4424906541753444e-15,4.440892098500626e-15,3.374283576782262e-15,0.0,7.105427357601002e-15,1.2878587085651816e-14,7.225162597172108e-15,6115,qp_inactive,ALM (rho=1),5.407778838703381e-15
-46.71892162053225,2.4424906541753444e-15,4.440892098500626e-15,3.374283576782262e-15,0.0,7.105427357601002e-15,1.2878587085651816e-14,7.225162597172108e-15,6422,qp_inactive,ALM (rho=1),5.407778838703381e-15
-46.71892162053225,2.4424906541753444e-15,4.440892098500626e-15,3.374283576782262e-15,0.0,7.105427357601002e-15,1.2878587085651816e-14,7.225162597172108e-15,6745,qp_inactive,ALM (rho=1),5.407778838703381e-15
-46.71892162053225,2.4424906541753444e-15,4.440892098500626e-15,3.374283576782262e-15,0.0,7.105427357601002e-15,1.2878587085651816e-14,7.225162597172108e-15,7083,qp_inactive,ALM (rho=1),5.407778838703381e-15
-46.71892162053225,2.4424906541753444e-15,4.440892098500626e-15,3.374283576782262e-15,0.0,7.105427357601002e-15,1.2878587085651816e-14,7.225162597172108e-15,7439,qp_inactive,ALM (rho=1),5.407778838703381e-15
-46.71892162053225,2.4424906541753444e-15,4.440892098500626e-15,3.374283576782262e-15,0.0,7.105427357601002e-15,1.2878587085651816e-14,7.225162597172108e-15,7813,qp_inactive,ALM (rho=1),5.407778838703381e-15
-46.71892162053225,2.4424906541753444e-15,4.440892098500626e-15,3.374283576782262e-15,0.0,7.105427357601002e-15,1.2878587085651816e-14,7.225162597172108e-15,8205,qp_inactive,ALM (rho=1),5.407778838703381e-15
-46.71892162053225,2.4424906541753444e-15,4.440892098500626e-15,3.374283576782262e-15,0.0,7.105427357601002e-15,1.2878587085651816e-14,7.225162597172108e-15,8617,qp_inactive,ALM (rho=1),5.407778838703381e-15
-46.71892162053225,2.4424906541753444e-15,4.440892098500626e-15,3.374283576782262e-15,0.0,7.105427357601002e-15,1.2878587085651816e-14,7.225162597172108e-15,9049,qp_inactive,ALM (rho=1),5.407778838703381e-15
-46.71892162053225,2.4424906541753444e-15,4.440892098500626e-15,3.374283576782262e-15,0.0,7.105427357601002e-15,1.2878587085651816e-14,7.225162597172108e-15,9504,qp_inactive,ALM (rho=1),5.407778838703381e-15
-46.71892162053225,2.4424906541753444e-15,4.440892098500626e-15,3.374283576782262e-15,0.0,7.105427357601002e-15,1.2878587085651816e-14,7.225162597172108e-15,9981,qp_inactive,ALM (rho=1),5.407778838703381e-15
-46.71892162053225,2.4424906541753444e-15,4.440892098500626e-15,3.374283576782262e-15,0.0,7.105427357601002e-15,1.2878587085651816e-14,7.225162597172108e-15,10482,qp_inactive,ALM (rho=1),5.407778838703381e-15
-46.71892162053225,2.4424906541753444e-15,4.440892098500626e-15,3.374283576782262e-15,0.0,7.105427357601002e-15,1.2878587085651816e-14,7.225162597172108e-15,11008,qp_inactive,ALM (rho=1),5.407778838703381e-15
-46.71892162053225,2.4424906541753444e-15,4.440892098500626e-15,3.374283576782262e-15,0.0,7.105427357601002e-15,1.2878587085651816e-14,7.225162597172108e-15,11561,qp_inactive,ALM (rho=1),5.407778838703381e-15
-46.71892162053225,2.4424906541753444e-15,4.440892098500626e-15,3.374283576782262e-15,0.0,7.105427357601002e-15,1.2878587085651816e-14,7.225162597172108e-15,12141,qp_inactive,ALM (rho=1),5.407778838703381e-15
-46.71892162053225,2.4424906541753444e-15,4.440892098500626e-15,3.374283576782262e-15,0.0,7.105427357601002e-15,1.2878587085651816e-14,7.225162597172108e-15,12750,qp_inactive,ALM (rho=1),5.407778838703381e-15
-46.71892162053225,2.4424906541753444e-15,4.440892098500626e-15,3.374283576782262e-15,0.0,7.105427357601002e-15,1.2878587085651816e-14,7.225162597172108e-15,13390,qp_inactive,ALM (rho=1),5.407778838703381e-15
-46.71892162053225,2.4424906541753444e-15,4.440892098500626e-15,3.374283576782262e-15,0.0,7.105427357601002e-15,1.2878587085651816e-14,7.225162597172108e-15,14063,qp_inactive,ALM (rho=1),5.407778838703381e-15
-46.71892162053225,2.4424906541753444e-15,4.440892098500626e-15,3.374283576782262e-15,0.0,7.105427357601002e-15,1.2878587085651816e-14,7.225162597172108e-15,14769,qp_inactive,ALM (rho=1),5.407778838703381e-15
-46.71892162053225,2.4424906541753444e-15,4.440892098500626e-15,3.374283576782262e-15,0.0,7.105427357601002e-15,1.2878587085651816e-14,7.225162597172108e-15,15510,qp_inactive,ALM (rho=1),5.407778838703381e-15
-46.71892162053225,2.4424906541753444e-15,4.440892098500626e-15,3.374283576782262e-15,0.0,7.105427357601002e-15,1.2878587085651816e-14,7.225162597172108e-15,16289,qp_inactive,ALM (rho=1),5.407778838703381e-15
-46.71892162053225,2.4424906541753444e-15,4.440892098500626e-15,3.374283576782262e-15,0.0,7.105427357601002e-15,1.2878587085651816e-14,7.225162597172108e-15,17107,qp_inactive,ALM (rho=1),5.407778838703381e-15
0.0,2.5172968200235886,30.023012907880656,0.0,0.0,46.71892162053226,1.3814929326399201,1.0,0,qp_inactive,nuPI (rho=0),12.606803277219766
-37.70935361213124,2.2057588996529107,9.741398785857628,0.22720990949101272,0.0,9.009568008401018,1.3370698182253147,0.9471830506659804,1,qp_inactive,nuPI (rho=0),4.090458826203252
-43.54736386161983,1.822496050580688,5.967787887859178,0.3310859724615125,0.0,3.171557758912428,1.3602538217456799,0.9283876787888145,2,qp_inactive,nuPI (rho=0),2.505901993689226
-45.909208838091246,1.5470861245053333,3.9150309649988504,0.37222947145417346,0.0,0.8097127824410109,1.3459955828974792,0.9031265441545057,3,qp_inactive,nuPI (rho=0),1.6439397788424175
-46.908922793991394,1.3396228259943985,2.6269816845351777,0.39196496037583045,0.0,-0.19000117345913736,1.3336999531372895,0.881267501267708,4,qp_inactive,nuPI (rho=0),1.3396228259943985
-47.331778249806455,1.180703172352304,1.7824467513391777,0.4001322299447441,0.0,-0.6128566292741979,1.3224725967326705,0.8619542333519055,5,qp_inactive,nuPI (rho=0),1.180703172352304
-47.505012529764244,1.0579493444717336,1.2200167545994773,0.4027447231637506,0.0,-0.7860909092319872,1.311824025104512,0.8445376894391188,6,qp_inactive,nuPI (rho=0),1.0579493444717336
-47.56933817306902,0.9621908481336465,0.8430092291663378,0.4030977745896121,0.0,-0.850416552536764,1.3015438158078603,0.8285708700061518,7,qp_inactive,nuPI (rho=0),0.9621908481336465
-47.58626181376565,0.8864549038876925,0.5893480092220091,0.4027879041436663,0.0,-0.867340193233396,1.2915160404426924,0.813739168017601,8,qp_inactive,nuPI (rho=0),0.8864549038876925
-47.58290431444604,0.8254881012849209,0.4181510179186212,0.40246411844328317,0.0,-0.8639826939137834,1.2816679587511095,0.799818712206801,9,qp_inactive,nuPI (rho=0),0.8254881012849209
-47.5712312671498,0.7753881418068402,0.3022387944904459,0.402290651496875,0.0,-0.8523096466175417,1.2719519033467648,0.7866487841353563,10,qp_inactive,nuPI (rho=0),0.7753881418068402
-47.55646662190843,0.7332917098710019,0.22346658959370025,0.4022098411981841,0.0,-0.8375450013761707,1.2623363889408434,0.7741127771879837,11,qp_inactive,nuPI (rho=0),0.7332917098710019
-47.54082771180612,0.6971174652612164,0.16969136876246438,0.40208301752512937,0.0,-0.8219060912738669,1.2528007210928827,0.7621249106768984,12,qp_inactive,nuPI (rho=0),0.6971174652612164
-47.52519959480466,0.6653626428102175,0.13277112639101674,0.4017610830476475,0.0,-0.8062779742724047,1.2433314431945235,0.7506209574093501,13,qp_inactive,nuPI (rho=0),0.6653626428102175
-47.50988894764398,0.6369470325436293,0.107237255397294,0.4011161665198977,0.0,-0.7909673271117228,1.2339199410808286,0.7395517886511174,14,qp_inactive,nuPI (rho=0),0.6369470325436293
-47.4949626506416,0.6110960122922497,0.09553130398461851,0.40005262771435646,0.0,-0.7760410301093401,1.224560824251737,0.7288788928810804,15,qp_inactive,nuPI (rho=0),0.6110960122922497
-47.48039787720759,0.5872543162009742,0.09054555330083314,0.3985077625341919,0.0,-0.7614762566753299,1.2152508354696354,0.7185712718059024,16,qp_inactive,nuPI (rho=0),0.5872543162009742
-47.466146576842675,0.5650232516222982,0.08617734757235151,0.39644790417382053,0.0,-0.7472249563104185,1.2059881194469204,0.7086032935536724,17,qp_inactive,nuPI (rho=0),0.5650232516222982
-47.452161350495416,0.5441154189282533,0.0822861282158589,0.3938629399355993,0.0,-0.7332397299631594,1.1967717344232067,0.6989532087734717,18,qp_inactive,nuPI (rho=0),0.5441154189282533
-47.4384042530032,0.5243222916375383,0.07876838886884197,0.3907607534635741,0.0,-0.7194826324709425,1.1876013272170276,0.6896021244973317,19,qp_inactive,nuPI (rho=0),0.5243222916375383
-47.42484836609018,0.5054911352789166,0.07554751117430303,0.3871622705197377,0.0,-0.7059267455579246,1.1784769178190062,0.6805332933486671,20,qp_inactive,nuPI (rho=0),0.5054911352789166
-47.411476591505064,0.48750864735133304,0.07256652424908983,0.3830973440981009,0.0,-0.6925549709728074,1.1693987571142563,0.6717316195734342,21,qp_inactive,nuPI (rho=0),0.49103599724646696
-47.39827962283873,0.4702894010983627,0.06978287901912761,0.37860149233462703,0.0,-0.679358002306472,1.1603672332728328,0.663183313934876,22,qp_inactive,nuPI (rho=0),0.48724361822335893
-47.37239991135605,0.43789187445418154,0.06468770216875652,0.36847307409323676,0.0,-0.6534782908237915,1.142445988833685,0.6467967946928215,24,qp_inactive,nuPI (rho=0),0.4797184040211561
-47.35972070531815,0.42262022097727536,0.062333724073502905,0.36292048704031005,0.0,-0.6407990847858969,1.1335572789339077,0.6389356761665417,25,qp_inactive,nuPI (rho=0),0.4759859932388473
-47.34722093463734,0.407918224400424,0.06008862949681304,0.3570946615196098,0.0,-0.6282993141050852,1.1247171850486806,0.6312818988431361,26,qp_inactive,nuPI (rho=0),0.47227399654800356
-47.33490603393647,0.39375655954363387,0.057941485218150235,0.3510330332169967,0.0,-0.6159844134042132,1.1159261949704096,0.623825670425395,27,qp_inactive,nuPI (rho=0),0.4685826187749333
-47.31085341241482,0.3669549839528212,0.0539083239564071,0.3383419636101644,0.0,-0.5919317918825655,1.0984933596504487,0.6094693990791916,29,qp_inactive,nuPI (rho=0),0.46126248984192975
-47.29912638406455,0.35427184823877056,0.052009795928784075,0.33177667643189596,0.0,-0.5802047635322936,1.0898523629481696,0.6025523581819175,30,qp_inactive,nuPI (rho=0),0.4576340949876564
-47.27629384099224,0.33024615791438316,0.0484252498696045,0.3183494760944812,0.0,-0.5573722204599818,1.0727231152004315,0.5892013332774176,32,qp_inactive,nuPI (rho=0),0.45044144389347485
-47.25431307806635,0.3078960721687598,0.04510017147577705,0.30469073294758037,0.0,-0.5353914575340966,1.0557997260938232,0.5764469526258209,34,qp_inactive,nuPI (rho=0),0.4433352338037189
-47.2436482258157,0.297310864965191,0.04352753331170922,0.29782801456968316,0.0,-0.5247266052834405,1.0474159461769825,0.5702771097516445,35,qp_inactive,nuPI (rho=0),0.43981484547842287
-47.22297608656782,0.2772494026364485,0.040549668657997695,0.28412578864026106,0.0,-0.5040544660355621,1.0308054136663076,0.5583223108238341,37,qp_inactive,nuPI (rho=0),0.4328400053338158
-47.2031824973842,0.25857912568736596,0.037780612662678514,0.2705542200295459,0.0,-0.4842608768519412,1.0144055514556642,0.5468445611341382,39,qp_inactive,nuPI (rho=0),0.4259536266316695
-47.18426245522197,0.24120223962670773,0.0352048633767621,0.25721179554018,0.0,-0.4653408346897123,0.9982175880601845,0.5358044408008557,41,qp_inactive,nuPI (rho=0),0.41915622523122315
-47.16620405311143,0.225028191779717,0.03280846159002626,0.24417602904604438,0.0,-0.447282432579172,0.9822423993584317,0.5251666228369741,43,qp_inactive,nuPI (rho=0),0.41244816891797426
-47.14898981509397,0.2099729521687288,0.03057865704928986,0.2315066844023326,0.0,-0.43006819456171286,0.9664805371620129,0.5148994560871715,45,qp_inactive,nuPI (rho=0),0.4058296894001927
-47.13259788812517,0.19595845480319207,0.0285037084828772,0.21924860237736898,0.0,-0.413676267592912,0.9509322560334725,0.50497458622099,47,qp_inactive,nuPI (rho=0),0.3993008935698793
-47.10949601749148,0.18542037369396835,0.025658098661880957,0.20170051334725758,0.0,-0.3905743969592237,0.9280101914872569,0.4906742522925914,50,qp_inactive,nuPI (rho=0),0.38967581165926196
-47.09504444541258,0.18281899090182585,0.02392447636638434,0.19059001355250357,0.0,-0.37612282488032633,0.9129952469597087,0.4814996925892626,52,qp_inactive,nuPI (rho=0),0.38337096635749407
-47.07471668946781,0.17893248929065464,0.021546664137022997,0.17483126216501965,0.0,-0.35579506893555646,0.890870981652521,0.468227999504888,55,qp_inactive,nuPI (rho=0),0.3740808840717311
-47.05591543085118,0.17507153274328546,0.01941151337607877,0.16016523347278408,0.0,-0.3369938103189227,0.8692219004409375,0.4554944933226075,58,qp_inactive,nuPI (rho=0),0.3649903338060265
-47.038535247026964,0.17124288560416479,0.017494090920715855,0.14657568328368584,0.0,-0.31961362649470715,0.8480442909922592,0.4432506215426317,61,qp_inactive,nuPI (rho=0),0.3560977567345495
-47.02247210441397,0.16745238027318632,0.01577203260654253,0.13402962750202338,0.0,-0.3035504838817147,0.8273336893413377,0.4314549571631849,64,qp_inactive,nuPI (rho=0),0.347401278417495
-47.00762508758954,0.16370501902950407,0.014225276517936203,0.12248262459390262,0.0,-0.28870346705728167,0.8070849857040308,0.4200720484171541,67,qp_inactive,nuPI (rho=0),0.3388987532326477
-46.99389758301346,0.160005065243358,0.012835825205661788,0.11188282407433457,0.0,-0.27497596248120004,0.7872925186853826,0.4090714498914974,70,qp_inactive,nuPI (rho=0),0.33058780393383624
-46.977178269153676,0.1551516858803137,0.011200256141048748,0.09912574729278809,0.0,-0.25825664862141906,0.7616016124450965,0.39495383172414955,74,qp_inactive,nuPI (rho=0),0.319800072470024
-46.962085448209244,0.1503958931097178,0.010218210382793913,0.09697492086362831,0.0,-0.2431638276769874,0.7366952665701256,0.38141682160139967,78,qp_inactive,nuPI (rho=0),0.3093417815661909
-46.94843560648149,0.14574307212346782,0.009400254961255072,0.09749278905979288,0.0,-0.22951398594923234,0.7125569232685738,0.36841642931387364,82,qp_inactive,nuPI (rho=0),0.2992059785282226
-46.93606324301003,0.1411972643629953,0.008673954314424748,0.09775420498345833,0.0,-0.2171416224777758,0.6891692858293976,0.3559156179205333,86,qp_inactive,nuPI (rho=0),0.2893854003864052
-46.924820175072554,0.13676136929042937,0.008027569640670862,0.0977814271049495,0.0,-0.2058985545402976,0.6665145172271674,0.343882858265484,90,qp_inactive,nuPI (rho=0),0.2798725572904918
-46.91215490495281,0.1313739276351933,0.007316598859233636,0.09751808388582782,0.0,-0.19323328442055043,0.6391988896649573,0.3294590826567326,95,qp_inactive,nuPI (rho=0),0.26840259775887554
-46.90299323410344,0.12719116350862092,0.006814859863602862,0.09709350766687883,0.0,-0.1840716135711844,0.6181261625867639,0.31838540762340295,99,qp_inactive,nuPI (rho=0),0.2595540612843902
-46.892590278252385,0.12212214369510144,0.006259354876183565,0.09632547725029325,0.0,-0.1736686577201283,0.5927295328523593,0.3050917271629416,104,qp_inactive,nuPI (rho=0),0.24888989789917615
-46.8814259363018,0.11627212411737398,0.005681892595806204,0.09509922153917268,0.0,-0.16250431576954583,0.5635907719881352,0.28989807980019977,110,qp_inactive,nuPI (rho=0),0.23665439618306428
-46.87305607565974,0.11158896094725779,0.005263058083349037,0.09385883904378839,0.0,-0.15413445512748325,0.5403807092888083,0.27783313158514994,115,qp_inactive,nuPI (rho=0),0.2269083825034863
-46.86395712568954,0.10619529884876866,0.004909080813843669,0.09214889663398444,0.0,-0.14503550515728136,0.5137624621488254,0.2640302079305379,121,qp_inactive,nuPI (rho=0),0.21573125626676207
-46.85573132710655,0.10104270706540919,0.004654716037112205,0.09023711569440533,0.0,-0.13680970657429015,0.48843376671722705,0.25092375761510044,127,qp_inactive,nuPI (rho=0),0.20509561881243585
-46.84705665561959,0.09532686476289687,0.004376563781351983,0.08780148041732162,0.0,-0.12813503508733248,0.46043588711862726,0.2364619801481741,134,qp_inactive,nuPI (rho=0),0.19333917846576487
-46.84028612890098,0.09067224608189195,0.0041527837646815335,0.08557547602848736,0.0,-0.12136450836872115,0.43770384914022786,0.22473666786829735,140,qp_inactive,nuPI (rho=0),0.1837938895980794
-46.83303968822843,0.08551610597245718,0.003907380459061471,0.08285730362227801,0.0,-0.11411806769617527,0.412584179369928,0.2117939717680152,147,qp_inactive,nuPI (rho=0),0.17324602299473227
-46.82548418243483,0.07996902176859955,0.0036459012823191195,0.07963877299433583,0.0,-0.10656256190257096,0.38562264145665825,0.19791591971711,155,qp_inactive,nuPI (rho=0),0.16192474735971182
-46.81858035948254,0.07477176686888365,0.0034029498484469123,0.07634802944721487,0.0,-0.0996587389502821,0.3604119465359634,0.1849495225112464,163,qp_inactive,nuPI (rho=0),0.15133865887077877
-46.81222914753914,0.06990481543453542,0.003176959856830752,0.07302618796447695,0.0,-0.0933075270068855,0.3368411799596682,0.17283401240815519,171,qp_inactive,nuPI (rho=0),0.14144118394937868
-46.80635414912763,0.06534906900103721,0.0029665563440413045,0.06970701445626347,0.0,-0.08743252859537165,0.3148057476219195,0.16151301601736912,179,qp_inactive,nuPI (rho=0),0.1321884030421844
-46.800240467686585,0.06057285355109299,0.002746971146502908,0.06601012682188777,0.0,-0.08131884715432847,0.291728740398119,0.14966144721830266,188,qp_inactive,nuPI (rho=0),0.12249825997792628
-46.79398688484326,0.05566986849704447,0.0025224509887551427,0.06198458882946173,0.0,-0.07506526431100013,0.26806136718270146,0.13751063205491734,198,qp_inactive,nuPI (rho=0),0.11256021947776745
-46.788234317738414,0.051160515286942765,0.002316617582517555,0.058076518150895415,0.0,-0.06931269720615774,0.2463105009313451,0.12634659900956635,208,qp_inactive,nuPI (rho=0),0.10342692919869649
-46.782928709002306,0.04701417679626041,0.0021278142762675145,0.05430940869275249,0.0,-0.06400708847004921,0.22632203752658997,0.11608909268472074,218,qp_inactive,nuPI (rho=0),0.09503368010238378
-46.77755743893981,0.042838486965660616,0.0019399735171301558,0.05034772332413462,0.0,-0.058635818407552165,0.20620111235473093,0.10576512393307748,229,qp_inactive,nuPI (rho=0),0.08658480969168947
-46.77220020013237,0.03870359158555137,0.001760530380673031,0.04625887897668051,0.0,-0.05327857960011073,0.18628398479773467,0.09554691767112469,241,qp_inactive,nuPI (rho=0),0.07822151485086967
-46.76731809166109,0.03496684160782193,0.0015956109425266929,0.042421888864884745,0.0,-0.048396471128832275,0.16828959730078696,0.08631595453898186,253,qp_inactive,nuPI (rho=0),0.07066558753724096
-46.76251548762129,0.031324009267836406,0.0014328518454918004,0.038551770789899194,0.0,-0.043593867089036564,0.1507510291925771,0.07731940029225264,266,qp_inactive,nuPI (rho=0),0.0633010609128566
-46.75817233355922,0.02806023021637194,0.0012857246560384894,0.034975762807868564,0.0,-0.039250713026966366,0.13503976607032775,0.06926055456509793,279,qp_inactive,nuPI (rho=0),0.05670382818253177
-46.75396054448885,0.02492434817818001,0.0011434648102882639,0.03144324031088607,0.0,-0.03503892395659136,0.11994578660811261,0.06151859351823347,293,qp_inactive,nuPI (rho=0),0.05036579574273644
-46.74993123005339,0.021952090442012073,0.0010080065260099635,0.028007628088780885,0.0,-0.031009609521134962,0.10564049559002164,0.05418134273046839,308,qp_inactive,nuPI (rho=0),0.04435893726248333
-46.74635078686944,0.019334147160404935,0.0008883180650611777,0.024911115890201015,0.0,-0.027429166337185507,0.09304117505645948,0.047719200450040064,323,qp_inactive,nuPI (rho=0),0.039068423752709594
-46.742973290897375,0.01688477643095121,0.0007760978873204705,0.021954250982618318,0.0,-0.024051670365118127,0.08125356776598913,0.041673450988393604,339,qp_inactive,nuPI (rho=0),0.03411875242305185
-46.73982784928006,0.014621341243479913,0.0006722455590060239,0.01917050672015412,0.0,-0.02090622874780479,0.07036104665765319,0.03608682569572842,356,qp_inactive,nuPI (rho=0),0.029544931959826114
-46.73693485796377,0.01255454805562839,0.0005773242073130458,0.016585536309255577,0.0,-0.01801323743151073,0.060415006475940336,0.030985663668398798,374,qp_inactive,nuPI (rho=0),0.025368543256170578
-46.73430625063396,0.010689003338024916,0.000491592442060651,0.01421696663179544,0.0,-0.015384630101706875,0.05143753063436596,0.026381277684028308,393,qp_inactive,nuPI (rho=0),0.021598859240512924
-46.731946094131224,0.009023932008623836,0.0004150439076135992,0.012074635519865812,0.0,-0.013024473598967745,0.043424836789183185,0.022271719489491283,413,qp_inactive,nuPI (rho=0),0.018234291689056624
-46.72985146365546,0.007554001038416969,0.0003474507648951741,0.010161201817478326,0.0,-0.010929843123200556,0.03635123014318231,0.01864380576336437,434,qp_inactive,nuPI (rho=0),0.015264051236501649
-46.72801351461877,0.006270194217407266,0.00028840821424180874,0.008473036513252036,0.0,-0.009091894086516561,0.030173305294206143,0.015475271931647445,456,qp_inactive,nuPI (rho=0),0.012669911751851637
-46.726481852055805,0.005204569836540385,0.0002393961276991874,0.0070597263138446,0.0,-0.007560231523548566,0.025045323025868482,0.012845233687844956,478,qp_inactive,nuPI (rho=0),0.010516648058285595
-46.72504979133311,0.004211699003258351,0.0001937282547057606,0.0057330720172547355,0.0,-0.006128170800856481,0.02026744790813262,0.01039475888017726,503,qp_inactive,nuPI (rho=0),0.008510395991671431
-46.723887407738985,0.0034082369001611212,0.0001567714924320951,0.004652556548113424,0.0,-0.004965787206728578,0.01640104366545403,0.008411759169422226,528,qp_inactive,nuPI (rho=0),0.006886874800536666
-46.72291070454078,0.002734797036114456,0.00012579497148013097,0.003742111944709243,0.0,-0.003989084008523491,0.013160330515281426,0.00674966373937059,554,qp_inactive,nuPI (rho=0),0.0055260842200749285
-46.72207178869025,0.0021575765360137833,9.924413051110026e-05,0.0029582753903744153,0.0,-0.00315016815799396,0.010382642462238634,0.005325044449841428,582,qp_inactive,nuPI (rho=0),0.004359720039449927
-46.721387880409154,0.0016878358672247629,7.76370525895631e-05,0.002318024437823624,0.0,-0.00246625987689697,0.00812216665717469,0.004165692744027369,611,qp_inactive,nuPI (rho=0),0.0034105356962664374
-46.72081977428544,0.0012981952122914642,5.971438003327112e-05,0.0017853374953700437,0.0,-0.0018981537531814752,0.006247146439001039,0.0032040333151777717,642,qp_inactive,nuPI (rho=0),0.002623205953450378
-46.72037001730878,0.0009900854764168798,4.554195357198143e-05,0.0013630788582662202,0.0,-0.0014483967765244188,0.004764467538902917,0.0024435977073668474,674,qp_inactive,nuPI (rho=0),0.0020006221616712646
-46.72000816019229,0.0007424225747827418,3.414995636608076e-05,0.0010229991095522446,0.0,-0.0010865396600365784,0.003572669571937581,0.0018323489670099176,708,qp_inactive,nuPI (rho=0),0.0015001806316415243
-46.719722950200996,0.0005473630044625644,2.517760594100693e-05,0.0007547363636111217,0.0,-0.00080132966873947,0.0026340082006084398,0.001350928796485056,744,qp_inactive,nuPI (rho=0),0.0011060323398434792
-46.71950757659541,0.0004001498042001117,1.8406092606060298e-05,0.000552033601206399,0.0,-0.0005859560631549243,0.0019255920788052716,0.0009875966934556801,781,qp_inactive,nuPI (rho=0),0.00080856510318119
-46.719342870160006,0.00028761767388418846,1.3229839168737989e-05,0.0003969437015161659,0.0,-0.00042124962774892083,0.001384067438547243,0.0007098598092803072,820,qp_inactive,nuPI (rho=0),0.0005811763787234857
-46.7192168525932,0.0002015474091421332,9.27077871792914e-06,0.00027824084411639686,0.0,-0.0002952320609423964,0.0009698820053238855,0.0004974325933448041,862,qp_inactive,nuPI (rho=0),0.000407257981760524
-46.71912678049192,0.0001400431163036675,6.4417039556952105e-06,0.0001933741986455926,0.0,-0.00020515995966263745,0.000673912401304877,0.0003456358522250492,905,qp_inactive,nuPI (rho=0),0.0002829789633504539
-46.71906179053221,9.567359777196138e-05,4.400794621939319e-06,0.0001321283511926807,0.0,-0.00014016999995192236,0.0004603983809969847,0.00023612888926027482,950,qp_inactive,nuPI (rho=0),0.00019332342947019638
-46.719014984056514,6.372225475148596e-05,2.931096590108595e-06,8.801230461843166e-05,0.0,-9.336352425748373e-05,0.00030664283150327876,0.0001572708206438303,998,qp_inactive,nuPI (rho=0),0.00012876075645681663
-46.71898276229883,4.1728805789897905e-05,1.919441813269529e-06,5.7639670873287094e-05,0.0,-6.114176657234793e-05,0.00020080644058761976,0.00010298950589176396,1048,qp_inactive,nuPI (rho=0),8.4319561832595e-05
-46.718960656272316,2.6640935249400144e-05,1.2254298707992106e-06,3.680084837349886e-05,0.0,-3.903574005903465e-05,0.0001282009221219571,6.575162422865394e-05,1101,qp_inactive,nuPI (rho=0),5.383216568266045e-05
-46.71894612407625,1.672279133591026e-05,7.692150360005812e-07,2.3101072310576812e-05,0.0,-2.4503543990306298e-05,8.047304832481394e-05,4.127297640614774e-05,1156,qp_inactive,nuPI (rho=0),3.3791008665983474e-05
-46.718936616054414,1.023379619558007e-05,4.7073420483823014e-07,1.4137413136057674e-05,0.0,-1.4995522157335017e-05,4.92468487609532e-05,2.5257698935225925e-05,1214,qp_inactive,nuPI (rho=0),2.0678981695050565e-05
-46.71893056719906,6.1056716638141495e-06,2.8084871739331163e-07,8.43476285830614e-06,0.0,-8.94666680295586e-06,2.938157876930525e-05,1.5069209288890578e-05,1275,qp_inactive,nuPI (rho=0),1.2337462088008523e-05
-46.71892682442677,3.5513936826880865e-06,1.6335702202052715e-07,4.906164580556028e-06,0.0,-5.203894509975271e-06,1.7089938498804358e-05,8.765079031152038e-06,1339,qp_inactive,nuPI (rho=0),7.176144957045876e-06
-46.718924571494554,2.013876706952189e-06,9.263430833517106e-08,2.7821369211152765e-06,0.0,-2.9509622976320316e-06,9.691133156630727e-06,4.970383481785981e-06,1406,qp_inactive,nuPI (rho=0),4.069352053834551e-06
-46.71892323820238,1.1039731870887692e-06,5.07805615335144e-08,1.5251252909124701e-06,0.0,-1.6176701223002965e-06,5.312515468203216e-06,2.7246802518732033e-06,1477,qp_inactive,nuPI (rho=0),2.230750045650656e-06
-46.718922485071424,5.900011543769068e-07,2.713887703453821e-08,8.150807498953786e-07,0.0,-8.645391673667291e-07,2.8391905679825413e-06,1.4561626254265749e-06,1551,qp_inactive,nuPI (rho=0),1.192189373761969e-06
-46.7189220671858,3.0481671831061874e-07,1.402096228009242e-08,4.2110169498160444e-07,0.0,-4.466535443725661e-07,1.466832302288168e-06,7.523082107963552e-07,1629,qp_inactive,nuPI (rho=0),6.159297313816349e-07
-46.718921843605976,1.5223562344068853e-07,7.002535440392421e-09,2.1031232635382178e-07,0.0,-2.2307371949636945e-07,7.325849171735399e-07,3.7572778256667144e-07,1711,qp_inactive,nuPI (rho=0),3.076158266661151e-07
-46.718921728232715,7.349966901770699e-08,3.3808371657784164e-09,1.0153924730298104e-07,0.0,-1.0770045832941832e-07,3.536934902736988e-07,1.814021387675176e-07,1797,qp_inactive,nuPI (rho=0),1.485175477223123e-07
-46.7189216707987,3.430410266958006e-08,1.5779212381161756e-09,4.7390869735745357e-08,0.0,-5.026644345207387e-08,1.6507744771132593e-07,8.46648380558518e-08,1887,qp_inactive,nuPI (rho=0),6.9316790929266e-08
-46.7189216430204,1.5346919735037545e-08,7.059266504683137e-10,2.1201660018344074e-08,0.0,-2.248814467975535e-08,7.385211042709727e-08,3.7877233108678205e-08,1982,qp_inactive,nuPI (rho=0),3.101084593403816e-08
-46.718921630257945,6.637246530161178e-09,3.053002295416718e-10,9.16930896161541e-09,0.0,-9.725688698836166e-09,3.193961362057962e-08,1.638117289754985e-08,2081,qp_inactive,nuPI (rho=0),1.3411592863798292e-08
-46.71892162453008,2.728299808296697e-09,1.2549705719067106e-10,3.769126867464708e-09,0.0,-3.997826070190058e-09,1.3129065834505127e-08,6.733628664077702e-09,2186,qp_inactive,nuPI (rho=0),5.5129560346632496e-09
-46.71892162210747,1.075005640061022e-09,4.944800124917492e-11,1.4851126887312233e-09,0.0,-1.5752164017612813e-09,5.173119266288495e-09,2.6531867958805076e-09,2296,qp_inactive,nuPI (rho=0),2.172216929719802e-09
-46.71892162112719,4.0601655371119705e-10,1.8673951274195133e-11,5.609089986935501e-10,0.0,-5.949303272245743e-10,1.953824657618952e-09,1.0020766079899008e-09,2411,qp_inactive,nuPI (rho=0),8.204200948239257e-10
-46.71892162074582,1.4575163298502503e-10,6.70419275650147e-12,2.0135485078731147e-10,0.0,-2.135607246600557e-10,7.01385394208387e-10,3.5972617849119744e-10,2532,qp_inactive,nuPI (rho=0),2.945150013235147e-10
-46.71892162060514,4.973044198663956e-11,2.2879476091475226e-12,6.870225412970093e-11,0.0,-7.288036840691348e-11,2.3931367998386577e-10,1.227390700803635e-10,2659,qp_inactive,nuPI (rho=0),1.0048893141941136e-10
-46.71892162055569,1.5991208357490905e-11,7.353007092092412e-13,2.2091741329015514e-11,0.0,-2.3433699425368104e-11,7.695466486268288e-11,3.9468461737691617e-11,2793,qp_inactive,nuPI (rho=0),3.2313623025274943e-11
-46.718921620539426,4.887423799004864e-12,2.2426505097428162e-13,6.751941437026415e-12,0.0,-7.169376203819411e-12,2.352051886589379e-11,1.2063186188829489e-11,2933,qp_inactive,nuPI (rho=0),9.87637567322988e-12
-46.718921620534324,1.4079848398296235e-12,6.628031457012185e-14,1.945121105479233e-12,0.0,-2.0676793610618915e-12,6.7768013423119555e-12,3.4756784643508472e-12,3080,qp_inactive,nuPI (rho=0),2.845610519952193e-12
-46.71892162053281,3.7836400679225335e-13,1.63202784619898e-14,5.227072013481302e-13,0.0,-5.542233338928781e-13,1.8249846078788323e-12,9.360325071636412e-13,3235,qp_inactive,nuPI (rho=0),7.663195564707429e-13
-46.718921620532406,9.592326932761353e-14,6.5503158452884236e-15,1.3251731865176916e-13,0.0,-1.4921397450962104e-13,4.642952688982405e-13,2.381776057528586e-13,3397,qp_inactive,nuPI (rho=0),1.9495975089187533e-13
-46.71892162053229,2.2870594307278225e-14,2.6645352591003757e-15,3.1595564400777125e-14,0.0,-3.552713678800501e-14,1.1080025785759062e-13,5.693299033018654e-14,3568,qp_inactive,nuPI (rho=0),4.6525545526085985e-14
-46.71892162053226,5.10702591327572e-15,1.7763568394002505e-15,7.055320205999204e-15,0.0,0.0,2.6867397195928788e-14,1.3811140488081839e-14,3747,qp_inactive,nuPI (rho=0),1.1281745508329467e-14
-46.718921620532264,3.3306690738754696e-15,3.552713678800501e-15,4.601295786521245e-15,0.0,-7.105427357601002e-15,1.9317880628477724e-14,9.968277336258602e-15,3935,qp_inactive,nuPI (rho=0),8.11166825805507e-15
-46.718921620532264,3.3306690738754696e-15,3.552713678800501e-15,4.601295786521245e-15,0.0,-7.105427357601002e-15,1.9317880628477724e-14,9.968277336258602e-15,4133,qp_inactive,nuPI (rho=0),8.11166825805507e-15
-46.718921620532264,3.3306690738754696e-15,3.552713678800501e-15,4.601295786521245e-15,0.0,-7.105427357601002e-15,1.9317880628477724e-14,9.968277336258602e-15,4340,qp_inactive,nuPI (rho=0),8.11166825805507e-15
-46.718921620532264,3.3306690738754696e-15,3.552713678800501e-15,4.601295786521245e-15,0.0,-7.105427357601002e-15,1.9317880628477724e-14,9.968277336258602e-15,4558,qp_inactive,nuPI (rho=0),8.11166825805507e-15
-46.718921620532264,3.3306690738754696e-15,3.552713678800501e-15,4.601295786521245e-15,0.0,-7.105427357601002e-15,1.9317880628477724e-14,9.968277336258602e-15,4787,qp_inactive,nuPI (rho=0),8.11166825805507e-15
-46.718921620532264,3.3306690738754696e-15,3.552713678800501e-15,4.601295786521245e-15,0.0,-7.105427357601002e-15,1.9317880628477724e-14,9.968277336258602e-15,5027,qp_inactive,nuPI (rho=0),8.11166825805507e-15
-46.718921620532264,3.3306690738754696e-15,3.552713678800501e-15,4.601295786521245e-15,0.0,-7.105427357601002e-15,1.9317880628477724e-14,9.968277336258602e-15,5280,qp_inactive,nuPI (rho=0),8.11166825805507e-15
-46.718921620532264,3.3306690738754696e-15,3.552713678800501e-15,4.601295786521245e-15,0.0,-7.105427357601002e-15,1.9317880628477724e-14,9.968277336258602e-15,5545,qp_inactive,nuPI (rho=0),8.11166825805507e-15
-46.718921620532264,3.3306690738754696e-15,3.552713678800501e-15,4.601295786521245e-15,0.0,-7.105427357601002e-15,1.9317880628477724e-14,9.968277336258602e-15,5823,qp_inactive,nuPI (rho=0),8.11166825805507e-15
-46.718921620532264,3.3306690738754696e-15,3.552713678800501e-15,4.601295786521245e-15,0.0,-7.105427357601002e-15,1.9317880628477724e-14,9.968277336258602e-15,6115,qp_inactive,nuPI (rho=0),8.11166825805507e-15
-46.718921620532264,3.3306690738754696e-15,3.552713678800501e-15,4.601295786521245e-15,0.0,-7.105427357601002e-15,1.9317880628477724e-14,9.968277336258602e-15,6422,qp_inactive,nuPI (rho=0),8.11166825805507e-15
-46.718921620532264,3.3306690738754696e-15,3.552713678800501e-15,4.601295786521245e-15,0.0,-7.105427357601002e-15,1.9317880628477724e-14,9.968277336258602e-15,6745,qp_inactive,nuPI (rho=0),8.11166825805507e-15
-46.718921620532264,3.3306690738754696e-15,3.552713678800501e-15,4.601295786521245e-15,0.0,-7.105427357601002e-15,1.9317880628477724e-14,9.968277336258602e-15,7083,qp_inactive,nuPI (rho=0),8.11166825805507e-15
-46.718921620532264,3.3306690738754696e-15,3.552713678800501e-15,4.601295786521245e-15,0.0,-7.105427357601002e-15,1.9317880628477724e-14,9.968277336258602e-15,7439,qp_inactive,nuPI (rho=0),8.11166825805507e-15
-46.718921620532264,3.3306690738754696e-15,3.552713678800501e-15,4.601295786521245e-15,0.0,-7.105427357601002e-15,1.9317880628477724e-14,9.968277336258602e-15,7813,qp_inactive,nuPI (rho=0),8.11166825805507e-15
-46.718921620532264,3.3306690738754696e-15,3.552713678800501e-15,4.601295786521245e-15,0.0,-7.105427357601002e-15,1.9317880628477724e-14,9.968277336258602e-15,8205,qp_inactive,nuPI (rho=0),8.11166825805507e-15
-46.718921620532264,3.3306690738754696e-15,3.552713678800501e-15,4.601295786521245e-15,0.0,-7.105427357601002e-15,1.9317880628477724e-14,9.968277336258602e-15,8617,qp_inactive,nuPI (rho=0),8.11166825805507e-15
-46.718921620532264,3.3306690738754696e-15,3.552713678800501e-15,4.601295786521245e-15,0.0,-7.105427357601002e-15,1.9317880628477724e-14,9.968277336258602e-15,9049,qp_inactive,nuPI (rho=0),8.11166825805507e-15
-46.718921620532264,3.3306690738754696e-15,3.552713678800501e-15,4.601295786521245e-15,0.0,-7.105427357601002e-15,1.9317880628477724e-14,9.968277336258602e-15,9504,qp_inactive,nuPI (rho=0),8.11166825805507e-15
-46.718921620532264,3.3306690738754696e-15,3.552713678800501e-15,4.601295786521245e-15,0.0,-7.105427357601002e-15,1.9317880628477724e-14,9.968277336258602e-15,9981,qp_inactive,nuPI (rho=0),8.11166825805507e-15
-46.718921620532264,3.3306690738754696e-15,3.552713678800501e-15,4.601295786521245e-15,0.0,-7.105427357601002e-15,1.9317880628477724e-14,9.968277336258602e-15,10482,qp_inactive,nuPI (rho=0),8.11166825805507e-15
-46.718921620532264,3.3306690738754696e-15,3.552713678800501e-15,4.601295786521245e-15,0.0,-7.105427357601002e-15,1.9317880628477724e-14,9.968277336258602e-15,11008,qp_inactive,nuPI (rho=0),8.11166825805507e-15
-46.718921620532264,3.3306690738754696e-15,3.552713678800501e-15,4.601295786521245e-15,0.0,-7.105427357601002e-15,1.9317880628477724e-14,9.968277336258602e-15,11561,qp_inactive,nuPI (rho=0),8.11166825805507e-15
-46.718921620532264,3.3306690738754696e-15,3.552713678800501e-15,4.601295786521245e-15,0.0,-7.105427357601002e-15,1.9317880628477724e-14,9.968277336258602e-15,12141,qp_inactive,nuPI (rho=0),8.11166825805507e-15
-46.718921620532264,3.3306690738754696e-15,3.552713678800501e-15,4.601295786521245e-15,0.0,-7.105427357601002e-15,1.9317880628477724e-14,9.968277336258602e-15,12750,qp_inactive,nuPI (rho=0),8.11166825805507e-15
-46.718921620532264,3.3306690738754696e-15,3.552713678800501e-15,4.601295786521245e-15,0.0,-7.105427357601002e-15,1.9317880628477724e-14,9.968277336258602e-15,13390,qp_inactive,nuPI (rho=0),8.11166825805507e-15
-46.718921620532264,3.3306690738754696e-15,3.552713678800501e-15,4.601295786521245e-15,0.0,-7.105427357601002e-15,1.9317880628477724e-14,9.968277336258602e-15,14063,qp_inactive,nuPI (rho=0),8.11166825805507e-15
-46.718921620532264,3.3306690738754696e-15,3.552713678800501e-15,4.601295786521245e-15,0.0,-7.105427357601002e-15,1.9317880628477724e-14,9.968277336258602e-15,14769,qp_inactive,nuPI (rho=0),8.11166825805507e-15
-46.718921620532264,3.3306690738754696e-15,3.552713678800501e-15,4.601295786521245e-15,0.0,-7.105427357601002e-15,1.9317880628477724e-14,9.968277336258602e-15,15510,qp_inactive,nuPI (rho=0),8.11166825805507e-15
-46.718921620532264,3.3306690738754696e-15,3.552713678800501e-15,4.601295786521245e-15,0.0,-7.105427357601002e-15,1.9317880628477724e-14,9.968277336258602e-15,16289,qp_inactive,nuPI (rho=0),8.11166825805507e-15
-46.718921620532264,3.3306690738754696e-15,3.552713678800501e-15,4.601295786521245e-15,0.0,-7.105427357601002e-15,1.9317880628477724e-14,9.968277336258602e-15,17107,qp_inactive,nuPI (rho=0),8.11166825805507e-15
0.0,2.5172968200235886,30.023012907880656,0.0,0.0,46.71892162053226,1.3814929326399201,1.0,0,qp_inactive,nuPI (rho=1),12.606803277219766
-28.34045809668364,1.8673603527360978,17.648240403253805,0.19235229054228808,0.0,18.378463523848616,1.3370698182253147,0.9471830506659804,1,qp_inactive,nuPI (rho=1),7.410578533059289
-37.505019667865625,1.4513406694708937,11.288347734948971,0.22366641543751759,0.0,9.213901952666632,1.3331404538948757,0.927592112323543,2,qp_inactive,nuPI (rho=1),4.7400299115881355
-41.61958663591335,1.165407641128881,7.708161694234217,0.2288774404086742,0.0,5.099334984618906,1.3248154643077463,0.9098207471418799,3,qp_inactive,nuPI (rho=1),3.236693079617753
-43.86270181367888,0.9633468852419642,5.493729359345068,0.22381108345342596,0.0,2.8562198068533746,1.3147018560508141,0.893744648378051,4,qp_inactive,nuPI (rho=1),2.306842604506572
-45.19461752440736,0.8205895938025218,4.224738446080142,0.21617898182882303,0.0,1.5243040961248937,1.304071193396044,0.8792055087696293,5,qp_inactive,nuPI (rho=1),1.773987395963824
-46.013714810087414,0.7187743021311395,3.5159456101241453,0.20927524516558488,0.0,0.7052068104448423,1.2934911747262947,0.865891512357026,6,qp_inactive,nuPI (rho=1),1.4763619752701376
-46.524090584550876,0.6449248345033118,2.9261184021662583,0.20404430467037157,0.0,0.1948310359813803,1.2831708044527022,0.8535536558858873,7,qp_inactive,nuPI (rho=1),1.2286907771431481
-46.84304109930298,0.5902007807533642,2.4413852666486644,0.2005156249976534,0.0,-0.12411947877072294,1.2731677991061625,0.8419986113888223,8,qp_inactive,nuPI (rho=1),1.0251490706471897
-47.04173707998179,0.5486640459379599,2.0466366206272633,0.19842166334263173,0.0,-0.3228154594495365,1.26347892221043,0.8310786214477253,9,qp_inactive,nuPI (rho=1),0.8593922713675813
-47.164447614926516,0.5163327399504345,1.7271570115943375,0.19744111347557397,0.0,-0.44552599439425933,1.2540782461147886,0.8206810277730061,10,qp_inactive,nuPI (rho=1),0.7252412920998084
-47.23903332601125,0.4905212748407046,1.4695910101978065,0.1972840824559534,0.0,-0.5201117054789961,1.2449333363806114,0.8107195811393421,11,qp_inactive,nuPI (rho=1),0.617088125711439
-47.28313075313578,0.4693996342101898,1.2623544534763083,0.19771389374918805,0.0,-0.5642091326035228,1.2360119778794203,0.8011277766882436,12,qp_inactive,nuPI (rho=1),0.5300685280963524
-47.307937627660976,0.451704691030157,1.0956948786429388,0.19854564558442883,0.0,-0.5890160071287198,1.2272847998780227,0.791853902007749,13,qp_inactive,nuPI (rho=1),0.5153426168338696
-47.320573444212634,0.4365522818641163,0.9615647380203889,0.19963783576377434,0.0,-0.6016518236803776,1.2187261083820116,0.7828573949699577,14,qp_inactive,nuPI (rho=1),0.5117487823199356
-47.32556605149372,0.42331462671832254,0.8534132702287014,0.20088322381035786,0.0,-0.6066444309614667,1.210313938637367,0.7741061630051692,15,qp_inactive,nuPI (rho=1),0.5082164729734117
-47.325793111631114,0.4115397868806161,0.7659577462863174,0.20220093557867375,0.0,-0.6068714910988575,1.2020297814093497,0.7655745978418746,16,qp_inactive,nuPI (rho=1),0.5047379166802237
-47.32308043563858,0.400898171330097,0.6949653341988871,0.20353020377714678,0.0,-0.6041588151063237,1.1938581900404903,0.7572420926378687,17,qp_inactive,nuPI (rho=1),0.5013066273167902
-47.31858315614432,0.39114654530842285,0.6370593713031152,0.20482558452097283,0.0,-0.5996615356120643,1.1857863636665984,0.7490919240994308,18,qp_inactive,nuPI (rho=1),0.4979172297404791
-47.3130289512214,0.38210347000717215,0.5895542413477965,0.2060533532867511,0.0,-0.5941073306891411,1.177803749926018,0.7411104022201791,19,qp_inactive,nuPI (rho=1),0.4945652929653691
-47.30687340334626,0.3736322968872132,0.5503181912525097,0.2071887956155599,0.0,-0.5879517828140024,1.1699016855055984,0.733286218342233,20,qp_inactive,nuPI (rho=1),0.49124717922582495
-47.30039927978798,0.3656292219930246,0.517661245335054,0.2082141616885765,0.0,-0.5814776592557251,1.162073080589306,0.7256099417723787,21,qp_inactive,nuPI (rho=1),0.48795991147499684
-47.29377996649289,0.35801477800191384,0.49024464223541386,0.20911711015854767,0.0,-0.5748583459606351,1.1543121472080875,0.718073628801965,22,qp_inactive,nuPI (rho=1),0.48470105931765894
-47.280480691886424,0.3437204245201002,0.4471124649870859,0.2105265313023036,0.0,-0.5615590713541678,1.138975305213945,0.703394788825662,24,qp_inactive,nuPI (rho=1),0.47826104776694595
-47.273896897225875,0.33695582316553896,0.4298925128151794,0.21102588815869314,0.0,-0.554975276693618,1.1313924333419534,0.6962413781793125,25,qp_inactive,nuPI (rho=1),0.47507696446858155
-47.267387030578476,0.33040470051463533,0.4148215938036026,0.21138730219974677,0.0,-0.5484654100462194,1.1238630109739582,0.689205827724776,26,qp_inactive,nuPI (rho=1),0.471915324866465
-47.2609597832603,0.32404396509502664,0.401482154180421,0.21161203446650778,0.0,-0.5420381627280406,1.1163849676305444,0.6822841691514336,27,qp_inactive,nuPI (rho=1),0.4687752595566241
-47.248362027646465,0.31182373504774574,0.37874121831573415,0.21166212884632993,0.0,-0.5294404071142083,1.1015765674698454,0.6687685661498282,29,qp_inactive,nuPI (rho=1),0.46255714319871255
-47.24218958518727,0.30593756125879024,0.36886794138900125,0.21149484145852301,0.0,-0.5232679646550125,1.094243693149683,0.6621683920302885,30,qp_inactive,nuPI (rho=1),0.45947803503943124
-47.230085567479286,0.2945639744878883,0.3512762384176895,0.21079791833263126,0.0,-0.511163946947029,1.0797158713980213,0.6492694481059811,32,qp_inactive,nuPI (rho=1),0.4533777348653058
-47.21828522945913,0.28367510249896855,0.3358043097926249,0.20965108677668773,0.0,-0.4993636089268705,1.065367371836676,0.6367559193296061,34,qp_inactive,nuPI (rho=1),0.4473527329160287
-47.212493139943085,0.27839884686880767,0.32939267051775367,0.20892191514539943,0.0,-0.49357151941082833,1.0582590345467646,0.6306380066146544,35,qp_inactive,nuPI (rho=1),0.4443679089039617
-47.20111592976797,0.26816195513314867,0.32209663514558073,0.20717818487869513,0.0,-0.48219430923571593,1.044172141899937,0.6186694293244887,37,qp_inactive,nuPI (rho=1),0.43845275691935676
-47.19000537242765,0.25832387259787915,0.3143533790530686,0.20508808077351365,0.0,-0.4710837518953923,1.0302561148068738,0.6070441898397785,39,qp_inactive,nuPI (rho=1),0.4326093521784336
-47.17915303020981,0.24886269943122663,0.30641485788772194,0.2026910317912859,0.0,-0.4602314096775544,1.016508770744112,0.595747625836677,41,qp_inactive,nuPI (rho=1),0.42683677822940125
-47.16855266941132,0.23976005778236908,0.29844208541388717,0.20002423115334317,0.0,-0.4496310488790627,1.00292824718217,0.5847659747659034,43,qp_inactive,nuPI (rho=1),0.4211342529874356
-47.15819944014333,0.23099991324578228,0.29053695602873475,0.1971223617461736,0.0,-0.43927781961107115,0.9895128759359353,0.5740862475466404,45,qp_inactive,nuPI (rho=1),0.4155010759738202
-47.14808929169478,0.222567846447276,0.2827629263435991,0.19401750230464754,0.0,-0.4291676711625243,0.9762611043245639,0.5636961408258961,47,qp_inactive,nuPI (rho=1),0.40993659521062026
-47.13337193122344,0.2105061371102197,0.27142725313834326,0.18904343533135906,0.0,-0.4144503106911799,0.9566869554808195,0.5486286250610973,50,qp_inactive,nuPI (rho=1),0.4017173187326312
-47.12385387431348,0.2028381330948652,0.26411545300593886,0.18555469463342458,0.0,-0.4049322537812259,0.9438377544243022,0.5389127108537081,52,qp_inactive,nuPI (rho=1),0.396321879224745
-47.11000833832782,0.19186736084083922,0.25353637576216315,0.18012126869322553,0.0,-0.3910867177955666,0.9248607285393029,0.5248066914458546,55,qp_inactive,nuPI (rho=1),0.38835333746469747
-47.09666980294398,0.1815020823410931,0.24342741131522594,0.17450915413868465,0.0,-0.3777481824117217,0.906235557728887,0.5112331460108536,58,qp_inactive,nuPI (rho=1),0.38053254129304154
-47.08382549142419,0.1717083956428067,0.2337802251552077,0.16877884018351133,0.0,-0.3649038708919363,0.8879574180355907,0.49816159939379767,61,qp_inactive,nuPI (rho=1),0.3728574651075184
-47.07146203252512,0.1624544226835436,0.22457939815775774,0.16298211534132087,0.0,-0.35254041199286235,0.8700214606877122,0.48556370297685914,64,qp_inactive,nuPI (rho=1),0.36532607288625485
-47.05956555272372,0.15371012605130563,0.21580633259106108,0.15716308455971315,0.0,-0.34064393219146183,0.8524228108278723,0.47341308330419885,67,qp_inactive,nuPI (rho=1),0.35793631765387984
-47.0481217974201,0.14544717265606089,0.20744129712427295,0.15135909306919526,0.0,-0.329200176887845,0.8351565709468486,0.4616852026654622,70,qp_inactive,nuPI (rho=1),0.3506861429234078
-47.033542591911754,0.13622965836746748,0.19760713387799278,0.14369736880623657,0.0,-0.3146209713794974,0.8126435036248212,0.44666639093286037,74,qp_inactive,nuPI (rho=1),0.34123280085655927
-47.019707680280234,0.1327707597281741,0.18881790144129473,0.13617804680656168,0.0,-0.3007860597479777,0.7907009710796141,0.43230891933728327,78,qp_inactive,nuPI (rho=1),0.3320190290059397
-47.00658230543464,0.12938324275857793,0.18051604447081315,0.1288478200540557,0.0,-0.2876606849023844,0.7693172861560259,0.4185675385529841,82,qp_inactive,nuPI (rho=1),0.3230399198805206
-46.99413204022323,0.1260669643133756,0.17266980243302799,0.12174197112993074,0.0,-0.27521041969097126,0.7484807765650111,0.4054011063416671,86,qp_inactive,nuPI (rho=1),0.31429057223164175
-46.982323067170995,0.12282164999302758,0.16524981192654264,0.11488633194066061,0.0,-0.26340144663873843,0.7281798071777973,0.392772192488216,90,qp_inactive,nuPI (rho=1),0.30576610041441493
-46.968413501881386,0.11886419193244624,0.15653292605129687,0.10669549634230348,0.0,-0.24949188134912959,0.7035390677088623,0.37769031144431725,95,qp_inactive,nuPI (rho=1),0.2954193388804135
-46.95792833869702,0.11577695095404605,0.14997531955774868,0.10045916463918786,0.0,-0.2390067181647666,0.6844008487793861,0.3661507934171895,99,qp_inactive,nuPI (rho=1),0.2873831114084885
-46.94557480946145,0.11201529843501212,0.14226023404846977,0.0930679252331213,0.0,-0.22665318892919117,0.6611773621464633,0.3523384349644578,104,qp_inactive,nuPI (rho=1),0.2776314609565263
-46.931779930574756,0.10764232517261219,0.13365440648250626,0.08479249094530447,0.0,-0.212858310042499,0.6343058045374589,0.3365974514824174,110,qp_inactive,nuPI (rho=1),0.2663479684713242
-46.921079029950285,0.10411385629147618,0.12698208259073596,0.08004012812835885,0.0,-0.20215740941802807,0.6127179493727625,0.32412404744694767,115,qp_inactive,nuPI (rho=1),0.2572831273085306
-46.909116649816056,0.10001593665439024,0.11952301294358847,0.07938726173204672,0.0,-0.1901950292837995,0.5877468118954519,0.30987136571534096,121,qp_inactive,nuPI (rho=1),0.24679763010840675
-46.89803679591435,0.09606362860925421,0.11261085856207487,0.07855431096381181,0.0,-0.1791151753820941,0.5637608512989458,0.2963435552808485,127,qp_inactive,nuPI (rho=1),0.23672581327965925
-46.88612669447687,0.09163212432273737,0.1051735559528093,0.0773849377293287,0.0,-0.16720507394461492,0.5369753761466174,0.281407790646348,134,qp_inactive,nuPI (rho=1),0.22547846721987633
-46.87671155649497,0.08798352276384369,0.09928656341260034,0.076236739616774,0.0,-0.15778993596271107,0.5150041035735868,0.26927877628722113,140,qp_inactive,nuPI (rho=1),0.2162526272974059
-46.86656628590449,0.0838964923986516,0.09293323061920233,0.07475316251688836,0.0,-0.14764466537223342,0.49047639095086837,0.2558563112539498,147,qp_inactive,nuPI (rho=1),0.2059533262637769
-46.85597008964775,0.07944207657875557,0.0862844520132029,0.07290028733021885,0.0,-0.1370484691154914,0.4638395873380947,0.24140660270944284,155,qp_inactive,nuPI (rho=1),0.19476840807750023
-46.846325946827896,0.07520997138273433,0.08021972832413482,0.0709134647785358,0.0,-0.1274043262956397,0.438619754060103,0.2278344197474526,163,qp_inactive,nuPI (rho=1),0.1841784823496774
-46.837529516857124,0.07119116966347172,0.07467592197122741,0.06882386097344338,0.0,-0.11860789632486757,0.4147457742664711,0.21507339597602446,171,qp_inactive,nuPI (rho=1),0.17415368678281956
-46.82948891050095,0.06737670244712568,0.06959777271367917,0.06665869977053028,0.0,-0.11056728996869225,0.3921494748944012,0.2030647562726951,179,qp_inactive,nuPI (rho=1),0.1646653951896039
-46.821246404803134,0.06331863434495477,0.06438138034418817,0.06416192480103235,0.0,-0.10232478427087699,0.36817472916314586,0.190389273083917,188,qp_inactive,nuPI (rho=1),0.1545982875351298
-46.81296859667179,0.05908475611604813,0.05913205323496795,0.061345609768652644,0.0,-0.09404697613953061,0.3432283479784555,0.17726361043011446,198,qp_inactive,nuPI (rho=1),0.14412318561784762
-46.80550373234416,0.0551244602419374,0.054389934156100495,0.05851685565535361,0.0,-0.08658211181190012,0.3199522772116905,0.1650681196322226,208,qp_inactive,nuPI (rho=1),0.13434945484260524
-46.798750966789505,0.051421762373509816,0.05009445911614874,0.05570286811099701,0.0,-0.0798293462572488,0.2982381871803863,0.15373021920360605,218,qp_inactive,nuPI (rho=1),0.12523160707001757
-46.79204309969241,0.04762800512927501,0.045823579983928386,0.052650741292602166,0.0,-0.07312147916015022,0.276035310602337,0.14217140886384072,229,qp_inactive,nuPI (rho=1),0.11590851554463685
-46.78547591368626,0.043800750332168015,0.04164025722675602,0.04939905760779485,0.0,-0.06655429315400596,0.2536798875854078,0.13056380535998935,241,qp_inactive,nuPI (rho=1),0.10652136905743403
-46.77958945448703,0.0402751364581968,0.037890767108649026,0.04625077426050526,0.0,-0.06066783395477415,0.23312254018921275,0.1199134245949695,253,qp_inactive,nuPI (rho=1),0.09788924291737996
-46.77387866502633,0.03677000010124076,0.034255398732083275,0.04297590368374711,0.0,-0.054957044494074125,0.2127166594438552,0.10936094318717518,266,qp_inactive,nuPI (rho=1),0.08932071833110823
-46.768770040324256,0.03356565734551342,0.0310070994411209,0.03985602748240471,0.0,-0.04984841979199928,0.1940879885883151,0.09974221882943074,279,qp_inactive,nuPI (rho=1),0.08149845247416532
-46.76385307280074,0.030422736469666534,0.027885852998102312,0.036679295059497054,0.0,-0.04493145226848583,0.17583889503982708,0.09033132433884766,293,qp_inactive,nuPI (rho=1),0.07383557290044404
-46.75916873203764,0.027377940492537833,0.02491880430862725,0.03349180891652552,0.0,-0.04024711150537996,0.15817926061064203,0.08123411413692887,308,qp_inactive,nuPI (rho=1),0.06642020996270519
-46.75500833976577,0.024635379781770883,0.02229048916208276,0.03052828596725899,0.0,-0.03608671923351636,0.1422879259507761,0.07305493066537463,323,qp_inactive,nuPI (rho=1),0.059747364353102586
-46.75107159797622,0.022010067280499923,0.019810746831001147,0.02760952506741856,0.0,-0.03214997744396442,0.1270885405243385,0.0652373759859466,339,qp_inactive,nuPI (rho=1),0.05336507145686087
-46.74738051505954,0.01952483298714891,0.01749333788885954,0.02477276372483634,0.0,-0.028458894527283007,0.11271057014075936,0.05784661544199954,356,qp_inactive,nuPI (rho=1),0.04732769457174833
-46.74395007591786,0.01719721597779511,0.015347154324802492,0.02205095889163343,0.0,-0.025028455385601944,0.09925289331579767,0.0509322338885154,374,qp_inactive,nuPI (rho=1),0.041676753248129264
-46.74078902624083,0.015039570339043573,0.013376794016428661,0.019471857348462147,0.0,-0.02186740570857637,0.086784579309366,0.044528673909526646,393,qp_inactive,nuPI (rho=1),0.036441249990678756
-46.737900600834884,0.013059338936282971,0.011583125747598455,0.01705740792571819,0.0,-0.018978980302627235,0.07534657952496127,0.0386561168803786,413,qp_inactive,nuPI (rho=1),0.03163838048489964
-46.7352831999762,0.011259463387251367,0.00996383139351309,0.014823520166134908,0.0,-0.016361579443945118,0.0649541548755217,0.033321724129842016,434,qp_inactive,nuPI (rho=1),0.027274552859377608
-46.732931029446625,0.009638895573461204,0.008513920700660371,0.012780144982593446,0.0,-0.014009408914368748,0.0555998481893476,0.028521147189639832,456,qp_inactive,nuPI (rho=1),0.02334663581290344
-46.73091894532898,0.008251274555295618,0.007277870068741699,0.011006382356226384,0.0,-0.011997324796723774,0.047592056785225045,0.024412222968835755,478,qp_inactive,nuPI (rho=1),0.01998412681933452
-46.72898194969169,0.006915042468830235,0.0060918247587191665,0.009277294547603981,0.0,-0.010060329159436776,0.03988229330955151,0.020456700641251685,503,qp_inactive,nuPI (rho=1),0.01674676114421276
-46.72735803941948,0.005795048434704686,0.005100548247118475,0.007812141216146898,0.0,-0.008436418887221464,0.03342115995852368,0.017142108687444896,528,qp_inactive,nuPI (rho=1),0.014033701087441747
-46.725946572913,0.004822150023885863,0.004241309894382095,0.006527665811550795,0.0,-0.0070249523807461856,0.02780924813883834,0.014263374871953897,554,qp_inactive,nuPI (rho=1),0.011677233116124085
-46.72468920101956,0.0039561898407523,0.0034777836555690556,0.00537518933063408,0.0,-0.005767580487301416,0.022814621689112302,0.01170142718430348,582,qp_inactive,nuPI (rho=1),0.00957996615334145
-46.723623323667894,0.003222830810384325,0.0028319862795953554,0.004392421401499226,0.0,-0.004701703135637558,0.0185850854931362,0.009532013526872194,611,qp_inactive,nuPI (rho=1),0.007803964159798853
-46.72270046021138,0.002588526222805365,0.002273936022799905,0.003537391723134787,0.0,-0.003778839679121404,0.014927011085889896,0.0076557699829268465,642,qp_inactive,nuPI (rho=1),0.0062679216391136145
-46.72193711358065,0.0020643990904465337,0.00181313015375828,0.002827377227389425,0.0,-0.0030154930483945463,0.011904445378061457,0.006105515305188613,674,qp_inactive,nuPI (rho=1),0.004998732188075487
-46.721294025642834,0.0016232706463308322,0.0014254820414421054,0.002227342161392247,0.0,-0.002372405110577347,0.009360585870248128,0.004800805907929282,708,qp_inactive,nuPI (rho=1),0.0039305537051801285
-46.72076174472542,0.0012584759239029353,0.001105022003740963,0.001729442887230675,0.0,-0.0018401241931655932,0.007256958488645937,0.0037218969078648186,744,qp_inactive,nuPI (rho=1),0.0030472307472277447
-46.7203387162618,0.0009687836367007208,0.0008505956600788345,0.001332955697993137,0.0,-0.001417095729543405,0.005586437632802976,0.002865125956540112,781,qp_inactive,nuPI (rho=1),0.002345771241323957
-46.71999754369084,0.000735302765263901,0.0006455691951416931,0.001012697836302557,0.0,-0.0010759231585808493,0.004240072807278894,0.0021746103696524484,820,qp_inactive,nuPI (rho=1),0.0017804263658169712
-46.719721320281565,0.000546377194878156,0.00047968494689243357,0.0007530947946207246,0.0,-0.0007996997493080471,0.003150641489449546,0.0016158711084332765,862,qp_inactive,nuPI (rho=1),0.0013229690696402838
-46.71951178776398,0.00040313237746314456,0.00035391843889698293,0.0005559873971071825,0.0,-0.000590167231720784,0.002324629151291502,0.001192233044953205,905,qp_inactive,nuPI (rho=1),0.0009761226327531513
-46.71935101975895,0.00029326543881702527,0.00025746100376489167,0.0004046481929741565,0.0,-0.0004293992266966029,0.0016910896187063429,0.0008673091798501474,950,qp_inactive,nuPI (rho=1),0.0007100964254518048
-46.719227477880686,0.00020886296932642878,0.00018336186317036152,0.00028829116360856727,0.0,-0.00030585734842958345,0.001204389686183971,0.0006176952369791697,998,qp_inactive,nuPI (rho=1),0.0005057288517118911
-46.71913641369025,0.00014666289431519708,0.00012875558624436678,0.00020248971648009076,0.0,-0.0002147931579941087,0.0008457183219292563,0.0004337434299096506,1048,qp_inactive,nuPI (rho=1),0.0003551210714666136
-46.71906929267411,0.00010082460097637913,8.85138744735059e-05,0.00013922985467779383,0.0,-0.00014767214184985278,0.0005813958770604088,0.0002981803955151233,1101,qp_inactive,nuPI (rho=1),0.00024413084292294033
-46.71902171865912,6.83393873233129e-05,5.9995045150529336e-05,9.4383449912608e-05,0.0,-0.00010009812686462283,0.00039407282601922056,0.0002021080492467057,1156,qp_inactive,nuPI (rho=1),0.0001654730193057449
-46.71898804594852,4.534852320348115e-05,3.98113739494832e-05,6.263680575852353e-05,0.0,-6.64254162643374e-05,0.00026149810193154543,0.0001341144749786236,1214,qp_inactive,nuPI (rho=1),0.00010980427375934764
-46.718964774940815,2.9460677106740718e-05,2.5863458235964032e-05,4.069471236643305e-05,0.0,-4.315440855862107e-05,0.0001698822908180464,8.712749281810387e-05,1275,qp_inactive,nuPI (rho=1),7.133436698035017e-05
-46.71894906785102,1.873742092439734e-05,1.6449534431028923e-05,2.588359004927091e-05,0.0,-2.744731876447304e-05,0.00010804761720106804,5.5414357180388756e-05,1339,qp_inactive,nuPI (rho=1),4.536969886418922e-05
-46.71893871122259,1.1667140242144214e-05,1.0242552091366264e-05,1.611728685269982e-05,0.0,-1.709069033495325e-05,6.727749259272109e-05,3.450459243756062e-05,1406,qp_inactive,nuPI (rho=1),2.8250133212926647e-05
-46.71893196562087,7.062130109591891e-06,6.199825435704298e-06,9.755995243780754e-06,0.0,-1.0345088611529718e-05,4.0723124548280865e-05,2.0885659669232045e-05,1477,qp_inactive,nuPI (rho=1),1.7099830106629238e-05
-46.71892775102108,4.184991011957351e-06,3.6739925359796644e-06,5.7814345124449516e-06,0.0,-6.130488820588198e-06,2.4132366217122225e-05,1.2376761193055964e-05,1551,qp_inactive,nuPI (rho=1),1.0133293232313371e-05
-46.718925152135384,2.4108491507579544e-06,2.116478074576378e-06,3.3305375479524607e-06,0.0,-3.53160312727141e-06,1.3901940150828906e-05,7.129884893269804e-06,1629,qp_inactive,nuPI (rho=1),5.837489568116585e-06
-46.718923598252495,1.3500884965544913e-06,1.1852391081923486e-06,1.865127205771788e-06,0.0,-1.9777202382442738e-06,7.785161286522069e-06,3.992773903610157e-06,1711,qp_inactive,nuPI (rho=1),3.269025567878592e-06
-46.71892269718139,7.349725670291463e-07,6.452304650572671e-07,1.0153562921096852e-06,0.0,-1.0766491342906193e-06,4.238151789737188e-06,2.173619947244157e-06,1797,qp_inactive,nuPI (rho=1),1.7796197215832734e-06
-46.71892219030286,3.8895263210214637e-07,3.414604843321456e-07,5.373344400146572e-07,0.0,-5.697706058072072e-07,2.2428596206935936e-06,1.1502949049986666e-06,1887,qp_inactive,nuPI (rho=1),9.41787225128294e-07
-46.71892191158494,1.9868641154552336e-07,1.744262712044531e-07,2.744836457253267e-07,0.0,-2.910526859523088e-07,1.1457069393205899e-06,5.875984581312314e-07,1982,qp_inactive,nuPI (rho=1),4.810876923537861e-07
-46.718921765062866,9.86634527411212e-08,8.661638162266172e-08,1.363028065387449e-07,0.0,-1.4453060970254228e-07,5.689337363445901e-07,2.917889163116247e-07,2081,qp_inactive,nuPI (rho=1),2.388979318590371e-07
-46.71892168932191,4.695907018792411e-08,4.122524455141274e-08,6.487361087213952e-08,0.0,-6.87896530848775e-08,2.7078516562362154e-07,1.3887752649681503e-07,2186,qp_inactive,nuPI (rho=1),1.1370395515868787e-07
-46.71892165213553,2.1573894226634138e-08,1.893966272703551e-08,2.9804179719740116e-08,0.0,-3.160327111118022e-08,1.2440387875400916e-07,6.380298906871232e-08,2296,qp_inactive,nuPI (rho=1),5.223776944662423e-08
-46.71892163454706,9.567169279023346e-09,8.398993944780386e-09,1.3216976216536971e-08,0.0,-1.4014801763551077e-08,5.516820356099572e-08,2.8294104072618046e-08,2411,qp_inactive,nuPI (rho=1),2.3165386218400805e-08
-46.71892162648912,4.06643141381835e-09,3.569909701184315e-09,5.617746163902469e-09,0.0,-5.95686344695423e-09,2.3448702313189074e-08,1.2026130629265068e-08,2532,qp_inactive,nuPI (rho=1),9.846219567486116e-09
-46.71892162295899,1.6566032989828727e-09,1.4543282134127367e-09,2.2885857339078656e-09,0.0,-2.4267308162961854e-09,9.552648894128879e-09,4.899264890689893e-09,2659,qp_inactive,nuPI (rho=1),4.011201865520393e-09
-46.71892162147313,6.422851139831209e-10,5.638618461034639e-10,8.873123433286895e-10,0.0,-9.408722689840943e-10,3.703678475019956e-09,1.899504728062362e-09,2793,qp_inactive,nuPI (rho=1),1.5551918816380335e-09
-46.718921620881886,2.3867818832457033e-10,2.0953550006197474e-10,3.2973223001719746e-10,0.0,-3.496296585581149e-10,1.3763148398737712e-09,7.05870256709818e-10,2933,qp_inactive,nuPI (rho=1),5.779210263488399e-10
-46.71892162065591,8.441092269606543e-11,7.41056105368898e-11,1.1661309310114198e-10,0.0,-1.2365575230433024e-10,4.86750417749704e-10,2.496395870119341e-10,3080,qp_inactive,nuPI (rho=1),2.0438877272255177e-10
-46.71892162057359,2.8211433189540003e-11,2.4766411144128142e-11,3.897389556640338e-11,0.0,-4.133227093916503e-11,1.626792034414848e-10,8.343323588689553e-11,3235,qp_inactive,nuPI (rho=1),6.830975696457452e-11
-46.7189216205454,8.97348861883529e-12,7.878586671949961e-12,1.2396811107581378e-11,0.0,-1.3145040611561853e-11,5.174505268712437e-11,2.653847103239103e-11,3397,qp_inactive,nuPI (rho=1),2.1727989186079262e-11
-46.718921620536165,2.6780799800008026e-12,2.3505641877363814e-12,3.699748565374208e-12,0.0,-3.907985046680551e-12,1.5443646361745778e-11,7.920593221388042e-12,3568,qp_inactive,nuPI (rho=1),6.484859203267199e-12
-46.718921620533365,7.551737013500315e-13,6.616929226765933e-13,1.043267131327308e-12,0.0,-1.1084466677857563e-12,4.356737193234039e-12,2.2344330725214736e-12,3747,qp_inactive,nuPI (rho=1),1.82941428610688e-12
-46.718921620532555,1.9984014443252818e-13,1.7674750552032492e-13,2.7607774719104816e-13,0.0,-2.984279490192421e-13,1.1528555887707626e-12,5.912956613915389e-13,3935,qp_inactive,nuPI (rho=1),4.840894436301372e-13
-46.71892162053233,4.929390229335695e-14,4.39648317751562e-14,6.80991776405013e-14,0.0,-7.105427357601002e-14,2.857714065385153e-13,1.4664641293434114e-13,4133,qp_inactive,nuPI (rho=1),1.1999674767950432e-13
-46.718921620532285,1.1546319456101628e-14,1.2878587085651816e-14,1.595115872660643e-14,0.0,-2.842170943040401e-14,6.705747068735946e-14,3.4742462898554025e-14,4340,qp_inactive,nuPI (rho=1),2.8157744987731398e-14
-46.71892162053226,3.9968028886505635e-15,7.105427357601002e-15,5.519511005419677e-15,0.0,0.0,2.3314683517128287e-14,1.2855093392754757e-14,4558,qp_inactive,nuPI (rho=1),9.78994444937681e-15
-46.71892162053226,3.9968028886505635e-15,7.105427357601002e-15,5.519511005419677e-15,0.0,0.0,2.3314683517128287e-14,1.2855093392754757e-14,4787,qp_inactive,nuPI (rho=1),9.78994444937681e-15
-46.71892162053226,3.9968028886505635e-15,7.105427357601002e-15,5.519511005419677e-15,0.0,0.0,2.3314683517128287e-14,1.2855093392754757e-14,5027,qp_inactive,nuPI (rho=1),9.78994444937681e-15
-46.71892162053226,3.9968028886505635e-15,7.105427357601002e-15,5.519511005419677e-15,0.0,0.0,2.3314683517128287e-14,1.2855093392754757e-14,5280,qp_inactive,nuPI (rho=1),9.78994444937681e-15
-46.71892162053226,3.9968028886505635e-15,7.105427357601002e-15,5.519511005419677e-15,0.0,0.0,2.3314683517128287e-14,1.2855093392754757e-14,5545,qp_inactive,nuPI (rho=1),9.78994444937681e-15
-46.71892162053226,3.9968028886505635e-15,7.105427357601002e-15,5.519511005419677e-15,0.0,0.0,2.3314683517128287e-14,1.2855093392754757e-14,5823,qp_inactive,nuPI (rho=1),9.78994444937681e-15
-46.71892162053226,3.9968028886505635e-15,7.105427357601002e-15,5.519511005419677e-15,0.0,0.0,2.3314683517128287e-14,1.2855093392754757e-14,6115,qp_inactive,nuPI (rho=1),9.78994444937681e-15
-46.71892162053226,3.9968028886505635e-15,7.105427357601002e-15,5.519511005419677e-15,0.0,0.0,2.3314683517128287e-14,1.2855093392754757e-14,6422,qp_inactive,nuPI (rho=1),9.78994444937681e-15
-46.71892162053226,3.9968028886505635e-15,7.105427357601002e-15,5.519511005419677e-15,0.0,0.0,2.3314683517128287e-14,1.2855093392754757e-14,6745,qp_inactive,nuPI (rho=1),9.78994444937681e-15
-46.71892162053226,3.9968028886505635e-15,7.105427357601002e-15,5.519511005419677e-15,0.0,0.0,2.3314683517128287e-14,1.2855093392754757e-14,7083,qp_inactive,nuPI (rho=1),9.78994444937681e-15
-46.71892162053226,3.9968028886505635e-15,7.105427357601002e-15,5.519511005419677e-15,0.0,0.0,2.3314683517128287e-14,1.2855093392754757e-14,7439,qp_inactive,nuPI (rho=1),9.78994444937681e-15
-46.71892162053226,3.9968028886505635e-15,7.105427357601002e-15,5.519511005419677e-15,0.0,0.0,2.3314683517128287e-14,1.2855093392754757e-14,7813,qp_inactive,nuPI (rho=1),9.78994444937681e-15
-46.71892162053226,3.9968028886505635e-15,7.105427357601002e-15,5.519511005419677e-15,0.0,0.0,2.3314683517128287e-14,1.2855093392754757e-14,8205,qp_inactive,nuPI (rho=1),9.78994444937681e-15
-46.71892162053226,3.9968028886505635e-15,7.105427357601002e-15,5.519511005419677e-15,0.0,0.0,2.3314683517128287e-14,1.2855093392754757e-14,8617,qp_inactive,nuPI (rho=1),9.78994444937681e-15
-46.71892162053226,3.9968028886505635e-15,7.105427357601002e-15,5.519511005419677e-15,0.0,0.0,2.3314683517128287e-14,1.2855093392754757e-14,9049,qp_inactive,nuPI (rho=1),9.78994444937681e-15
-46.71892162053226,3.9968028886505635e-15,7.105427357601002e-15,5.519511005419677e-15,0.0,0.0,2.3314683517128287e-14,1.2855093392754757e-14,9504,qp_inactive,nuPI (rho=1),9.78994444937681e-15
-46.71892162053226,3.9968028886505635e-15,7.105427357601002e-15,5.519511005419677e-15,0.0,0.0,2.3314683517128287e-14,1.2855093392754757e-14,9981,qp_inactive,nuPI (rho=1),9.78994444937681e-15
-46.71892162053226,3.9968028886505635e-15,7.105427357601002e-15,5.519511005419677e-15,0.0,0.0,2.3314683517128287e-14,1.2855093392754757e-14,10482,qp_inactive,nuPI (rho=1),9.78994444937681e-15
-46.71892162053226,3.9968028886505635e-15,7.105427357601002e-15,5.519511005419677e-15,0.0,0.0,2.3314683517128287e-14,1.2855093392754757e-14,11008,qp_inactive,nuPI (rho=1),9.78994444937681e-15
-46.71892162053226,3.9968028886505635e-15,7.105427357601002e-15,5.519511005419677e-15,0.0,0.0,2.3314683517128287e-14,1.2855093392754757e-14,11561,qp_inactive,nuPI (rho=1),9.78994444937681e-15
-46.71892162053226,3.9968028886505635e-15,7.105427357601002e-15,5.519511005419677e-15,0.0,0.0,2.3314683517128287e-14,1.2855093392754757e-14,12141,qp_inactive,nuPI (rho=1),9.78994444937681e-15
-46.71892162053226,3.9968028886505635e-15,7.105427357601002e-15,5.519511005419677e-15,0.0,0.0,2.3314683517128287e-14,1.2855093392754757e-14,12750,qp_inactive,nuPI (rho=1),9.78994444937681e-15
-46.71892162053226,3.9968028886505635e-15,7.105427357601002e-15,5.519511005419677e-15,0.0,0.0,2.3314683517128287e-14,1.2855093392754757e-14,13390,qp_inactive,nuPI (rho=1),9.78994444937681e-15
-46.71892162053226,3.9968028886505635e-15,7.105427357601002e-15,5.519511005419677e-15,0.0,0.0,2.3314683517128287e-14,1.2855093392754757e-14,14063,qp_inactive,nuPI (rho=1),9.78994444937681e-15
-46.71892162053226,3.9968028886505635e-15,7.105427357601002e-15,5.519511005419677e-15,0.0,0.0,2.3314683517128287e-14,1.2855093392754757e-14,14769,qp_inactive,nuPI (rho=1),9.78994444937681e-15
-46.71892162053226,3.9968028886505635e-15,7.105427357601002e-15,5.519511005419677e-15,0.0,0.0,2.3314683517128287e-14,1.2855093392754757e-14,15510,qp_inactive,nuPI (rho=1),9.78994444937681e-15
-46.71892162053226,3.9968028886505635e-15,7.105427357601002e-15,5.519511005419677e-15,0.0,0.0,2.3314683517128287e-14,1.2855093392754757e-14,16289,qp_inactive,nuPI (rho=1),9.78994444937681e-15
-46.71892162053226,3.9968028886505635e-15,7.105427357601002e-15,5.519511005419677e-15,0.0,0.0,2.3314683517128287e-14,1.2855093392754757e-14,17107,qp_inactive,nuPI (rho=1),9.78994444937681e-15
0.0,2.5172968200235886,30.023012907880656,0.0,0.0,46.71892162053226,1.3814929326399201,1.0,0,qp_inactive,iALM,12.606803277219766
-27.480175921450858,2.3216902758959783,18.57228524831355,0.2391517212218872,0.0,19.2387456990814,1.3370698182253147,0.9471830506659804,1,qp_inactive,iALM,7.79858927724211
-36.96873237172486,2.0999763037533996,12.4047836741025,0.4158183583398686,0.0,9.750189248807395,1.312039092332925,0.9050053845164713,2,qp_inactive,iALM,5.208826574325213
-41.31606248323723,1.8861427282877323,8.836476266066056,0.5355548438966351,0.0,5.4028591372950245,1.2947603384518402,0.8694844099832657,3,qp_inactive,iALM,3.7104776356697777
-43.71748165308517,1.6918142429509417,6.607509164846084,0.6109524559754406,0.0,3.0014399674470837,1.2805757587487065,0.838761929155151,4,qp_inactive,iALM,2.774523944323262
-45.16675031436113,1.518585354093086,5.111284838232345,0.6535255842552902,0.0,1.5521713061711253,1.2676846471204117,0.8117955063229703,5,qp_inactive,iALM,2.1462523647157794
-46.070957391270646,1.3656402080437282,4.043501315010948,0.6725668229648984,0.0,0.6479642292616106,1.255425209540634,0.7878664174015918,6,qp_inactive,iALM,1.697885078553925
-46.63973801348608,1.2311955460177102,3.2459466932670686,0.6751554435297525,0.0,0.07918360704617555,1.2435694057269284,0.7664994967617424,7,qp_inactive,iALM,1.3629881696389872
-46.9956431749639,1.1132225446408976,2.6311360633736864,0.6665467606331008,0.0,-0.2767215544316457,1.2320423586669564,0.7473270277505332,8,qp_inactive,iALM,1.1132225446408976
-47.214697767983516,1.0097678033783535,2.1470865621086297,0.6506007244360118,0.0,-0.4957761474512594,1.2208163147604343,0.7300479813882369,9,qp_inactive,iALM,1.0097678033783535
-47.345376761927206,0.919051432257119,1.7606730979312673,0.6301263641939641,0.0,-0.6264551413949491,1.2098736622459458,0.7144093688225773,10,qp_inactive,iALM,0.919051432257119
-47.418966719814954,0.8393818200638645,1.4497607313480412,0.6070697996615226,0.0,-0.700045099282697,1.1991961861073202,0.70019517791227,11,qp_inactive,iALM,0.8393818200638645
-47.455641269102614,0.7689314100894491,1.199252639951034,0.5825284649412183,0.0,-0.7367196485703573,1.1887627877058258,0.6871761843577838,12,qp_inactive,iALM,0.7689314100894491
-47.46872619450373,0.70656896579697,0.9947021781629086,0.5575157297666123,0.0,-0.749804573971474,1.178548575801481,0.6751681445544857,13,qp_inactive,iALM,0.70656896579697
-47.46695636017321,0.6512827298557338,0.8273667626126873,0.5327226948578242,0.0,-0.7480347396409499,1.1685303356041712,0.6640315947763915,14,qp_inactive,iALM,0.6512827298557338
-47.4560555671673,0.6021761776277943,0.69025687907817,0.508603798466313,0.0,-0.7371339466350406,1.1586869750099102,0.6536478929727867,15,qp_inactive,iALM,0.6021761776277943
-47.43976517017786,0.5584599909187438,0.5777482859990837,0.4854417001995598,0.0,-0.7208435496456005,1.1489997409560888,0.643916297531794,16,qp_inactive,iALM,0.5584599909187438
-47.4205176817934,0.5194425602684662,0.48529595532007264,0.4633961477797278,0.0,-0.7015960612611423,1.1394522481091178,0.6347513605633728,17,qp_inactive,iALM,0.5194425602684662
-47.39988011885116,0.4845201513089892,0.4092162384160378,0.442540511890524,0.0,-0.6809584983189012,1.1300303794314481,0.6260806364761037,18,qp_inactive,iALM,0.4845201513089892
-47.378847061402055,0.45316731414891764,0.34651736144362033,0.42288887116728197,0.0,-0.6599254408697988,1.1207221104290181,0.6178426916287435,19,qp_inactive,iALM,0.4705964460648981
-47.358035058261734,0.42492783503826326,0.29476562729986,0.4044158967628755,0.0,-0.6391134377294776,1.1115172954931234,0.6099853917959216,20,qp_inactive,iALM,0.4667313013022424
-47.33781193788421,0.39940637908025645,0.25197880533293215,0.38707128554885767,0.0,-0.6188903173519549,1.1024074424020582,0.6024644396518143,21,qp_inactive,iALM,0.46290603146154347
-47.318382969189514,0.3762608863222967,0.21654065426032432,0.3707900949420399,0.0,-0.5994613486572575,1.0933854914620995,0.5952421330930122,22,qp_inactive,iALM,0.45911767214445
-47.2822412391872,0.3359556258897496,0.16267566508786402,0.3411264060781189,0.0,-0.5633196186549441,1.075582999558665,0.5815694939757733,24,qp_inactive,iALM,0.45164232268636856
-47.2655536410298,0.3183202201023372,0.14229049082935852,0.32759560578801944,0.0,-0.5466320204975403,1.0667937405714383,0.5750680933650297,25,qp_inactive,iALM,0.4479516718065091
-47.2497527490799,0.30209935652104125,0.12525589295152884,0.3148371270342133,0.0,-0.5308311285476464,1.058074636473881,0.568761838054621,26,qp_inactive,iALM,0.44429047929232757
-47.234792199745925,0.2871289139648452,0.11098177589363267,0.3027849219167142,0.0,-0.5158705792136686,1.0494230942439586,0.5626332294464569,27,qp_inactive,iALM,0.4406576563217669
-47.207178891078,0.2603917394779609,0.08886783085909578,0.280561012695712,0.0,-0.48825727054574486,1.0323147131970507,0.5508503045721643,29,qp_inactive,iALM,0.4334737672526765
-47.19441749535176,0.24839668763850709,0.08273921916476201,0.27028357386010604,0.0,-0.47549587481950084,1.0238548226932493,0.545171306153808,30,qp_inactive,iALM,0.42992141973660664
-47.17072929770726,0.22669320733660436,0.07374356110976521,0.2511721784416271,0.0,-0.4518076771750046,1.0071181234976636,0.5341876065540737,32,qp_inactive,iALM,0.42289360161201833
-47.149186633960305,0.20755920177367182,0.06611846681576028,0.23373906023242183,0.0,-0.43026501342804835,0.9906205043466272,0.5236487991297787,34,qp_inactive,iALM,0.4159661743142398
-47.13912154848257,0.1988097514633136,0.06273462945239977,0.2255745763440696,0.0,-0.42019992795031413,0.9824599822993627,0.5185292443910559,35,qp_inactive,iALM,0.41253953301061924
-47.12023902616978,0.19517230081384485,0.05668569452268096,0.21022479668857952,0.0,-0.4013174056375206,0.9663136030073817,0.5085619601279067,37,qp_inactive,iALM,0.4057595929693601
-47.10283718589993,0.19236588143508437,0.05144479199820129,0.19604561496697764,0.0,-0.3839155653676727,0.9503982521795773,0.49892619768183594,39,qp_inactive,iALM,0.39907666285872484
-47.086733485338,0.18957750307532817,0.046865294429767834,0.1829049363013838,0.0,-0.3678118648057449,0.9347121938163224,0.4895907115465521,41,qp_inactive,iALM,0.3924900137243658
-47.071779587045825,0.18680521535556205,0.04283170467501213,0.17069724734906747,0.0,-0.35285796651356804,0.9192540014731816,0.4805295411668529,43,qp_inactive,iALM,0.38599904659560547
-47.057853800408054,0.18404863709118946,0.039252904801236166,0.15933689726903416,0.0,-0.3389321798757976,0.904022372232555,0.47172084684456644,45,qp_inactive,iALM,0.37960321437126116
-47.044855013763225,0.18130832024248855,0.036056775379927686,0.14875297922122907,0.0,-0.3259333932309687,0.8890160126902631,0.46314605287962163,47,qp_inactive,iALM,0.3733019739448799
-47.02691191763358,0.1772307608399697,0.03185779709582581,0.1342039810957445,0.0,-0.30799029710132686,0.8669258737175664,0.4506881259616043,50,qp_inactive,iALM,0.3640262214662826
-47.01588377455489,0.17453631920282286,0.02939164014882245,0.12531591337405373,0.0,-0.29696215402262993,0.8524765667482687,0.44263286579509703,52,qp_inactive,iALM,0.3579588900158044
-47.00059358477097,0.17053413251459548,0.02610815880358658,0.11309220284122468,0.0,-0.2816719642387113,0.8312147456335437,0.43089674753854706,55,qp_inactive,iALM,0.3490309520726269
-46.986654140816185,0.1665834279868298,0.023246709459677994,0.10208457961977543,0.0,-0.26773252028392847,0.8104421658399891,0.41954823112503037,58,qp_inactive,iALM,0.3403084488441467
-46.973917578277266,0.16268838778242667,0.02073982866083557,0.0962042490597036,0.0,-0.2549959577450096,0.7901523313158506,0.40856003293287635,61,qp_inactive,iALM,0.33178865260790635
-46.96225543929136,0.15885261601104128,0.01853491783515565,0.09708351920060218,0.0,-0.24333381875910476,0.7703382558176369,0.39790907755481214,64,qp_inactive,iALM,0.32346862980764995
-46.951554736701645,0.15507912558079573,0.01691189472996657,0.09777745034434497,0.0,-0.23263311616938864,0.7509925349999861,0.387575644363238,67,qp_inactive,iALM,0.315345271324194
-46.94171529141095,0.15137036994143604,0.015617561678558475,0.09829772559349076,0.0,-0.22279367087869417,0.7321074179482315,0.3775427103281974,70,qp_inactive,iALM,0.3074153225122863
-46.929782896783436,0.14652935422720403,0.014296074667155878,0.09874072327123115,0.0,-0.21086127625117967,0.7076298436227753,0.36460752351399467,74,qp_inactive,iALM,0.2971370747837396
-46.9190383301205,0.14181020117206933,0.01314258277563951,0.09892051874304754,0.0,-0.20011670958824368,0.6839372002210683,0.3521499772136717,78,qp_inactive,iALM,0.28718842321438837
-46.90932157206772,0.13721507129694854,0.01213043019375526,0.09886120005411694,0.0,-0.1903999515354613,0.6610093945002182,0.34014400257768196,82,qp_inactive,iALM,0.27756093055774034
-46.90049476019106,0.13274511104126674,0.011238540163658328,0.09858539856948986,0.0,-0.18157313965880206,0.6388260442236497,0.328566884582057,86,qp_inactive,iALM,0.26824603821750653
-46.89243924559484,0.1284006266762857,0.010449478894098974,0.09811429571686757,0.0,-0.17351762506257984,0.617366633130291,0.3173985275189083,90,qp_inactive,iALM,0.2592351313198864
-46.88330055639677,0.12314582890458081,0.009612018934048727,0.09728074449377118,0.0,-0.16437893586451224,0.5915291526311885,0.3039855979509336,95,qp_inactive,iALM,0.2483858526405408
-46.87662950041304,0.11908140376586962,0.009260959391370172,0.09644036149402516,0.0,-0.15770787988078183,0.5716237301938343,0.2936735196203444,99,qp_inactive,iALM,0.24002747283410197
-46.86897211526459,0.11417266393806935,0.008844172167187025,0.09520040755705536,0.0,-0.15005049473233356,0.5476645513673688,0.28128204117286737,104,qp_inactive,iALM,0.22996690179562052
-46.86062945028366,0.10852915303348765,0.008373545720369968,0.09347370404477977,0.0,-0.14170782975140384,0.5202155575558484,0.2671088168898542,110,qp_inactive,iALM,0.21844094115332172
-46.85427038215314,0.1040268838701136,0.008003806994566265,0.09186728448404265,0.0,-0.13534876162088239,0.4983819418430916,0.25584970993865414,115,qp_inactive,iALM,0.2092729039891073
-46.84723628016058,0.09885764031252386,0.007584715322840552,0.0897743850142453,0.0,-0.1283146596283231,0.47337511058350845,0.24296738455961392,121,qp_inactive,iALM,0.19877241880317703
-46.84075323469373,0.09393457221161583,0.007190261313978041,0.08753583092078115,0.0,-0.12183161416147215,0.44961206215934335,0.23073660841968893,127,qp_inactive,iALM,0.18879420383622206
-46.83377453570151,0.08848960219646762,0.006758540513745803,0.08478291927834909,0.0,-0.11485291516925145,0.42338127687599014,0.2172457288165037,134,qp_inactive,iALM,0.1777797746418948
-46.82821918865478,0.08406749836840488,0.006410932863784247,0.08233409452845243,0.0,-0.10929756812252123,0.40211212404676133,0.20631307095559853,140,qp_inactive,iALM,0.16884875807757033
-46.82216385299357,0.07918077561464343,0.006029474372962085,0.0794067943528452,0.0,-0.10324223246131226,0.37863846782257915,0.19425272502840363,147,qp_inactive,iALM,0.15899206024636522
-46.815729066744005,0.07393677425097356,0.005622766083408948,0.07600807597936267,0.0,-0.09680744621174853,0.3534784330979437,0.18133117685507502,155,qp_inactive,iALM,0.1484272442102558
-46.809744122777396,0.06903537725274367,0.005244686930649944,0.0725912173888237,0.0,-0.09082250224513899,0.3299854262340114,0.16926973535172277,163,qp_inactive,iALM,0.13856242095508453
-46.80415489412535,0.06445550969452096,0.004892894712245521,0.06918928980215776,0.0,-0.08523327359309008,0.30805033432564155,0.15801092996541197,171,qp_inactive,iALM,0.12935177346260826
-46.798919868853325,0.06017702359246191,0.00457087873038553,0.06582897718038785,0.0,-0.07999824832106839,0.28757081335727186,0.147501216873911,179,qp_inactive,iALM,0.12075232700291719
-46.79341362497083,0.055700166370945325,0.004234255626103689,0.06212467212475752,0.0,-0.07449200443857507,0.2661520607468806,0.13651116413787592,188,qp_inactive,iALM,0.1117584927921021
-46.78772881660331,0.05111362852520718,0.0038881720357188954,0.05813027876789221,0.0,-0.0688071960710559,0.24421740661803537,0.12525780569006753,198,qp_inactive,iALM,0.10254802912529191
-46.78246126232653,0.04690350082260064,0.003569629206829461,0.05428628790855087,0.0,-0.06353964179427152,0.22408917905074666,0.1149322046659859,208,qp_inactive,iALM,0.09409609240466672
-46.777577785967416,0.04303931310569542,0.003276686650588445,0.050608804527717474,0.0,-0.058656165435159835,0.20561904256567587,0.10545784238324549,218,qp_inactive,iALM,0.08634039586997393
-46.77261586107194,0.03915474269134056,0.0029817640687337388,0.0467679235964616,0.0,-0.0536942405396843,0.18705465053610837,0.09593562285816358,229,qp_inactive,iALM,0.0785451209921314
-46.767655049759874,0.035315296898979165,0.0026899357580365546,0.04282984840641548,0.0,-0.048733429227617364,0.1687083274606973,0.08652563062640789,241,qp_inactive,iALM,0.07084141428615605
-46.763128853578195,0.031852028142172584,0.0024264844715489176,0.03915671241787003,0.0,-0.04420723304593821,0.1521610909407749,0.0780386475607627,253,qp_inactive,iALM,0.06389315242355226
-46.75867552193357,0.028482138738241236,0.00216998949259839,0.0354725626401335,0.0,-0.039753901401311964,0.13606108617164048,0.06978121170477297,266,qp_inactive,iALM,0.057132685260927796
-46.75465058420524,0.025468645862124495,0.0019405297631713836,0.03208612495429165,0.0,-0.035728963672980285,0.12166447030269434,0.062397519025975325,279,qp_inactive,iALM,0.05108747904946645
-46.75075203512261,0.022578836810500436,0.001720428415303843,0.028757168818563154,0.0,-0.03183041459035252,0.10785917285343527,0.055317166248221056,293,qp_inactive,iALM,0.045290570202898645
-46.74702877295117,0.019845408495221983,0.0015121990807163144,0.02553492254717789,0.0,-0.028107152418911596,0.09480122491691079,0.04862015135675093,308,qp_inactive,iALM,0.03980747690559897
-46.743727134082796,0.01744286165727571,0.0013291538495128208,0.022643779315656906,0.0,-0.024805513550539615,0.08332410228565279,0.04273391712094755,323,qp_inactive,iALM,0.03498817953378799
-46.74061988076601,0.015199830539567971,0.0011582487748000858,0.019894812579674865,0.0,-0.021698260233755207,0.07260909160728568,0.03723855925552798,339,qp_inactive,iALM,0.030488896528782655
-46.737733602993075,0.013131768222982343,0.001000667551323886,0.017317689606898508,0.0,-0.018811982460817944,0.06272996691910837,0.03217190692641988,356,qp_inactive,iALM,0.026340605953246006
-46.73508640932089,0.011247894338670461,0.0008571167039992389,0.014934528837214169,0.0,-0.01616478878863603,0.05373074110963594,0.02755652831227066,374,qp_inactive,iALM,0.022561789024532024
-46.732688287598094,0.009551748479916355,0.0007278683749447623,0.01275984292589955,0.0,-0.013766667065837623,0.045628305055914975,0.023401083433440453,393,qp_inactive,iALM,0.01915953830076469
-46.730541786218645,0.00804189149693424,0.000612814288093233,0.010800880782932995,0.0,-0.011620165686387907,0.038415773858239355,0.019702039728451557,413,qp_inactive,iALM,0.016130962780416442
-46.72864293981677,0.006712700251179982,0.0005115267037911764,0.009058296626839867,0.0,-0.009721319284516028,0.03206628048938387,0.01644561724047016,434,qp_inactive,iALM,0.013464780873331387
-46.72698235461536,0.005555204291246785,0.000423322441619689,0.007527057174657544,0.0,-0.008060734083102261,0.026536970621067857,0.013609837120891661,456,qp_inactive,iALM,0.011142997847006514
-46.72560316569094,0.004597299520109122,0.00035032744121821224,0.00625017504004637,0.0,-0.0066815451586847985,0.021961100374613185,0.0112630413238843,478,qp_inactive,iALM,0.009221568568867841
-46.72431821465138,0.0037076338770525297,0.0002825323962998283,0.005056403330829497,0.0,-0.005396594119126519,0.01771120593685005,0.009083426609075735,503,qp_inactive,iALM,0.007437018054559967
-46.72327911040501,0.0029901355713808364,0.00022785696841687297,0.004088140817667519,0.0,-0.004357489872752751,0.014283747613026199,0.007325609185405816,528,qp_inactive,iALM,0.0059978123038947895
-46.722409249144576,0.00239082988994066,0.00018218814888903978,0.003275609189967287,0.0,-0.0034876286123193267,0.011420890396635519,0.005857354931458007,554,qp_inactive,iALM,0.0047956851939826226
-46.72166501080919,0.001879031219254701,0.00014318761237497313,0.0025790020706924614,0.0,-0.0027433902769331553,0.008976050394931656,0.004603486348138685,582,qp_inactive,iALM,0.0037690854639579265
-46.721060754795346,0.0014641415849472317,0.00011157182308352276,0.002012460839803493,0.0,-0.002139134263089204,0.006994140655931069,0.0035870376841121475,611,qp_inactive,iALM,0.002936872312351547
-46.720560939464505,0.0011213977446196122,8.545375139767941e-05,0.0015431958789077637,0.0,-0.0016393189322485568,0.005356868240014467,0.00274734083709451,642,qp_inactive,iALM,0.0022493739815873815
-46.72016699404279,0.0008515301746283566,6.488906211465917e-05,0.001172919129644236,0.0,-0.0012453735105353303,0.004067722598306345,0.0020861854179143116,674,qp_inactive,iALM,0.0017080557084824997
-46.71985149459687,0.0006355766427943443,4.8432778420703926e-05,0.0008761149519614987,0.0,-0.0009298740646102033,0.0030361219717123245,0.001557115371380315,708,qp_inactive,iALM,0.0012748817895280244
-46.71960402565362,0.00046629776937501255,3.553323867322433e-05,0.0006431484020032005,0.0,-0.0006824051213598636,0.002227484157882209,0.0011423947568801568,744,qp_inactive,iALM,0.0009353309965161265
-46.71941809119998,0.0003391739651108505,2.5846037116750153e-05,0.0004680168995400904,0.0,-0.0004964706677199615,0.0016202192754648514,0.0008309509177587153,781,qp_inactive,iALM,0.0006803376374788626
-46.71927663851419,0.00024249858115421574,1.847909324936836e-05,0.00033472916442909764,0.0,-0.00035501798193138256,0.001158405172197119,0.0005941034374480738,820,qp_inactive,iALM,0.0004864197396181267
-46.719169010232854,0.00016896127549692608,1.287533786609174e-05,0.00023328243585224166,0.0,-0.0002473897005970116,0.0008071206623361249,0.00041394252325352643,862,qp_inactive,iALM,0.00033891373401701415
-46.71909252806634,0.0001167156030246197,8.894066523268407e-06,0.00016117670646465781,0.0,-0.0001709075340841082,0.0005575453578992029,0.00028594452235812615,905,qp_inactive,iALM,0.00023411589858516005
-46.71903767386405,7.92498008939102e-05,6.039064034624175e-06,0.00010945303802498553,0.0,-0.00011605333179431909,0.0003785728510838915,0.00019415610146736664,950,qp_inactive,iALM,0.00015896450747146997
-46.71899841635218,5.2439522135516725e-05,3.996043252740833e-06,7.243169305193383e-05,0.0,-7.679581992192652e-05,0.00025050131584380964,0.0001284729181118813,998,qp_inactive,iALM,0.00010518667194452902
-46.71897157092766,3.4107257016469106e-05,2.599071628139882e-06,4.7113377462700176e-05,0.0,-4.9950395400344405e-05,0.00016292888292190888,8.3560235854161e-05,1048,qp_inactive,iALM,6.841459854398972e-05
-46.718953281729235,2.161852933180164e-05,1.6473944626227421e-06,2.9863612923693846e-05,0.0,-3.166119697795011e-05,0.00010327077409688634,5.2963784478373626e-05,1101,qp_inactive,iALM,4.3363880144884225e-05
-46.71894134658129,1.3468927698712108e-05,1.0263712457714291e-06,1.860636182871343e-05,0.0,-1.972604903244246e-05,6.434048164760675e-05,3.299786830321501e-05,1156,qp_inactive,iALM,2.7016868606149663e-05
-46.71893359736819,8.177700124845089e-06,6.231644000820324e-07,1.1297115469810617e-05,0.0,-1.197683593545662e-05,3.9064517723508274e-05,2.0034755385084366e-05,1214,qp_inactive,iALM,1.6403373357990478e-05
-46.71892870706769,4.83861006395081e-06,3.6871607989041877e-07,6.684393768339081e-06,0.0,-7.086535433131758e-06,2.3113829772825056e-05,1.1854233777787075e-05,1275,qp_inactive,iALM,9.7056050244932e-06
-46.718925706699864,2.789981682793652e-06,2.1260467342187894e-07,3.854302793155459e-06,0.0,-4.086167606942581e-06,1.3327621120717836e-05,6.835247036925578e-06,1339,qp_inactive,iALM,5.596330326264698e-06
-46.71892391662311,1.5677375611033995e-06,1.194661400916175e-07,2.1658066200897507e-06,0.0,-2.296090855224975e-06,7.489014125727778e-06,3.840840098075055e-06,1406,qp_inactive,iALM,3.144671992549688e-06
-46.718922867102194,8.511388629450778e-07,6.485924153309952e-08,1.175838863248031e-06,0.0,-1.2465699370522998e-06,4.065853319801249e-06,2.0852267336267297e-06,1477,qp_inactive,iALM,1.7072707897118094e-06
-46.71892228006335,4.5031743467482954e-07,3.4315489116920617e-08,6.221093847489085e-07,0.0,-6.595310964030432e-07,2.151146797357839e-06,1.1032441303287992e-06,1551,qp_inactive,iALM,9.032765824642868e-07
-46.71892195767111,2.3019301864657393e-07,1.7541372798746124e-08,3.1800977527797494e-07,0.0,-3.3713885017050416e-07,1.0996220380921073e-06,5.639557284468657e-07,1629,qp_inactive,iALM,4.6173642718862075e-07
-46.71892178704112,1.1368955865620478e-07,8.66347349415264e-09,1.570612600548275e-07,0.0,-1.6650886180968882e-07,5.430900760217128e-07,2.785309395578826e-07,1711,qp_inactive,iALM,2.2804605824283905e-07
-46.71892169998718,5.4250539172073786e-08,4.134047770776306e-09,7.494672239896411e-08,0.0,-7.945492086491868e-08,2.5915246526508895e-07,1.3290977466657559e-07,1797,qp_inactive,iALM,1.0881932997290679e-07
-46.71892165716415,2.5011663629115333e-08,1.905965163473411e-09,3.455343354880544e-08,0.0,-3.663189573899217e-08,1.194796304115897e-07,6.127671114607354e-08,1887,qp_inactive,iALM,5.017005457964756e-08
-46.718921636709965,1.104586977440647e-08,8.417320174203269e-10,1.525979044536106e-08,0.0,-1.6177708062059537e-08,5.276563985745497e-08,2.7061557354175348e-08,1982,qp_inactive,iALM,2.2156538503334327e-08
-46.71892162743511,4.713160750569045e-09,3.5915626028781844e-10,6.511198161192226e-09,0.0,-6.902851623635797e-09,2.25145666554738e-08,1.1546893755452454e-08,2081,qp_inactive,iALM,9.453971643962038e-09
-46.718921623329464,1.9098851389287574e-09,1.4553513949522312e-10,2.63849280415937e-09,0.0,-2.7972077987215016e-09,9.123438893254843e-09,4.679076500596208e-09,2186,qp_inactive,iALM,3.8309745824613365e-09
-46.71892162161802,7.413467617567449e-10,5.6493476563446166e-11,1.0241653093770432e-09,0.0,-1.0857661436602939e-09,3.5413796339867076e-09,1.8162434606134068e-09,2296,qp_inactive,iALM,1.487041840624333e-09
-46.71892162093596,2.7564706073235357e-10,2.1008972339586762e-11,3.8080446594175335e-10,0.0,-4.037019607494585e-10,1.316756037539335e-09,6.753157725198379e-10,2411,qp_inactive,iALM,5.529120072087267e-10
-46.7189216206748,9.73352509703318e-11,7.414513447656645e-12,1.3446796126698876e-10,0.0,-1.425419782208337e-10,4.6496562156050913e-10,2.3846378316720225e-10,2532,qp_inactive,iALM,1.9524123510418646e-10
-46.71892162058006,3.264100101318945e-11,2.4868995751603507e-12,4.509331220892409e-11,0.0,-4.780531526193954e-11,1.5592682700571459e-10,7.996913620948675e-11,2659,qp_inactive,iALM,6.547440257690263e-11
-46.71892162054735,1.0306200337595328e-11,7.887024366937112e-13,1.4237942928251686e-11,0.0,-1.5091927707544528e-11,4.923439433923704e-11,2.525052782467522e-11,2793,qp_inactive,iALM,2.0673752025230656e-11
-46.71892162053678,3.0906388559515108e-12,2.362554596402333e-13,4.269695736793707e-12,0.0,-4.526157226791838e-12,1.4765078049094882e-11,7.572456614385353e-12,2933,qp_inactive,iALM,6.199925201007242e-12
-46.71892162053353,8.72413252750448e-13,6.572520305780927e-14,1.2052327430125106e-12,0.0,-1.2718714970105793e-12,4.169775635887163e-12,2.138517746323486e-12,3080,qp_inactive,iALM,1.7509082553794963e-12
-46.71892162053258,2.3026025530725747e-13,1.7763568394002505e-14,3.1810291537458646e-13,0.0,-3.268496584496461e-13,1.1004530620084552e-12,5.643600344559996e-13,3235,qp_inactive,iALM,4.620853780105854e-13
-46.71892162053234,5.706546346573305e-14,7.216449660063518e-15,7.883553447571612e-14,0.0,-8.526512829121202e-14,2.7422508708241367e-13,1.4063106666160045e-13,3397,qp_inactive,iALM,1.151483942379082e-13
-46.71892162053227,1.3322676295501878e-14,3.552713678800501e-15,1.8405183146084393e-14,0.0,-1.4210854715202004e-14,6.328271240363392e-14,3.249315559293219e-14,3568,qp_inactive,iALM,2.65727063625942e-14
-46.718921620532264,2.6645352591003757e-15,2.6645352591003757e-15,3.681036629217012e-15,0.0,-7.105427357601002e-15,1.3100631690576847e-14,6.844014924597153e-15,3747,qp_inactive,iALM,5.501016404887922e-15
-46.718921620532264,2.6645352591003757e-15,2.6645352591003757e-15,3.681036629217012e-15,0.0,-7.105427357601002e-15,1.3100631690576847e-14,6.844014924597153e-15,3935,qp_inactive,iALM,5.501016404887922e-15
-46.718921620532264,2.6645352591003757e-15,2.6645352591003757e-15,3.681036629217012e-15,0.0,-7.105427357601002e-15,1.3100631690576847e-14,6.844014924597153e-15,4133,qp_inactive,iALM,5.501016404887922e-15
-46.718921620532264,2.6645352591003757e-15,2.6645352591003757e-15,3.681036629217012e-15,0.0,-7.105427357601002e-15,1.3100631690576847e-14,6.844014924597153e-15,4340,qp_inactive,iALM,5.501016404887922e-15
-46.718921620532264,2.6645352591003757e-15,2.6645352591003757e-15,3.681036629217012e-15,0.0,-7.105427357601002e-15,1.3100631690576847e-14,6.844014924597153e-15,4558,qp_inactive,iALM,5.501016404887922e-15
-46.718921620532264,2.6645352591003757e-15,2.6645352591003757e-15,3.681036629217012e-15,0.0,-7.105427357601002e-15,1.3100631690576847e-14,6.844014924597153e-15,4787,qp_inactive,iALM,5.501016404887922e-15
-46.718921620532264,2.6645352591003757e-15,2.6645352591003757e-15,3.681036629217012e-15,0.0,-7.105427357601002e-15,1.3100631690576847e-14,6.844014924597153e-15,5027,qp_inactive,iALM,5.501016404887922e-15
-46.718921620532264,2.6645352591003757e-15,2.6645352591003757e-15,3.681036629217012e-15,0.0,-7.105427357601002e-15,1.3100631690576847e-14,6.844014924597153e-15,5280,qp_inactive,iALM,5.501016404887922e-15
-46.718921620532264,2.6645352591003757e-15,2.6645352591003757e-15,3.681036629217012e-15,0.0,-7.105427357601002e-15,1.3100631690576847e-14,6.844014924597153e-15,5545,qp_inactive,iALM,5.501016404887922e-15
-46.718921620532264,2.6645352591003757e-15,2.6645352591003757e-15,3.681036629217012e-15,0.0,-7.105427357601002e-15,1.3100631690576847e-14,6.844014924597153e-15,5823,qp_inactive,iALM,5.501016404887922e-15
-46.718921620532264,2.6645352591003757e-15,2.6645352591003757e-15,3.681036629217012e-15,0.0,-7.105427357601002e-15,1.3100631690576847e-14,6.844014924597153e-15,6115,qp_inactive,iALM,5.501016404887922e-15
-46.718921620532264,2.6645352591003757e-15,2.6645352591003757e-15,3.681036629217012e-15,0.0,-7.105427357601002e-15,1.3100631690576847e-14,6.844014924597153e-15,6422,qp_inactive,iALM,5.501016404887922e-15
-46.718921620532264,2.6645352591003757e-15,2.6645352591003757e-15,3.681036629217012e-15,0.0,-7.105427357601002e-15,1.3100631690576847e-14,6.844014924597153e-15,6745,qp_inactive,iALM,5.501016404887922e-15
-46.718921620532264,2.6645352591003757e-15,2.6645352591003757e-15,3.681036629217012e-15,0.0,-7.105427357601002e-15,1.3100631690576847e-14,6.844014924597153e-15,7083,qp_inactive,iALM,5.501016404887922e-15
-46.718921620532264,2.6645352591003757e-15,2.6645352591003757e-15,3.681036629217012e-15,0.0,-7.105427357601002e-15,1.3100631690576847e-14,6.844014924597153e-15,7439,qp_inactive,iALM,5.501016404887922e-15
-46.718921620532264,2.6645352591003757e-15,2.6645352591003757e-15,3.681036629217012e-15,0.0,-7.105427357601002e-15,1.3100631690576847e-14,6.844014924597153e-15,7813,qp_inactive,iALM,5.501016404887922e-15
-46.718921620532264,2.6645352591003757e-15,2.6645352591003757e-15,3.681036629217012e-15,0.0,-7.105427357601002e-15,1.3100631690576847e-14,6.844014924597153e-15,8205,qp_inactive,iALM,5.501016404887922e-15
-46.718921620532264,2.6645352591003757e-15,2.6645352591003757e-15,3.681036629217012e-15,0.0,-7.105427357601002e-15,1.3100631690576847e-14,6.844014924597153e-15,8617,qp_inactive,iALM,5.501016404887922e-15
-46.718921620532264,2.6645352591003757e-15,2.6645352591003757e-15,3.681036629217012e-15,0.0,-7.105427357601002e-15,1.3100631690576847e-14,6.844014924597153e-15,9049,qp_inactive,iALM,5.501016404887922e-15
-46.718921620532264,2.6645352591003757e-15,2.6645352591003757e-15,3.681036629217012e-15,0.0,-7.105427357601002e-15,1.3100631690576847e-14,6.844014924597153e-15,9504,qp_inactive,iALM,5.501016404887922e-15
-46.718921620532264,2.6645352591003757e-15,2.6645352591003757e-15,3.681036629217012e-15,0.0,-7.105427357601002e-15,1.3100631690576847e-14,6.844014924597153e-15,9981,qp_inactive,iALM,5.501016404887922e-15
-46.718921620532264,2.6645352591003757e-15,2.6645352591003757e-15,3.681036629217012e-15,0.0,-7.105427357601002e-15,1.3100631690576847e-14,6.844014924597153e-15,10482,qp_inactive,iALM,5.501016404887922e-15
-46.718921620532264,2.6645352591003757e-15,2.6645352591003757e-15,3.681036629217012e-15,0.0,-7.105427357601002e-15,1.3100631690576847e-14,6.844014924597153e-15,11008,qp_inactive,iALM,5.501016404887922e-15
-46.718921620532264,2.6645352591003757e-15,2.6645352591003757e-15,3.681036629217012e-15,0.0,-7.105427357601002e-15,1.3100631690576847e-14,6.844014924597153e-15,11561,qp_inactive,iALM,5.501016404887922e-15
-46.718921620532264,2.6645352591003757e-15,2.6645352591003757e-15,3.681036629217012e-15,0.0,-7.105427357601002e-15,1.3100631690576847e-14,6.844014924597153e-15,12141,qp_inactive,iALM,5.501016404887922e-15
-46.718921620532264,2.6645352591003757e-15,2.6645352591003757e-15,3.681036629217012e-15,0.0,-7.105427357601002e-15,1.3100631690576847e-14,6.844014924597153e-15,12750,qp_inactive,iALM,5.501016404887922e-15
-46.718921620532264,2.6645352591003757e-15,2.6645352591003757e-15,3.681036629217012e-15,0.0,-7.105427357601002e-15,1.3100631690576847e-14,6.844014924597153e-15,13390,qp_inactive,iALM,5.501016404887922e-15
-46.718921620532264,2.6645352591003757e-15,2.6645352591003757e-15,3.681036629217012e-15,0.0,-7.105427357601002e-15,1.3100631690576847e-14,6.844014924597153e-15,14063,qp_inactive,iALM,5.501016404887922e-15
-46.718921620532264,2.6645352591003757e-15,2.6645352591003757e-15,3.681036629217012e-15,0.0,-7.105427357601002e-15,1.3100631690576847e-14,6.844014924597153e-15,14769,qp_inactive,iALM,5.501016404887922e-15
-46.718921620532264,2.6645352591003757e-15,2.6645352591003757e-15,3.681036629217012e-15,0.0,-7.105427357601002e-15,1.3100631690576847e-14,6.844014924597153e-15,15510,qp_inactive,iALM,5.501016404887922e-15
-46.718921620532264,2.6645352591003757e-15,2.6645352591003757e-15,3.681036629217012e-15,0.0,-7.105427357601002e-15,1.3100631690576847e-14,6.844014924597153e-15,16289,qp_inactive,iALM,5.501016404887922e-15
-46.718921620532264,2.6645352591003757e-15,2.6645352591003757e-15,3.681036629217012e-15,0.0,-7.105427357601002e-15,1.3100631690576847e-14,6.844014924597153e-15,17107,qp_inactive,iALM,5.501016404887922e-15
0.0,2.5172968200235886,30.023469397295994,0.0003768143853872114,0.0001,46.71892162053226,1.3813929326399201,0.9999276063853773,0,qp_inactive,PBM,12.606994959256307
-27.391989713887966,2.360388408845511,18.51104903714127,0.0005331287526649184,0.0001,19.32693190664429,1.3813386520941362,0.9998624024506898,1,qp_inactive,PBM,7.772875906300296
-36.856197684082105,2.1824727670276554,12.298347639037503,0.002127686587181353,0.0001,9.862723936450152,1.381249521428038,0.9995590745612077,2,qp_inactive,PBM,5.16413358632335
-41.19233415528096,2.0128378131998517,8.70407141248325,0.018320764549045965,0.0001,5.526587465251296,1.3811013767854408,0.9965689901962728,3,qp_inactive,PBM,3.654880219541386
-43.6108252115362,1.8347837625096146,6.504869903198536,0.18477333067550683,0.0001,3.1080964089960545,1.3808331149407893,0.9639937447349002,4,qp_inactive,PBM,2.731425239203961
-45.18334398219514,1.3909900845477257,5.48924020056605,1.4251700962905816,0.0001,1.5355776383371165,1.3802922144376772,0.729799545948759,5,qp_inactive,PBM,2.3049575857784075
-42.398984562893745,0.5162157391571444,9.324681393290636,9.739341159153474,0.0001,4.319937057638512,6.76944137594102,3.536703080686616,6,qp_inactive,PBM,3.915477247691887
-44.51426322234554,0.4213455669935081,4.397007826480246,2.9611136536827622,0.0001,2.204658398186716,2.779489014154514,1.5871898706185106,7,qp_inactive,PBM,1.8463241130033916
-45.53945166240591,0.37064452751275834,2.5993775480269505,1.0280025590089934,0.0001,1.1794699581263473,1.356856125087126,0.8692816718356053,8,qp_inactive,PBM,1.0914907671573486
-45.96531437156466,0.3441607187986293,1.8404546862579494,0.6308118483912255,0.0001,0.7536072489675973,1.3111986356129852,0.7196648919754666,9,qp_inactive,PBM,0.7728155146014976
-46.280684769874675,0.3122281272867332,1.4185537565827233,0.38092938359427453,0.0001,0.43823685065758156,1.1902359566518141,0.6171613581340453,10,qp_inactive,PBM,0.5956573446599464
-46.510691865963864,0.2599848946228793,1.1359207977222519,0.2150167247331103,0.0001,0.20822975456839288,0.8916569194353638,0.4564726883555593,11,qp_inactive,PBM,0.47697844581174836
-46.648473095228496,0.16433258128049621,0.9356537010540569,0.18513475823089326,0.0001,0.07044852530376033,0.2549070980579744,0.14142517022670092,12,qp_inactive,PBM,0.3928853570087529
-46.644500774038406,0.026509476369974916,0.9178023307778176,0.054404328053512974,0.0001,0.07442084649385095,0.6707666930964917,0.3522179600141704,13,qp_inactive,PBM,0.3853894832937506
-46.63802999029928,0.04206400201350924,0.8223451037528928,0.09169364821636918,0.0001,0.0808916302329763,0.9427883333640565,0.48888317384850916,14,qp_inactive,PBM,0.3958812224225086
-46.725060087489915,0.047601575365581184,0.6100809674037677,0.059732438713639674,0.0001,-0.006138466957658295,0.4843200922822106,0.2562128308626401,15,qp_inactive,PBM,0.2561758462694592
-46.740371479702965,0.05107982093514307,0.4856138450399179,0.06568257551634522,0.0001,-0.021449859170708407,0.3703381792930014,0.19574119688419092,16,qp_inactive,PBM,0.2039115205358211
-46.74957351596211,0.04537569504419947,0.38248764347555664,0.05996251895478624,0.0001,-0.030651895429855358,0.23597485699136467,0.1245871183850043,17,qp_inactive,PBM,0.16060834707225582
-46.747000042269256,0.03545931771046629,0.3067746236336948,0.048063023067264364,0.0001,-0.028078421736999815,0.15048381957356938,0.07814001159874503,18,qp_inactive,PBM,0.1288160965876269
-46.73845902815544,0.023758429324233,0.24925144833097335,0.032876435563575446,0.0001,-0.0195374076231829,0.09552987141316471,0.04892638220967266,19,qp_inactive,PBM,0.10466184674110052
-46.72787887635663,0.012490060717566198,0.20340262390920572,0.017533305347930628,0.0001,-0.008957255824370236,0.06144851864114598,0.03355341115744858,20,qp_inactive,PBM,0.08540971132915809
-46.718104668693655,0.003187938603491869,0.16501194813993436,0.004509896339613565,0.0001,0.0008169518386011987,0.04081574370883345,0.027094973139680033,21,qp_inactive,PBM,0.06928928735346536
-46.71078909200314,0.0,0.1319133962240926,0.004843453056303098,0.0001,0.008132528529117167,0.0365268793529554,0.02363582110895069,22,qp_inactive,PBM,0.055391050889185146
-46.705003269648344,0.0,0.07905955222318184,0.01243783727164355,0.0001,0.013918350883912467,0.027000414390261573,0.01566891056500363,24,qp_inactive,PBM,0.033197475054248075
-46.705669131925376,0.0,0.05911811905448161,0.012139954311348117,0.0001,0.013252488606880775,0.019238494728608613,0.011103584498780203,25,qp_inactive,PBM,0.02482397417360727
-46.70772200607268,0.0,0.04331497769601711,0.010341528516073728,0.0001,0.011199614459577845,0.011722756807350576,0.00686264778313435,26,qp_inactive,PBM,0.01818816134297817
-46.71044925523606,0.0,0.032578732565620605,0.007827079015899019,0.0001,0.008472365296199769,0.005370409337785764,0.0033470230831244793,27,qp_inactive,PBM,0.013679961892436355
-46.71584802553365,0.0,0.02431993196437654,0.002785588317660004,0.0001,0.0030735949986038236,0.002549746842847478,0.0013127309989283116,29,qp_inactive,PBM,0.010212052965203442
-46.717907718521204,0.0,0.02043972353805179,0.0008601538884866906,0.0001,0.0010139020110528918,0.00423501897478995,0.0022002897306213306,30,qp_inactive,PBM,0.008582735332913231
-46.72027671145409,0.0009778933889417196,0.013556032897965586,0.0013461060435560235,0.0001,-0.0013550909218338347,0.004444936450537229,0.0023632218518576825,32,qp_inactive,PBM,0.005692241497831582
-46.72070763908535,0.0012538416614917836,0.008290002670846341,0.0017282774058787526,0.0001,-0.0017860185530906847,0.0025958475762406508,0.0014000449522018352,34,qp_inactive,PBM,0.0034810108219203283
-46.72048206629158,0.0010903460896276584,0.006326824061491099,0.0015040574622251016,0.0001,-0.001560445759324125,0.0015502958255009247,0.0008459945279386381,35,qp_inactive,PBM,0.0026566629590950414
-46.71971657091881,0.0005521210788796971,0.004794166756294516,0.0007625016516878317,0.0001,-0.0007949503865560814,0.0001,0.00010722364835271983,37,qp_inactive,PBM,0.002013093001699615
-46.71903153658145,7.558225824233489e-05,0.0036363131248009495,0.00014714557091433548,0.0001,-0.0001099160491904172,0.000764581940138287,0.0004223421090081204,39,qp_inactive,PBM,0.0015269048565976816
-46.718676393824566,0.0,0.002486610230693742,0.00023479747226816546,0.0001,0.0002452267076904491,0.0007628646907138492,0.0004240582195276027,41,qp_inactive,PBM,0.0010441392441745765
-46.71861955102723,0.0,0.0015511428767034374,0.00028805248509914365,0.0001,0.00030206950502531527,0.00044465320130693264,0.0002608294708743943,43,qp_inactive,PBM,0.000651332135167822
-46.71871971063654,0.0,0.0009250089026231478,0.00019176656493452492,0.0001,0.00020190989571489126,0.00011827639957906477,0.00011981615874152725,45,qp_inactive,PBM,0.0003884155564542288
-46.718847714844735,0.0,0.0006238875366348928,0.00014715600810206403,0.0001,7.3905687521858e-05,0.0001,0.00011248192271286626,47,qp_inactive,PBM,0.0002619732891431696
-46.718956915913566,2.472872136527471e-05,0.0003948035311012177,0.00014716023434278676,0.0001,-3.529538130919718e-05,0.00012328000526862226,0.00012681381368118315,50,qp_inactive,PBM,0.00016577984578084476
-46.718967639070904,3.188855190483508e-05,0.0003625122168173789,0.00014716099153383428,0.0001,-4.6018538647274454e-05,0.0001,0.00011449280019933674,52,qp_inactive,PBM,0.0001522205721666907
-46.71894258328598,1.4399716755875147e-05,0.00033233344316485613,0.0001471608032026381,0.0001,-2.0962753723097194e-05,0.0001,0.00010455990609194064,55,qp_inactive,PBM,0.00013954836422565387
-46.71891943551715,3.3814209210447643e-09,0.0002987839600887554,0.0001471605188086445,0.0001,2.1850151057378753e-06,0.0001,0.00010383834911009099,58,qp_inactive,PBM,0.00012546077966208742
-46.718914242376954,0.0,0.0002988966879104993,0.00014716058861757056,0.0001,7.3781553027174596e-06,0.0001,0.00010382996272529647,61,qp_inactive,PBM,0.00012550811460068786
-46.71891822181377,0.0,0.0002983370185134504,0.0001471608022457866,0.0001,3.3987184835382322e-06,0.0001,0.0001042213133406049,64,qp_inactive,PBM,0.00012527310680814804
-46.718921921197975,2.1654710513629993e-07,0.0002978879692765446,0.0001471609483441774,0.0001,-3.006657181003902e-07,0.0001,0.00010443305535597591,67,qp_inactive,PBM,0.0001250845489372632
-46.718922775677015,7.994323536486547e-07,0.0002977453014931797,0.00014716099261369764,0.0001,-1.1551447585134156e-06,0.0001,0.0001043627519630472,70,qp_inactive,PBM,0.00012502464206900864
-46.71892191997088,2.0453684745902478e-07,0.0002977785872992911,0.00014716098553815057,0.0001,-2.9943862500658724e-07,0.0001,0.0001042468009863123,74,qp_inactive,PBM,0.00012503861893438378
-46.718921442366735,0.0,0.00029780265701617736,0.00014716098194740356,0.0001,1.7816552144722664e-07,0.0001,0.00010423461093450689,78,qp_inactive,PBM,0.0001250487259208696
-46.71892153369042,0.0,0.00029778599229146607,0.00014716098854062866,0.0001,8.68418368327184e-08,0.0001,0.00010425319647589398,82,qp_inactive,PBM,0.00012504172832516697
-46.718921640835816,1.468416632732783e-08,0.0002977724224741962,0.00014716099282182258,0.0001,-2.030355972237885e-08,0.0001,0.00010425809612371687,86,qp_inactive,PBM,0.00012503603029554705
-46.71892163988995,1.384436920659482e-08,0.00029777071853942516,0.00014716099333452864,0.0001,-1.9357692337962362e-08,0.0001,0.00010425499142063799,90,qp_inactive,PBM,0.00012503531480538216
-46.71892161654838,0.0,0.00029777192956892407,0.00014716099306623435,0.0001,3.983878116287087e-09,0.0001,0.00010425344771394527,95,qp_inactive,PBM,0.00012503582332232222
-46.71892161659295,0.0,0.00029777164873934225,0.00014716099319790052,0.0001,3.939305770472856e-09,0.0001,0.00010425388751863778,99,qp_inactive,PBM,0.00012503570540066983
-46.71892162027393,3.5330804948330297e-10,0.0002977711708194164,0.0001471609933488353,0.0001,2.58324917012942e-10,0.0001,0.0001042541105531975,104,qp_inactive,PBM,0.00012503550471986186
-46.71892161996984,1.382094438895365e-10,0.0002977711377454284,0.00014716099335829137,0.0001,5.624158916361921e-10,0.0001,0.00010425400553110771,110,qp_inactive,PBM,0.0001250354908319399
-46.71892161965523,0.0,0.0002977711503646674,0.00014716099335644858,0.0001,8.770300041760493e-10,0.0001,0.0001042539990247091,115,qp_inactive,PBM,0.00012503549613081727
-46.71892161976967,1.9193535649719706e-12,0.00029777113367401853,0.00014716099336195698,0.0001,7.625899911545275e-10,0.0001,0.00010425401090304048,121,qp_inactive,PBM,0.00012503548912233588
-46.718921619776005,6.156408716151418e-12,0.00029777113113027553,0.00014716099336265306,0.0001,7.562519499515474e-10,0.0001,0.00010425400858560833,127,qp_inactive,PBM,0.00012503548805420633
-46.71892161976454,0.0,0.00029777113154949575,0.0001471609933625766,0.0001,7.677201097067154e-10,0.0001,0.00010425400817831132,134,qp_inactive,PBM,0.00012503548823023886
-46.71892161976734,2.020605904817785e-13,0.00029777113115869724,0.00014716099336269873,0.0001,7.649134659004631e-10,0.0001,0.00010425400839782272,140,qp_inactive,PBM,0.00012503548806614074
-46.718921619767116,3.774758283725532e-14,0.0002977711311356046,0.00014716099336270442,0.0001,7.651408395759063e-10,0.0001,0.00010425400832880643,147,qp_inactive,PBM,0.00012503548805644404
-46.718921619767016,0.0,0.00029777113113027553,0.00014716099336270657,0.0001,7.652403155589127e-10,0.0001,0.00010425400833499233,155,qp_inactive,PBM,0.00012503548805420633
-46.71892161976705,3.9968028886505635e-15,0.00029777113112494646,0.00014716099336270792,0.0001,7.652047884221247e-10,0.0001,0.00010425400833441361,163,qp_inactive,PBM,0.00012503548805196864
-46.71892161976702,0.0,0.0002977711311267228,0.00014716099336270792,0.0001,7.652332101315551e-10,0.0001,0.00010425400833424495,171,qp_inactive,PBM,0.00012503548805271452
-46.71892161976703,0.0,0.0002977711311267228,0.00014716099336270798,0.0001,7.652261047041975e-10,0.0001,0.00010425400833426634,179,qp_inactive,PBM,0.00012503548805271452
-46.71892161976703,0.0,0.0002977711311267228,0.00014716099336270798,0.0001,7.652261047041975e-10,0.0001,0.00010425400833426634,188,qp_inactive,PBM,0.00012503548805271452
-46.71892161976703,0.0,0.0002977711311267228,0.00014716099336270798,0.0001,7.652261047041975e-10,0.0001,0.00010425400833426634,198,qp_inactive,PBM,0.00012503548805271452
-46.71892161976703,0.0,0.0002977711311267228,0.00014716099336270798,0.0001,7.652261047041975e-10,0.0001,0.00010425400833426634,208,qp_inactive,PBM,0.00012503548805271452
-46.71892161976703,0.0,0.0002977711311267228,0.00014716099336270798,0.0001,7.652261047041975e-10,0.0001,0.00010425400833426634,218,qp_inactive,PBM,0.00012503548805271452
-46.71892161976703,0.0,0.0002977711311267228,0.00014716099336270798,0.0001,7.652261047041975e-10,0.0001,0.00010425400833426634,229,qp_inactive,PBM,0.00012503548805271452
-46.71892161976703,0.0,0.0002977711311267228,0.00014716099336270798,0.0001,7.652261047041975e-10,0.0001,0.00010425400833426634,241,qp_inactive,PBM,0.00012503548805271452
-46.71892161976703,0.0,0.0002977711311267228,0.00014716099336270798,0.0001,7.652261047041975e-10,0.0001,0.00010425400833426634,253,qp_inactive,PBM,0.00012503548805271452
-46.71892161976703,0.0,0.0002977711311267228,0.00014716099336270798,0.0001,7.652261047041975e-10,0.0001,0.00010425400833426634,266,qp_inactive,PBM,0.00012503548805271452
-46.71892161976703,0.0,0.0002977711311267228,0.00014716099336270798,0.0001,7.652261047041975e-10,0.0001,0.00010425400833426634,279,qp_inactive,PBM,0.00012503548805271452
-46.71892161976703,0.0,0.0002977711311267228,0.00014716099336270798,0.0001,7.652261047041975e-10,0.0001,0.00010425400833426634,293,qp_inactive,PBM,0.00012503548805271452
-46.71892161976703,0.0,0.0002977711311267228,0.00014716099336270798,0.0001,7.652261047041975e-10,0.0001,0.00010425400833426634,308,qp_inactive,PBM,0.00012503548805271452
-46.71892161976703,0.0,0.0002977711311267228,0.00014716099336270798,0.0001,7.652261047041975e-10,0.0001,0.00010425400833426634,323,qp_inactive,PBM,0.00012503548805271452
-46.71892161976703,0.0,0.0002977711311267228,0.00014716099336270798,0.0001,7.652261047041975e-10,0.0001,0.00010425400833426634,339,qp_inactive,PBM,0.00012503548805271452
-46.71892161976703,0.0,0.0002977711311267228,0.00014716099336270798,0.0001,7.652261047041975e-10,0.0001,0.00010425400833426634,356,qp_inactive,PBM,0.00012503548805271452
-46.71892161976703,0.0,0.0002977711311267228,0.00014716099336270798,0.0001,7.652261047041975e-10,0.0001,0.00010425400833426634,374,qp_inactive,PBM,0.00012503548805271452
-46.71892161976703,0.0,0.0002977711311267228,0.00014716099336270798,0.0001,7.652261047041975e-10,0.0001,0.00010425400833426634,393,qp_inactive,PBM,0.00012503548805271452
-46.71892161976703,0.0,0.0002977711311267228,0.00014716099336270798,0.0001,7.652261047041975e-10,0.0001,0.00010425400833426634,413,qp_inactive,PBM,0.00012503548805271452
-46.71892161976703,0.0,0.0002977711311267228,0.00014716099336270798,0.0001,7.652261047041975e-10,0.0001,0.00010425400833426634,434,qp_inactive,PBM,0.00012503548805271452
-46.71892161976703,0.0,0.0002977711311267228,0.00014716099336270798,0.0001,7.652261047041975e-10,0.0001,0.00010425400833426634,456,qp_inactive,PBM,0.00012503548805271452
-46.71892161976703,0.0,0.0002977711311267228,0.00014716099336270798,0.0001,7.652261047041975e-10,0.0001,0.00010425400833426634,478,qp_inactive,PBM,0.00012503548805271452
-46.71892161976703,0.0,0.0002977711311267228,0.00014716099336270798,0.0001,7.652261047041975e-10,0.0001,0.00010425400833426634,503,qp_inactive,PBM,0.00012503548805271452
-46.71892161976703,0.0,0.0002977711311267228,0.00014716099336270798,0.0001,7.652261047041975e-10,0.0001,0.00010425400833426634,528,qp_inactive,PBM,0.00012503548805271452
-46.71892161976703,0.0,0.0002977711311267228,0.00014716099336270798,0.0001,7.652261047041975e-10,0.0001,0.00010425400833426634,554,qp_inactive,PBM,0.00012503548805271452
-46.71892161976703,0.0,0.0002977711311267228,0.00014716099336270798,0.0001,7.652261047041975e-10,0.0001,0.00010425400833426634,582,qp_inactive,PBM,0.00012503548805271452
-46.71892161976703,0.0,0.0002977711311267228,0.00014716099336270798,0.0001,7.652261047041975e-10,0.0001,0.00010425400833426634,611,qp_inactive,PBM,0.00012503548805271452
-46.71892161976703,0.0,0.0002977711311267228,0.00014716099336270798,0.0001,7.652261047041975e-10,0.0001,0.00010425400833426634,642,qp_inactive,PBM,0.00012503548805271452
-46.71892161976703,0.0,0.0002977711311267228,0.00014716099336270798,0.0001,7.652261047041975e-10,0.0001,0.00010425400833426634,674,qp_inactive,PBM,0.00012503548805271452
-46.71892161976703,0.0,0.0002977711311267228,0.00014716099336270798,0.0001,7.652261047041975e-10,0.0001,0.00010425400833426634,708,qp_inactive,PBM,0.00012503548805271452
-46.71892161976703,0.0,0.0002977711311267228,0.00014716099336270798,0.0001,7.652261047041975e-10,0.0001,0.00010425400833426634,744,qp_inactive,PBM,0.00012503548805271452
-46.71892161976703,0.0,0.0002977711311267228,0.00014716099336270798,0.0001,7.652261047041975e-10,0.0001,0.00010425400833426634,781,qp_inactive,PBM,0.00012503548805271452
-46.71892161976703,0.0,0.0002977711311267228,0.00014716099336270798,0.0001,7.652261047041975e-10,0.0001,0.00010425400833426634,820,qp_inactive,PBM,0.00012503548805271452
-46.71892161976703,0.0,0.0002977711311267228,0.00014716099336270798,0.0001,7.652261047041975e-10,0.0001,0.00010425400833426634,862,qp_inactive,PBM,0.00012503548805271452
-46.71892161976703,0.0,0.0002977711311267228,0.00014716099336270798,0.0001,7.652261047041975e-10,0.0001,0.00010425400833426634,905,qp_inactive,PBM,0.00012503548805271452
-46.71892161976703,0.0,0.0002977711311267228,0.00014716099336270798,0.0001,7.652261047041975e-10,0.0001,0.00010425400833426634,950,qp_inactive,PBM,0.00012503548805271452
-46.71892161976703,0.0,0.0002977711311267228,0.00014716099336270798,0.0001,7.652261047041975e-10,0.0001,0.00010425400833426634,998,qp_inactive,PBM,0.00012503548805271452
-46.71892161976703,0.0,0.0002977711311267228,0.00014716099336270798,0.0001,7.652261047041975e-10,0.0001,0.00010425400833426634,1048,qp_inactive,PBM,0.00012503548805271452
-46.71892161976703,0.0,0.0002977711311267228,0.00014716099336270798,0.0001,7.652261047041975e-10,0.0001,0.00010425400833426634,1101,qp_inactive,PBM,0.00012503548805271452
-46.71892161976703,0.0,0.0002977711311267228,0.00014716099336270798,0.0001,7.652261047041975e-10,0.0001,0.00010425400833426634,1156,qp_inactive,PBM,0.00012503548805271452
-46.71892161976703,0.0,0.0002977711311267228,0.00014716099336270798,0.0001,7.652261047041975e-10,0.0001,0.00010425400833426634,1214,qp_inactive,PBM,0.00012503548805271452
-46.71892161976703,0.0,0.0002977711311267228,0.00014716099336270798,0.0001,7.652261047041975e-10,0.0001,0.00010425400833426634,1275,qp_inactive,PBM,0.00012503548805271452
-46.71892161976703,0.0,0.0002977711311267228,0.00014716099336270798,0.0001,7.652261047041975e-10,0.0001,0.00010425400833426634,1339,qp_inactive,PBM,0.00012503548805271452
-46.71892161976703,0.0,0.0002977711311267228,0.00014716099336270798,0.0001,7.652261047041975e-10,0.0001,0.00010425400833426634,1406,qp_inactive,PBM,0.00012503548805271452
-46.71892161976703,0.0,0.0002977711311267228,0.00014716099336270798,0.0001,7.652261047041975e-10,0.0001,0.00010425400833426634,1477,qp_inactive,PBM,0.00012503548805271452
-46.71892161976703,0.0,0.0002977711311267228,0.00014716099336270798,0.0001,7.652261047041975e-10,0.0001,0.00010425400833426634,1551,qp_inactive,PBM,0.00012503548805271452
-46.71892161976703,0.0,0.0002977711311267228,0.00014716099336270798,0.0001,7.652261047041975e-10,0.0001,0.00010425400833426634,1629,qp_inactive,PBM,0.00012503548805271452
-46.71892161976703,0.0,0.0002977711311267228,0.00014716099336270798,0.0001,7.652261047041975e-10,0.0001,0.00010425400833426634,1711,qp_inactive,PBM,0.00012503548805271452
-46.71892161976703,0.0,0.0002977711311267228,0.00014716099336270798,0.0001,7.652261047041975e-10,0.0001,0.00010425400833426634,1797,qp_inactive,PBM,0.00012503548805271452
-46.71892161976703,0.0,0.0002977711311267228,0.00014716099336270798,0.0001,7.652261047041975e-10,0.0001,0.00010425400833426634,1887,qp_inactive,PBM,0.00012503548805271452
-46.71892161976703,0.0,0.0002977711311267228,0.00014716099336270798,0.0001,7.652261047041975e-10,0.0001,0.00010425400833426634,1982,qp_inactive,PBM,0.00012503548805271452
-46.71892161976703,0.0,0.0002977711311267228,0.00014716099336270798,0.0001,7.652261047041975e-10,0.0001,0.00010425400833426634,2081,qp_inactive,PBM,0.00012503548805271452
-46.71892161976703,0.0,0.0002977711311267228,0.00014716099336270798,0.0001,7.652261047041975e-10,0.0001,0.00010425400833426634,2186,qp_inactive,PBM,0.00012503548805271452
-46.71892161976703,0.0,0.0002977711311267228,0.00014716099336270798,0.0001,7.652261047041975e-10,0.0001,0.00010425400833426634,2296,qp_inactive,PBM,0.00012503548805271452
-46.71892161976703,0.0,0.0002977711311267228,0.00014716099336270798,0.0001,7.652261047041975e-10,0.0001,0.00010425400833426634,2411,qp_inactive,PBM,0.00012503548805271452
-46.71892161976703,0.0,0.0002977711311267228,0.00014716099336270798,0.0001,7.652261047041975e-10,0.0001,0.00010425400833426634,2532,qp_inactive,PBM,0.00012503548805271452
-46.71892161976703,0.0,0.0002977711311267228,0.00014716099336270798,0.0001,7.652261047041975e-10,0.0001,0.00010425400833426634,2659,qp_inactive,PBM,0.00012503548805271452
-46.71892161976703,0.0,0.0002977711311267228,0.00014716099336270798,0.0001,7.652261047041975e-10,0.0001,0.00010425400833426634,2793,qp_inactive,PBM,0.00012503548805271452
-46.71892161976703,0.0,0.0002977711311267228,0.00014716099336270798,0.0001,7.652261047041975e-10,0.0001,0.00010425400833426634,2933,qp_inactive,PBM,0.00012503548805271452
-46.71892161976703,0.0,0.0002977711311267228,0.00014716099336270798,0.0001,7.652261047041975e-10,0.0001,0.00010425400833426634,3080,qp_inactive,PBM,0.00012503548805271452
-46.71892161976703,0.0,0.0002977711311267228,0.00014716099336270798,0.0001,7.652261047041975e-10,0.0001,0.00010425400833426634,3235,qp_inactive,PBM,0.00012503548805271452
-46.71892161976703,0.0,0.0002977711311267228,0.00014716099336270798,0.0001,7.652261047041975e-10,0.0001,0.00010425400833426634,3397,qp_inactive,PBM,0.00012503548805271452
-46.71892161976703,0.0,0.0002977711311267228,0.00014716099336270798,0.0001,7.652261047041975e-10,0.0001,0.00010425400833426634,3568,qp_inactive,PBM,0.00012503548805271452
-46.71892161976703,0.0,0.0002977711311267228,0.00014716099336270798,0.0001,7.652261047041975e-10,0.0001,0.00010425400833426634,3747,qp_inactive,PBM,0.00012503548805271452
-46.71892161976703,0.0,0.0002977711311267228,0.00014716099336270798,0.0001,7.652261047041975e-10,0.0001,0.00010425400833426634,3935,qp_inactive,PBM,0.00012503548805271452
-46.71892161976703,0.0,0.0002977711311267228,0.00014716099336270798,0.0001,7.652261047041975e-10,0.0001,0.00010425400833426634,4133,qp_inactive,PBM,0.00012503548805271452
-46.71892161976703,0.0,0.0002977711311267228,0.00014716099336270798,0.0001,7.652261047041975e-10,0.0001,0.00010425400833426634,4340,qp_inactive,PBM,0.00012503548805271452
-46.71892161976703,0.0,0.0002977711311267228,0.00014716099336270798,0.0001,7.652261047041975e-10,0.0001,0.00010425400833426634,4558,qp_inactive,PBM,0.00012503548805271452
-46.71892161976703,0.0,0.0002977711311267228,0.00014716099336270798,0.0001,7.652261047041975e-10,0.0001,0.00010425400833426634,4787,qp_inactive,PBM,0.00012503548805271452
-46.71892161976703,0.0,0.0002977711311267228,0.00014716099336270798,0.0001,7.652261047041975e-10,0.0001,0.00010425400833426634,5027,qp_inactive,PBM,0.00012503548805271452
-46.71892161976703,0.0,0.0002977711311267228,0.00014716099336270798,0.0001,7.652261047041975e-10,0.0001,0.00010425400833426634,5280,qp_inactive,PBM,0.00012503548805271452
-46.71892161976703,0.0,0.0002977711311267228,0.00014716099336270798,0.0001,7.652261047041975e-10,0.0001,0.00010425400833426634,5545,qp_inactive,PBM,0.00012503548805271452
-46.71892161976703,0.0,0.0002977711311267228,0.00014716099336270798,0.0001,7.652261047041975e-10,0.0001,0.00010425400833426634,5823,qp_inactive,PBM,0.00012503548805271452
-46.71892161976703,0.0,0.0002977711311267228,0.00014716099336270798,0.0001,7.652261047041975e-10,0.0001,0.00010425400833426634,6115,qp_inactive,PBM,0.00012503548805271452
-46.71892161976703,0.0,0.0002977711311267228,0.00014716099336270798,0.0001,7.652261047041975e-10,0.0001,0.00010425400833426634,6422,qp_inactive,PBM,0.00012503548805271452
-46.71892161976703,0.0,0.0002977711311267228,0.00014716099336270798,0.0001,7.652261047041975e-10,0.0001,0.00010425400833426634,6745,qp_inactive,PBM,0.00012503548805271452
-46.71892161976703,0.0,0.0002977711311267228,0.00014716099336270798,0.0001,7.652261047041975e-10,0.0001,0.00010425400833426634,7083,qp_inactive,PBM,0.00012503548805271452
-46.71892161976703,0.0,0.0002977711311267228,0.00014716099336270798,0.0001,7.652261047041975e-10,0.0001,0.00010425400833426634,7439,qp_inactive,PBM,0.00012503548805271452
-46.71892161976703,0.0,0.0002977711311267228,0.00014716099336270798,0.0001,7.652261047041975e-10,0.0001,0.00010425400833426634,7813,qp_inactive,PBM,0.00012503548805271452
-46.71892161976703,0.0,0.0002977711311267228,0.00014716099336270798,0.0001,7.652261047041975e-10,0.0001,0.00010425400833426634,8205,qp_inactive,PBM,0.00012503548805271452
-46.71892161976703,0.0,0.0002977711311267228,0.00014716099336270798,0.0001,7.652261047041975e-10,0.0001,0.00010425400833426634,8617,qp_inactive,PBM,0.00012503548805271452
-46.71892161976703,0.0,0.0002977711311267228,0.00014716099336270798,0.0001,7.652261047041975e-10,0.0001,0.00010425400833426634,9049,qp_inactive,PBM,0.00012503548805271452
-46.71892161976703,0.0,0.0002977711311267228,0.00014716099336270798,0.0001,7.652261047041975e-10,0.0001,0.00010425400833426634,9504,qp_inactive,PBM,0.00012503548805271452
-46.71892161976703,0.0,0.0002977711311267228,0.00014716099336270798,0.0001,7.652261047041975e-10,0.0001,0.00010425400833426634,9981,qp_inactive,PBM,0.00012503548805271452
-46.71892161976703,0.0,0.0002977711311267228,0.00014716099336270798,0.0001,7.652261047041975e-10,0.0001,0.00010425400833426634,10482,qp_inactive,PBM,0.00012503548805271452
-46.71892161976703,0.0,0.0002977711311267228,0.00014716099336270798,0.0001,7.652261047041975e-10,0.0001,0.00010425400833426634,11008,qp_inactive,PBM,0.00012503548805271452
-46.71892161976703,0.0,0.0002977711311267228,0.00014716099336270798,0.0001,7.652261047041975e-10,0.0001,0.00010425400833426634,11561,qp_inactive,PBM,0.00012503548805271452
-46.71892161976703,0.0,0.0002977711311267228,0.00014716099336270798,0.0001,7.652261047041975e-10,0.0001,0.00010425400833426634,12141,qp_inactive,PBM,0.00012503548805271452
-46.71892161976703,0.0,0.0002977711311267228,0.00014716099336270798,0.0001,7.652261047041975e-10,0.0001,0.00010425400833426634,12750,qp_inactive,PBM,0.00012503548805271452
-46.71892161976703,0.0,0.0002977711311267228,0.00014716099336270798,0.0001,7.652261047041975e-10,0.0001,0.00010425400833426634,13390,qp_inactive,PBM,0.00012503548805271452
-46.71892161976703,0.0,0.0002977711311267228,0.00014716099336270798,0.0001,7.652261047041975e-10,0.0001,0.00010425400833426634,14063,qp_inactive,PBM,0.00012503548805271452
-46.71892161976703,0.0,0.0002977711311267228,0.00014716099336270798,0.0001,7.652261047041975e-10,0.0001,0.00010425400833426634,14769,qp_inactive,PBM,0.00012503548805271452
-46.71892161976703,0.0,0.0002977711311267228,0.00014716099336270798,0.0001,7.652261047041975e-10,0.0001,0.00010425400833426634,15510,qp_inactive,PBM,0.00012503548805271452
-46.71892161976703,0.0,0.0002977711311267228,0.00014716099336270798,0.0001,7.652261047041975e-10,0.0001,0.00010425400833426634,16289,qp_inactive,PBM,0.00012503548805271452
-46.71892161976703,0.0,0.0002977711311267228,0.00014716099336270798,0.0001,7.652261047041975e-10,0.0001,0.00010425400833426634,17107,qp_inactive,PBM,0.00012503548805271452
0.0,1.0,0.0,0.0,0.0,-0.6190278039860442,0.4069684575963365,1.0,0,svm_iris,ALM (rho=0),1.0
0.1546582474622608,0.6642114815499084,0.0,0.0021803563812192437,0.003282623745273836,-0.46436955652378337,0.40368583385106266,0.9912858385526061,1,svm_iris,ALM (rho=0),0.6642114815499084
0.15589904335862093,0.6213786567012969,3.0227556568895864e-16,0.0033945792525861503,0.0016678698807864245,-0.46312876062742325,0.4015616699023135,0.9863002806219062,2,svm_iris,ALM (rho=0),0.6213786567012969
0.15735717116910344,0.5890282072574505,4.831204880595408e-16,0.004419321050320686,0.00013298347152868053,-0.46167063281694076,0.3995466410321517,0.9814652739901557,3,svm_iris,ALM (rho=0),0.5890282072574505
0.16567376714039062,0.559440055792252,0.004702775667465893,0.00523611745883697,0.0,-0.45335403684565356,0.3976135219735324,0.9767620528609766,4,svm_iris,ALM (rho=0),0.559440055792252
0.17673718872054917,0.5248525053674176,0.012009182382697856,0.00587381692131338,0.0,-0.442290615265495,0.3957770907623314,0.9722099476993334,5,svm_iris,ALM (rho=0),0.5248525053674176
0.18414535572986057,0.5176607660789208,0.016753343151214427,0.006356317564128203,0.0,-0.4348824482561836,0.3940541974654459,0.9678012890474321,6,svm_iris,ALM (rho=0),0.5176607660789208
0.1891414449795643,0.5343416150184195,0.01722867920296754,0.006745773220619994,0.0,-0.42988635900647987,0.3924385107162996,0.963495853661165,7,svm_iris,ALM (rho=0),0.5343416150184195
0.1940478519727518,0.5456825487964112,0.01336284634093499,0.007836789551032723,0.0,-0.4249799520132924,0.3909144972056471,0.959271381981438,8,svm_iris,ALM (rho=0),0.5456825487964112
0.19904277028710404,0.5459409464561618,0.0073585847885899135,0.008818428422435014,0.0,-0.41998503369894014,0.3894653971545825,0.9551229048542548,9,svm_iris,ALM (rho=0),0.5459409464561618
0.2044522940921265,0.536840841674014,0.0001068851066800729,0.00963351954395442,0.0,-0.41457550989391767,0.38806308146613205,0.9510485567929837,10,svm_iris,ALM (rho=0),0.536840841674014
0.20901400693860767,0.5222834378593115,0.0063672361149500175,0.010292681513058158,0.0,-0.4100137970474365,0.386682413238725,0.9470474334903731,11,svm_iris,ALM (rho=0),0.5222834378593115
0.2145348344751864,0.502995444472711,0.009087246725589903,0.010774937060807635,0.0,-0.4044929695108578,0.3852980039532049,0.9431084850737138,12,svm_iris,ALM (rho=0),0.502995444472711
0.21844674646681878,0.48950126790549664,0.007904130014976585,0.0112941084850739,0.0,-0.4005810575192254,0.3839019490012787,0.9392300154986986,13,svm_iris,ALM (rho=0),0.48950126790549664
0.2202216515840663,0.4841245235960411,0.004681140637635859,0.011947967315605506,0.0,-0.39880615240197786,0.3824955527647797,0.9354006124455804,14,svm_iris,ALM (rho=0),0.4841245235960411
0.22254406998880452,0.4829305957106279,0.001646606871305945,0.012685974386608094,0.0,-0.3964837339972397,0.38108451045020647,0.9316071733946426,15,svm_iris,ALM (rho=0),0.4829305957106279
0.22430623349346474,0.48580511594405973,0.0018589369177084997,0.01353162125074979,0.0,-0.39472157049257944,0.379683470312121,0.9278507544836545,16,svm_iris,ALM (rho=0),0.48580511594405973
0.22572874786095543,0.4915573712137431,0.0052371625975119514,0.01447573874912933,0.0,-0.39329905612508875,0.3783013782909596,0.9241277482973862,17,svm_iris,ALM (rho=0),0.4915573712137431
0.22792592208898332,0.4973485852743259,0.006654070141588987,0.01544880326227345,0.0,-0.39110188189706085,0.37694636873037535,0.9204355199385629,18,svm_iris,ALM (rho=0),0.4973485852743259
0.2298756627452277,0.5020172532219132,0.006525550433860095,0.016413420464295395,0.0,-0.3891521412408165,0.3756253226795651,0.9167774253438897,19,svm_iris,ALM (rho=0),0.5020172532219132
0.2314886782135256,0.5044362710350596,0.005045468181949368,0.017323787648418836,0.0,-0.3875391257725186,0.374334530202131,0.9131522288306897,20,svm_iris,ALM (rho=0),0.5044362710350596
0.2336724625961183,0.5029630533512806,0.0031688345733687957,0.018106036814856136,0.0,-0.3853553413899259,0.37306576521969936,0.9095582635744117,21,svm_iris,ALM (rho=0),0.5029630533512806
0.2398203126735299,0.4915943826795002,0.0006973206523856242,0.019312536312504677,0.0,-0.3792074913125143,0.3705719497094724,0.9024735051894173,23,svm_iris,ALM (rho=0),0.4915943826795002
0.2423306736456709,0.48570578960394706,0.00017874709414316542,0.019864992779326136,0.0,-0.3766971303403733,0.3693405734234224,0.8989863699586798,24,svm_iris,ALM (rho=0),0.48570578960394706
0.2461410285819725,0.47759897651854455,0.000478074885951113,0.021048878378341605,0.0,-0.37288677540407167,0.3668908992985722,0.8921064773745667,26,svm_iris,ALM (rho=0),0.47759897651854455
0.24750850307201566,0.47527492674160055,0.00022935893709264202,0.02169157764441217,0.0,-0.3715193009140285,0.36567132999001944,0.8887080733406877,27,svm_iris,ALM (rho=0),0.47527492674160055
0.25235780220313453,0.4725009890423191,0.0010846941584336696,0.023035684977089497,0.0,-0.36667000178290965,0.363251386387751,0.8819882114962803,29,svm_iris,ALM (rho=0),0.4725009890423191
0.2565636295737772,0.470732856868988,0.001093728847353221,0.0244096651201895,0.0,-0.36246417441226697,0.36088381259672414,0.875374368104505,31,svm_iris,ALM (rho=0),0.470732856868988
0.2611025450654416,0.46534201905273775,0.0022487975557511537,0.025563409900547684,0.0,-0.35792525892060256,0.3585622113520227,0.8688617302614032,33,svm_iris,ALM (rho=0),0.46534201905273775
0.2641835494854977,0.46360024276105105,0.0032769247768687088,0.026882306644137623,0.0,-0.35484425450054646,0.3562887332440136,0.8624494149797711,35,svm_iris,ALM (rho=0),0.46360024276105105
0.27085771513395296,0.4528803224759409,0.0003621245119616104,0.028318204840419026,0.0,-0.3481700888520912,0.35296959149487445,0.8530016328690606,38,svm_iris,ALM (rho=0),0.4528803224759409
0.2750449058017385,0.43947760925951285,0.0031156679509098673,0.02877816235474296,0.0,-0.34398289818430566,0.3507842510466661,0.8468244545277838,40,svm_iris,ALM (rho=0),0.43947760925951285
0.2800092551429458,0.4216148217649509,0.003925823891072669,0.02940571747549983,0.0,-0.3390185488430984,0.3474684027333769,0.8377211947000878,43,svm_iris,ALM (rho=0),0.4216148217649509
0.28240093059890947,0.4151080828259931,0.002892845414407791,0.030095416220064664,0.0,-0.3366268733871347,0.3452251265485595,0.8317436209575283,45,svm_iris,ALM (rho=0),0.4151080828259931
0.2851088770546021,0.41419978534245017,0.00013293912193550195,0.03172034220119815,0.0,-0.3339189269314421,0.34184784975651267,0.8228935469817218,48,svm_iris,ALM (rho=0),0.41419978534245017
0.28868120968455857,0.4131527892078729,0.001349834708834475,0.03332418727003805,0.0,-0.3303465943014856,0.3385135198182908,0.814180512994652,51,svm_iris,ALM (rho=0),0.4131527892078729
0.29605814059131974,0.42170930407702345,0.005696975187456488,0.03631352579023933,0.0,-0.32296966339472444,0.3342339454171909,0.8027952359023299,55,svm_iris,ALM (rho=0),0.42170930407702345
0.3027830450806893,0.4262944802418871,0.004461806587292498,0.038489985984959015,0.0,-0.31624475890535486,0.33126238664081264,0.7944340267471438,58,svm_iris,ALM (rho=0),0.4262944802418871
0.311051104713594,0.4067032150686747,0.001996967303325839,0.038968927876935636,0.0,-0.3079766992724502,0.3275274941931443,0.7835392654045937,62,svm_iris,ALM (rho=0),0.4067032150686747
0.31731825630572696,0.3803813862696708,0.004119780844245864,0.038424091764202944,0.0,-0.3017095476803172,0.3237377773912714,0.7729012991835162,66,svm_iris,ALM (rho=0),0.3803813862696708
0.32237099694274013,0.3680412387526919,0.001467622795791268,0.038991617024501046,0.0,-0.29665680704330405,0.3198382572416516,0.7624647400821465,70,svm_iris,ALM (rho=0),0.3680412387526919
0.32647060581475873,0.3675276235928997,0.001820861909043514,0.040707002379735256,0.0,-0.29255719817128545,0.3159507295959937,0.7522087479538107,74,svm_iris,ALM (rho=0),0.3675276235928997
0.33078421375406497,0.37969013375774974,0.003940858294486538,0.04436807990131959,0.0,-0.2882435902319792,0.31130709036159687,0.739617165971833,79,svm_iris,ALM (rho=0),0.37969013375774974
0.3355533641137264,0.3894573651671096,0.0019179139194957923,0.04797167950510138,0.0,-0.2834744398723178,0.30705019418122487,0.727271439351091,84,svm_iris,ALM (rho=0),0.3894573651671096
0.3393029560588963,0.37491492567423,0.002879350446086823,0.04902372722248401,0.0,-0.27972484792714786,0.302164027434159,0.7127854516053738,90,svm_iris,ALM (rho=0),0.37491492567423
0.3404554734475065,0.3623088048957225,0.002482016799710343,0.0495683152370088,0.0,-0.2785723305385377,0.2979269342261423,0.7009526487447441,95,svm_iris,ALM (rho=0),0.3623088048957225
0.3416781814059332,0.37140206189460345,0.0024833776094566468,0.05347403551431177,0.0,-0.277349622580111,0.29272205602379564,0.686988975002659,101,svm_iris,ALM (rho=0),0.37140206189460345
0.34611243938982533,0.3888093993541931,0.0021896139518269853,0.05939456285546154,0.0,-0.27291536459621885,0.2871160256128196,0.671056368016404,108,svm_iris,ALM (rho=0),0.3888093993541931
0.3528180278498414,0.3573388976786127,0.003675919857619933,0.05768048374142403,0.0,-0.2662097761362028,0.28178176563904855,0.6556515722232344,115,svm_iris,ALM (rho=0),0.3573388976786127
0.3592817428127974,0.3498026131620894,0.0023443180361797933,0.05927588671590899,0.0,-0.2597460611732468,0.2761561971004607,0.6407338207984606,122,svm_iris,ALM (rho=0),0.3498026131620894
0.36894867843217005,0.36576957707778057,0.0030099664995143216,0.06542063321235711,0.0,-0.2500791255538741,0.2703188982656296,0.6242493843745336,130,svm_iris,ALM (rho=0),0.36576957707778057
0.38053147978073826,0.34535968228227076,0.0006944037758207233,0.06503422716505228,0.0,-0.23849632420530592,0.26515203843630875,0.608421909776651,138,svm_iris,ALM (rho=0),0.34535968228227076
0.3909416189710657,0.3229487209234545,0.0002815215615372957,0.06399316099596444,0.0,-0.22808618501497846,0.2594099353743856,0.5913738780746194,147,svm_iris,ALM (rho=0),0.3229487209234545
0.40147952155635713,0.30269031031512883,3.116740679678931e-05,0.0627868844470122,0.0,-0.21754828242968705,0.25379870243436475,0.5749875234704721,156,svm_iris,ALM (rho=0),0.30269031031512883
0.4097035289049832,0.2904880390893453,0.0008791283848852138,0.06307920127582245,0.0,-0.209324275081061,0.24774308049557656,0.5574855461053838,166,svm_iris,ALM (rho=0),0.2904880390893453
0.4161177408672537,0.2822976501695763,0.0005405707002015814,0.06422809988423499,0.0,-0.20291006311879045,0.24144116480594732,0.5389792362454203,177,svm_iris,ALM (rho=0),0.2822976501695763
0.420553383389794,0.26896216501141224,9.614779283251274e-05,0.06387691893031351,0.0,-0.1984744205962502,0.23532219065967191,0.5212154887887815,188,svm_iris,ALM (rho=0),0.26896216501141224
0.42363403701982677,0.2619725673387242,0.0004973933949896925,0.06495012701512239,0.0,-0.1953937669662174,0.22864178216095696,0.5026425650270462,200,svm_iris,ALM (rho=0),0.2619725673387242
0.4275051004985127,0.25803822802319276,0.0014441511814024532,0.06684015371405048,0.0,-0.19152270348753148,0.22158750426181345,0.4834800281193271,213,svm_iris,ALM (rho=0),0.25803822802319276
0.43775355347067735,0.2619896809837371,0.0016150508070368608,0.07102549783727573,0.0,-0.18127425051536683,0.21501033764435254,0.46407292023745006,227,svm_iris,ALM (rho=0),0.2619896809837371
0.4503693774580065,0.1998231767759745,0.0021662991748129523,0.05632308069191941,0.0,-0.1686584265280377,0.20880951699687217,0.44609978215227314,241,svm_iris,ALM (rho=0),0.1998231767759745
0.4587703779179456,0.20510994643595237,0.0032264040353343626,0.059925660211846254,0.0,-0.16025742606809856,0.20109085291370785,0.4269683356284311,257,svm_iris,ALM (rho=0),0.20510994643595237
0.4676549901088902,0.17706832224214542,0.0016188711222991647,0.0535772355201281,0.0,-0.15137281387715396,0.1948526397984098,0.40926953684062756,273,svm_iris,ALM (rho=0),0.17706832224214542
0.4725604165807464,0.16466729620304776,0.0018567575174501527,0.051335898514136676,0.0,-0.1464673874052978,0.18753818156698218,0.3919795571133942,290,svm_iris,ALM (rho=0),0.16466729620304776
0.4785326399786414,0.15214724054947537,0.0009420312511704276,0.04899405220462051,0.0,-0.14049516400740275,0.18033921160800856,0.37444347452618615,309,svm_iris,ALM (rho=0),0.15214724054947537
0.4868062586771323,0.16250979146815137,0.004032221426150201,0.05383009187312564,0.0,-0.1322215453089119,0.17315511883674065,0.35887810960912986,328,svm_iris,ALM (rho=0),0.16250979146815137
0.5079614189306494,0.10281947473658104,0.002326034464099569,0.03322293230252463,0.0,-0.11106638505539479,0.167379221064165,0.3438718600254601,349,svm_iris,ALM (rho=0),0.11896444455486622
0.523688786532402,0.10092388864358637,0.0008696757525900323,0.03514362396678991,0.0,-0.09533901745364215,0.16045396964595848,0.3294176833057889,372,svm_iris,ALM (rho=0),0.11404233604502968
0.5393406157654712,0.08671093873413893,7.572520256929338e-05,0.02188172208946801,0.0,-0.07968718822057297,0.15461595848940474,0.31648343629370246,395,svm_iris,ALM (rho=0),0.10989298136331394
0.5509614193469725,0.0685715416826429,8.538479029374102e-08,0.02066550826718897,0.0,-0.06806638463907166,0.14898992749862766,0.30357113610262176,420,svm_iris,ALM (rho=0),0.10589429115785717
0.5598288491776362,0.06032447118066875,0.0008349757292959725,0.015892589112253483,0.0,-0.05919895480840798,0.14351668087613978,0.2905920111080854,447,svm_iris,ALM (rho=0),0.10200419213471462
0.5670542741054805,0.0538712057091435,0.00043208851838716367,0.014180450640408477,0.0,-0.051973529880563696,0.1385659514765767,0.27751395540943674,476,svm_iris,ALM (rho=0),0.09848547117630671
0.5720297150415548,0.05626871925715449,0.00025181024230633287,0.012396698681681806,0.0,-0.046998088944489425,0.13354943180134066,0.26478334432430506,506,svm_iris,ALM (rho=0),0.09491998991185373
0.5760428649546987,0.05238120491537768,0.0002570903517766787,0.012757778170974919,0.0,-0.04298493903134548,0.12866287286988787,0.2520315595099611,538,svm_iris,ALM (rho=0),0.09144687798452525
0.5792672938292991,0.05213109831202434,2.4317146078950413e-05,0.012418574423101446,0.0,-0.03976051015674509,0.1236536641466297,0.2390733480502298,573,svm_iris,ALM (rho=0),0.08788659296447876
0.5815960066042642,0.052806819128888405,6.3676880282304e-05,0.011907636562133986,0.0,-0.03743179738177993,0.11868348976892956,0.22689096140031695,609,svm_iris,ALM (rho=0),0.08435405152698898
0.5833821657641325,0.05264794759646785,2.4505623267195853e-05,0.011933587000579749,0.0,-0.03564563822191169,0.11346703881129161,0.21513921793152213,648,svm_iris,ALM (rho=0),0.0806464695058897
0.587536654701903,0.04966419088196139,0.000621895318076271,0.014858546893300137,0.0,-0.03149114928414121,0.10778817036252325,0.20460704484870434,689,svm_iris,ALM (rho=0),0.07661022518349023
0.5916455041830286,0.043865296906148155,0.0004314787252214236,0.01340360456827231,0.0,-0.027382299803015542,0.1014056206012981,0.1955664770548274,733,svm_iris,ALM (rho=0),0.07207384078427698
0.5936948530950489,0.041813589845274834,0.0002174539701605971,0.013045722240298287,0.0,-0.0253329508909953,0.09497127465719868,0.18848102286923477,779,svm_iris,ALM (rho=0),0.06750064235231508
0.5946770727890542,0.04130982150841356,0.00011148384925108168,0.013171020092285804,0.0,-0.02435073119698994,0.08813338130332304,0.183576968256931,829,svm_iris,ALM (rho=0),0.06264062341091145
0.6044812232381902,0.02171829635543887,0.00110657827949176,0.007004875849604197,0.0,-0.014546580747853977,0.08443506294312375,0.18084084675077824,882,svm_iris,ALM (rho=0),0.06001205107850999
0.6109964825810246,0.013772130592322185,0.0005128767676144119,0.004477139956728301,0.0,-0.008031321405019609,0.0818815056018311,0.17865978608879185,938,svm_iris,ALM (rho=0),0.05819711533669873
0.614645557815072,0.009778725197872373,0.00013420091462440498,0.0031972160574669163,0.0,-0.004382246170972159,0.08001213222965603,0.17656641551254035,998,svm_iris,ALM (rho=0),0.05686846197415732
0.6165837212633708,0.006899117125048648,3.935860791226542e-05,0.0022656692637953303,0.0,-0.0024440827226733797,0.07856857356344232,0.17445759943345093,1061,svm_iris,ALM (rho=0),0.055842455557012845
0.6176170545351984,0.005003208761958811,4.4203612589499564e-05,0.0016492722618839239,0.0,-0.0014107494508457386,0.07732555434114313,0.17222701882897745,1129,svm_iris,ALM (rho=0),0.054958982146085945
0.6181314655386994,0.004582612397156738,9.536141735877468e-06,0.0015158179550407364,0.0,-0.0008963384473448244,0.07619251067548866,0.1699327965502603,1200,svm_iris,ALM (rho=0),0.05415367364074094
0.6183720387962028,0.004521137814976872,1.1027076826097826e-06,0.00150072103980175,0.0,-0.0006557651898413397,0.07503408593652744,0.16748026688613457,1277,svm_iris,ALM (rho=0),0.05333032558861739
0.6184809739194158,0.004288502379189318,1.135357257431302e-06,0.0014284976991101664,0.0,-0.0005468300666283676,0.07386902735183143,0.16493873316168756,1358,svm_iris,ALM (rho=0),0.0525022625439871
0.6185300522569943,0.004210598912145813,1.8798787765339497e-07,0.001407603796392081,0.0,-0.0004977517290498668,0.07266831983404948,0.16228256125576485,1444,svm_iris,ALM (rho=0),0.05164886209190216
0.6185522249306146,0.004115230518483615,2.6343682679730307e-08,0.0013808907921481516,0.0,-0.0004755790554296091,0.0714123360265091,0.15948841966377944,1536,svm_iris,ALM (rho=0),0.05075617412810367
0.6185629428600226,0.004034059475337193,1.876087233898538e-07,0.0013589421047176334,0.0,-0.00046486112602162066,0.07010131098490874,0.1565649509162933,1634,svm_iris,ALM (rho=0),0.04982436571795629
0.618569312034468,0.0039538348358936215,1.6081177012239323e-07,0.0013373086451074624,0.0,-0.00045849195157621203,0.06873767643999307,0.1535210823633311,1738,svm_iris,ALM (rho=0),0.048855165209193425
0.6185742425642903,0.003871072691522204,1.3870500048529522e-07,0.001314834762828778,0.0,-0.0004535614217539008,0.06731201928963249,0.15033759578638003,1849,svm_iris,ALM (rho=0),0.047841882258418414
0.6185788572112119,0.0037862332631434237,1.2939506632836384e-07,0.0012915862853203983,0.0,-0.00044894677483231504,0.06584148639433196,0.14705346529706423,1966,svm_iris,ALM (rho=0),0.04679670396223061
0.6185836895076596,0.003697844113656479,1.2470177396251003e-07,0.00126711252987104,0.0,-0.00044411447838454965,0.06430595184292281,0.14362400702854008,2091,svm_iris,ALM (rho=0),0.04570532586976615
0.6185889112445819,0.0036061251197354594,1.2137398813782951e-07,0.0012414337697253955,0.0,-0.000438892741462249,0.06271147024686108,0.14006284024427132,2224,svm_iris,ALM (rho=0),0.04457205128393375
0.618594629795139,0.003510731492281094,1.1798892640690894e-07,0.0012144172940806003,0.0,-0.0004331741909051612,0.061052714181982104,0.13635810167271306,2366,svm_iris,ALM (rho=0),0.04339309374872874
0.6186008317861076,0.0034127101624087386,1.1465425253653905e-07,0.0011863273964003297,0.0,-0.00042697219993659274,0.0593481382771584,0.13255102115065695,2516,svm_iris,ALM (rho=0),0.04218156985448608
0.6186076110989259,0.0033111708103618076,1.1122950704933743e-07,0.0011568770870339653,0.0,-0.00042019288711825364,0.05758234818340813,0.12860722019824933,2676,svm_iris,ALM (rho=0),0.04092653809864491
0.618615016162232,0.0032059887207889215,1.076927271248529e-07,0.0011259921538948993,0.0,-0.0004127878238121552,0.05575320016467028,0.12452191210120671,2847,svm_iris,ALM (rho=0),0.0396264748251137
0.6186230020276742,0.0030982935014269852,1.0407432149417417e-07,0.0010939706030866057,0.0,-0.00040480195837000466,0.05388034551697596,0.12033898736879396,3028,svm_iris,ALM (rho=0),0.03829534715300234
0.6186316038648682,0.0029880047456625203,1.0036945874425385e-07,0.0010607598211742808,0.0,-0.0003962001211760269,0.05196238783887963,0.11605532730335565,3220,svm_iris,ALM (rho=0),0.036932162592793395
0.6186408975884616,0.002874578648435211,9.655935245822533e-08,0.0010261630240319607,0.0,-0.00038690639758254264,0.049989870633493416,0.11164981132670268,3425,svm_iris,ALM (rho=0),0.035530199958353055
0.6186508623295272,0.0027586797875873703,9.266621331383007e-08,0.0009903497850991482,0.0,-0.00037694165651702694,0.04797435122878735,0.10714825214287388,3643,svm_iris,ALM (rho=0),0.03409767359727928
0.6186615138375822,0.002640466058556723,8.86953205880836e-08,0.0009533399591248997,0.0,-0.0003662901484620118,0.04591857549863032,0.10255678252128773,3875,svm_iris,ALM (rho=0),0.03263653513389886
0.6186728126025439,0.002520647317902691,8.467051515470558e-08,0.0009153316580255793,0.0,-0.0003549913835002583,0.043834888086428825,0.09790297358983194,4121,svm_iris,ALM (rho=0),0.031155558498671895
0.6186848006041022,0.002399008613632958,8.05845759566104e-08,0.0008762352732685925,0.0,-0.0003430033819419309,0.04171955090664414,0.09317847652626683,4383,svm_iris,ALM (rho=0),0.029652086854823873
0.6186974619506498,0.0022759240836899286,7.645007044088103e-08,0.0008361503545448805,0.0,-0.0003303420353943931,0.03957907034171426,0.08839782300196265,4662,svm_iris,ALM (rho=0),0.028130744600579825
0.6187107677057216,0.0021518301660666816,7.228165843642387e-08,0.00079520328916993,0.0,-0.0003170362803225357,0.037421036192035906,0.0835779644467098,4959,svm_iris,ALM (rho=0),0.0265969261712988
0.6187246316492017,0.0020276008622659436,6.810869901396899e-08,0.0007536750759942817,0.0,-0.00030317233684251654,0.035260647632193554,0.07875284743714905,5274,svm_iris,ALM (rho=0),0.025061434349731487
0.6187390428486869,0.0019033437359835537,6.393480495026083e-08,0.000711600614662265,0.0,-0.00028876113735731845,0.03309977523006641,0.0739266497906687,5609,svm_iris,ALM (rho=0),0.02352559863823389
0.61875397255163,0.0017792963983386256,5.976795791617917e-08,0.0006690615410724662,0.0,-0.00027383143441417346,0.030942551121627693,0.06910860042096577,5966,svm_iris,ALM (rho=0),0.0219923559441339
0.6187693331920858,0.001656127234068383,5.563060923030605e-08,0.0006262940901050248,0.0,-0.00025847079395835415,0.028800598737755256,0.06432465966456465,6346,svm_iris,ALM (rho=0),0.020469967597538167
0.6187849861533448,0.0015348057764417167,5.155532661893503e-08,0.0005836523784034501,0.0,-0.0002428178326994157,0.026690778581741015,0.059612484590539166,6749,svm_iris,ALM (rho=0),0.0189704171672331
0.6188009336702802,0.0014151404170459347,4.7535673841636594e-08,0.0005410912488719104,0.0,-0.00022687031576396066,0.024609758520083014,0.05496463304966851,7179,svm_iris,ALM (rho=0),0.017491336346037424
0.6188169754694337,0.0012984164646439034,4.3614824807303165e-08,0.0004990964443439558,0.0,-0.00021082851661047286,0.022579890495999122,0.05043102696036098,7635,svm_iris,ALM (rho=0),0.016048611732614522
0.6188330812131464,0.0011845923382548529,3.979138318843667e-08,0.00045768857988392163,0.0,-0.00019472277289778184,0.02060045140258493,0.04601005130044603,8121,svm_iris,ALM (rho=0),0.014641729380187188
0.6188490722808649,0.0010746430913600724,3.609810217408693e-08,0.0004172624838360199,0.0,-0.00017873170517923587,0.018688397741365548,0.04173957754612485,8637,svm_iris,ALM (rho=0),0.013282741088092898
0.6188648895933486,0.0009686615602878534,3.253809943704056e-08,0.0003778972639528261,0.0,-0.00016291439269555674,0.016845343966713555,0.037623211498408755,9187,svm_iris,ALM (rho=0),0.011972794326528204
0.6188803497771339,0.0008675457043110235,2.914153884869819e-08,0.00033997515678457725,0.0,-0.00014745420891026928,0.015086905886534163,0.03369583026308508,9771,svm_iris,ALM (rho=0),0.010722987999538114
0.6188953793609362,0.0007714312033395565,2.5912977541509008e-08,0.00030359907561317023,0.0,-0.00013242462510798525,0.0134154430191743,0.029962703703325915,10393,svm_iris,ALM (rho=0),0.009534999130039653
0.6189098282914276,0.0006809333317375765,2.287308320525483e-08,0.000269055010022226,0.0,-0.00011797569461657886,0.01184165518873087,0.026447729327296506,11054,svm_iris,ALM (rho=0),0.008416432596478491
0.6189236012524832,0.0005963051802051478,2.003035737274672e-08,0.0002364937482825806,0.0,-0.0001042027335609319,0.010369943725939967,0.02316073728138576,11757,svm_iris,ALM (rho=0),0.007370416635818524
0.6189365908470632,0.0005178752977971213,1.739583632698327e-08,0.0002060949147392117,0.0,-9.121313898097227e-05,0.00900602220720964,0.02011448854536604,12504,svm_iris,ALM (rho=0),0.00640101216099437
0.6189487497158928,0.0004456198274699341,1.4968718597963004e-08,0.00017789989381276325,0.0,-7.905427015142408e-05,0.007749475750727042,0.017308056501993546,13300,svm_iris,ALM (rho=0),0.005507924295592411
0.6189599783346629,0.00037984334928597985,1.275923533494705e-08,0.00015207516833969765,0.0,-6.782565138130359e-05,0.00660560110414099,0.014753271165391706,14146,svm_iris,ALM (rho=0),0.004694917692345422
0.618970230468421,0.0003205525974279144,1.0767612579343222e-08,0.00012866787077017957,0.0,-5.7573517623144e-05,0.005574515377183842,0.0124503940941393,15045,svm_iris,ALM (rho=0),0.003962075586760018
0.6189794965156518,0.00026757091145168665,8.987915967040294e-09,0.00010764787451141978,0.0,-4.8307470392416896e-05,0.004653146386369711,0.010392563724039721,16002,svm_iris,ALM (rho=0),0.003307214430605745
0.6189877605330734,0.0002207889644095795,7.416473712940075e-09,8.900640455987858e-05,0.0,-4.004345297081713e-05,0.0038395929001587836,0.008575533751991292,17020,svm_iris,ALM (rho=0),0.0027289829273915212
0.6189950291216455,0.00017999843795146742,6.046288303362957e-09,7.269024975757185e-05,0.0,-3.277486439867694e-05,0.003130232193674032,0.006991213007845509,18102,svm_iris,ALM (rho=0),0.0022248062327009928
0.6190013452204928,0.00014481751958317357,4.8645338868169574e-09,5.857145059968163e-05,0.0,-2.6458765551407026e-05,0.002518424421710297,0.005624771737994219,19254,svm_iris,ALM (rho=0),0.0017899650899159253
0.6190067434797824,0.00011493981561205846,3.860918362796895e-09,4.654713302593833e-05,0.0,-2.1060506261827427e-05,0.001998841296943221,0.004464309486066016,20478,svm_iris,ALM (rho=0),0.0014206724295426209
0.6190112962687175,8.987584985054031e-05,3.0190000499530356e-09,3.643616267184368e-05,0.0,-1.650771732664147e-05,0.0015629706670283738,0.0034908147965163725,21781,svm_iris,ALM (rho=0),0.0011108782564312432
0.6190150690278129,6.91978640303681e-05,2.324410275367228e-09,2.8078077105480296e-05,0.0,-1.2734958231286342e-05,0.0012033736747000812,0.002687673363293531,23166,svm_iris,ALM (rho=0),0.0008552954177493955
0.6190181450228301,5.2399557374238626e-05,1.7601421986590537e-09,2.1277218178148535e-05,0.0,-9.658963214032035e-06,0.0009112455823829801,0.0020352202567502273,24639,svm_iris,ALM (rho=0),0.0006476659639831239
0.6190206092382826,3.898126095536192e-05,1.3094110795641711e-09,1.5837718366977477e-05,0.0,-7.194747761563036e-06,0.0006778969827763714,0.0015140481314907745,26206,svm_iris,ALM (rho=0),0.0004818139163791135
0.6190225464594739,2.8456767744100553e-05,9.558848712565293e-10,1.1566924403057736e-05,0.0,-5.257526570323634e-06,0.0004948725752230154,0.001105272507297142,27873,svm_iris,ALM (rho=0),0.00035172968700979644
0.6190240390650019,2.0362202929335993e-05,6.839823707416315e-10,8.279563952918501e-06,0.0,-3.7649210422596724e-06,0.00035410542375963194,0.0007908762965697379,29646,svm_iris,ALM (rho=0),0.0002516797173723321
0.619025165328136,1.4262628129091404e-05,4.790927099485032e-10,5.800902185546225e-06,0.0,-2.6386579081716377e-06,0.00024803180649507484,0.0005539663145214616,31532,svm_iris,ALM (rho=0),0.00017628810735303345
0.6190259960316395,9.768278819044518e-06,3.2812402794846207e-10,3.973721991767094e-06,0.0,-1.807954404631218e-06,0.00016987358992881507,0.00037940394773229927,33537,svm_iris,ALM (rho=0),0.00012073731220600849
0.6190265949321625,6.530438658947091e-06,2.1936247263099062e-10,2.6569409095160103e-06,0.0,-1.209053881678912e-06,0.00011356648181043427,0.00025364491058888443,35670,svm_iris,ALM (rho=0),8.071714841742163e-05
0.6190270160083096,4.255166848543546e-06,1.4293438654888746e-10,1.7314038121188208e-06,0.0,-7.879777346175842e-07,7.399875474156659e-05,0.0001652724222048274,37939,svm_iris,ALM (rho=0),5.259446602519149e-05
0.6190273042432097,2.698266736267385e-06,9.063688688470961e-11,1.097982839052932e-06,0.0,-4.997428344477584e-07,4.692374834736057e-05,0.00010480178450840277,40352,svm_iris,ALM (rho=0),3.335095971342887e-05
0.6190274960830973,1.6622997486281932e-06,5.583788986740501e-11,6.76455511099288e-07,0.0,-3.0790294691662723e-07,2.8907940788247544e-05,6.456440262670926e-05,42918,svm_iris,ALM (rho=0),2.054626074392161e-05
0.6190276200349927,9.930477120612125e-07,3.335726139752637e-11,4.041219463319905e-07,0.0,-1.8395105150226243e-07,1.726942716218094e-05,3.85703795575109e-05,45647,svm_iris,ALM (rho=0),1.2274210604325852e-05
0.6190276976616655,5.739623120115667e-07,1.927979997873308e-11,2.335788278938637e-07,0.0,-1.0632437863478117e-07,9.981393884139766e-06,2.229293114372564e-05,48551,svm_iris,ALM (rho=0),7.094255617636213e-06
0.6190277446291453,3.2041383035696924e-07,1.0762890578774886e-11,1.303965369543132e-07,0.0,-5.935689884051243e-08,5.5721021617327615e-06,1.2445004301126773e-05,51639,svm_iris,ALM (rho=0),3.960360398734266e-06
0.6190277720533192,1.7237326788155372e-07,5.7902571626300414e-12,7.014996624966774e-08,0.0,-3.193272501977873e-08,2.997627965517502e-06,6.695048267355968e-06,54923,svm_iris,ALM (rho=0),2.130558044377659e-06
0.6190277874716346,8.914429272532942e-08,2.9943270085652784e-12,3.627877711812394e-08,0.0,-1.6514409617585102e-08,1.5502486527263493e-06,3.4624008299529303e-06,58416,svm_iris,ALM (rho=0),1.1018361103665341e-06
0.6190277957959727,4.420957300244055e-08,1.4849788065873781e-12,1.7991867746633027e-08,0.0,-8.19007150987261e-09,7.688190709620457e-07,1.717117950350742e-06,62131,svm_iris,ALM (rho=0),5.464366075949532e-07
0.61902780010203,2.0965660207927783e-08,7.04047931066043e-13,8.532354753235947e-09,0.0,-3.884014221355869e-09,3.645996946577412e-07,8.143147117833828e-07,66083,svm_iris,ALM (rho=0),2.591384992955869e-07
0.6190278022293547,9.482485241463223e-09,3.1835645231126364e-13,3.859070829202777e-09,0.0,-1.7566894605636207e-09,1.6490355592146955e-07,3.683036313280348e-07,70286,svm_iris,ALM (rho=0),1.1720487053646578e-07
0.6190278032305715,4.077984838701809e-09,1.3711254354120683e-13,1.6596109107071548e-09,0.0,-7.55472684410563e-10,7.091751857979389e-08,1.5839063915568068e-07,74756,svm_iris,ALM (rho=0),5.0404483623569864e-08
0.6190278036781093,1.6622064835658534e-09,5.5788706987414116e-14,6.764655607751238e-10,0.0,-3.0793489980140976e-10,2.890633765684214e-08,6.456082164321537e-08,79510,svm_iris,ALM (rho=0),2.0545121321501194e-08
0.6190278038675068,6.398573892951731e-10,2.1538326677728037e-14,2.6040176768317213e-10,0.0,-1.1853740211620334e-10,1.1127328058968544e-08,2.485231602291364e-08,84567,svm_iris,ALM (rho=0),7.908726026437338e-09
0.619027803943105,2.3178303720783333e-10,7.771561172376096e-15,9.432838421519949e-11,0.0,-4.293920774500748e-11,4.030781208808065e-09,9.002542811286053e-09,89946,svm_iris,ALM (rho=0),2.8648696330365842e-09
0.6190278039714595,7.872624774307724e-11,2.4980018054066022e-15,3.203909950856427e-11,0.0,-1.4584666807593294e-11,1.3690851785597147e-09,3.0577811878134273e-09,95666,svm_iris,ALM (rho=0),9.730745356570811e-10
0.6190278039814205,2.4954927013709494e-11,1.3877787807814457e-15,1.015586814536666e-11,0.0,-4.623634808353927e-12,4.3405629090997877e-10,9.694429261075785e-10,101751,svm_iris,ALM (rho=0),3.0850463531465386e-10
0.6190278039846806,7.359890474845088e-12,0.0,2.9952432736840105e-12,0.0,-1.3635759188446173e-12,1.2794532100457445e-10,2.8575856576433166e-10,108222,svm_iris,ALM (rho=0),9.093687944018029e-11
0.6190278039856738,2.002953358726245e-12,5.551115123125783e-16,8.151388389683246e-13,0.0,-3.703704010149522e-13,3.489697419922777e-11,7.794161395628423e-11,115105,svm_iris,ALM (rho=0),2.480295418906955e-11
0.6190278039859516,5.025979632478084e-13,0.0,2.045415178896092e-13,0.0,-9.259260025373806e-14,8.77753425498895e-12,1.9604967170232287e-11,122426,svm_iris,ALM (rho=0),6.238614808738841e-12
0.6190278039860213,1.1579626146840383e-13,5.551115123125783e-17,4.7125425924982515e-14,0.0,-2.2870594307278225e-14,2.0370372055822372e-12,4.5492515417606e-12,130212,svm_iris,ALM (rho=0),1.4478200947463383e-12
0.6190278039860393,2.55351295663786e-14,0.0,1.0391992294140699e-14,0.0,-4.884981308350689e-15,4.310996004619483e-13,9.630087676868153e-13,138493,svm_iris,ALM (rho=0),3.064031735284517e-13
0.6190278039860424,8.43769498715119e-15,0.0,3.4338757145881756e-15,0.0,-1.7763568394002505e-15,1.2850831510036187e-13,2.8733180877291973e-13,147302,svm_iris,ALM (rho=0),9.133702636085059e-14
0.6190278039860424,8.43769498715119e-15,0.0,3.4338757145881756e-15,0.0,-1.7763568394002505e-15,1.2850831510036187e-13,2.8733180877291973e-13,156670,svm_iris,ALM (rho=0),9.133702636085059e-14
0.6190278039860424,8.43769498715119e-15,0.0,3.4338757145881756e-15,0.0,-1.7763568394002505e-15,1.2850831510036187e-13,2.8733180877291973e-13,166634,svm_iris,ALM (rho=0),9.133702636085059e-14
0.6190278039860424,8.43769498715119e-15,0.0,3.4338757145881756e-15,0.0,-1.7763568394002505e-15,1.2850831510036187e-13,2.8733180877291973e-13,177232,svm_iris,ALM (rho=0),9.133702636085059e-14
0.6190278039860424,8.43769498715119e-15,0.0,3.4338757145881756e-15,0.0,-1.7763568394002505e-15,1.2850831510036187e-13,2.8733180877291973e-13,188504,svm_iris,ALM (rho=0),9.133702636085059e-14
0.6190278039860424,8.43769498715119e-15,0.0,3.4338757145881756e-15,0.0,-1.7763568394002505e-15,1.2850831510036187e-13,2.8733180877291973e-13,200493,svm_iris,ALM (rho=0),9.133702636085059e-14
0.6190278039860424,8.43769498715119e-15,0.0,3.4338757145881756e-15,0.0,-1.7763568394002505e-15,1.2850831510036187e-13,2.8733180877291973e-13,213245,svm_iris,ALM (rho=0),9.133702636085059e-14
0.0,1.0,0.0,0.0,0.0,-0.6190278039860442,0.4069684575963365,1.0,0,svm_iris,ALM (rho=1),1.0
0.15465824746226098,0.6642114815499085,3.885780586188048e-16,0.002180356381219244,0.003282623745273836,-0.4643695565237832,0.40368583385106266,0.9912858385526061,1,svm_iris,ALM (rho=1),0.6642114815499085
0.18313165331672987,0.5977511427546053,0.02931988011104586,0.0032655026134569367,0.0016678698807864217,-0.4358961506693143,0.4015616699023135,0.9863002806219062,2,svm_iris,ALM (rho=1),0.5977511427546053
0.20159172269267034,0.5508585948081859,0.07261428667385114,0.00409021993612439,0.0,-0.41743608129337384,0.3996408423721412,0.9816651224659564,3,svm_iris,ALM (rho=1),0.5508585948081859
0.21556172568864646,0.5155335908640897,0.10538492960234919,0.004760145244290639,0.0,-0.4034660782973977,0.3978620632983454,0.9772920818561539,4,svm_iris,ALM (rho=1),0.5155335908640897
0.22715403594213274,0.4871328351772567,0.13004952560272398,0.005322285013196935,0.0,-0.39187376804391144,0.39618983315156825,0.9731070280898223,5,svm_iris,ALM (rho=1),0.4871328351772567
0.2369930050805064,0.4637763327581885,0.15244735658891764,0.005808710609730867,0.0,-0.38203479890553776,0.3946031773867289,0.9690786189212691,6,svm_iris,ALM (rho=1),0.4637763327581885
0.24547047449852794,0.4441960343706566,0.17250046582752057,0.006239716551175219,0.0,-0.37355732948751624,0.39308685287013245,0.9651815745746647,7,svm_iris,ALM (rho=1),0.4441960343706566
0.252927342692546,0.4284743777596507,0.1894209683579002,0.006626042665836468,0.0,-0.36610046129349816,0.3916295152168611,0.9613923450899722,8,svm_iris,ALM (rho=1),0.4284743777596507
0.25966446506118407,0.4147557506267606,0.20404613490158252,0.0069732002499437945,0.0,-0.3593633389248601,0.3902229950501859,0.9576989383082627,9,svm_iris,ALM (rho=1),0.4147557506267606
0.2657665558668412,0.4057924339504161,0.21666842322241983,0.007290940463700652,0.0,-0.35326124811920295,0.3888615079746896,0.9540887124377833,10,svm_iris,ALM (rho=1),0.4057924339504161
0.2713168576867667,0.4057649057341537,0.2290618312917813,0.007614323241346654,0.0,-0.34771094629927746,0.38753983751857396,0.9505557535367593,11,svm_iris,ALM (rho=1),0.4057649057341537
0.27635851290827196,0.4053893828938282,0.2402700597420896,0.007922466626952871,0.0,-0.3426692910777722,0.3862533355345837,0.9470943366814246,12,svm_iris,ALM (rho=1),0.4053893828938282
0.28101999906651964,0.40498075574290837,0.25000018668265145,0.008212128603702585,0.0,-0.33800780491952453,0.3849979011232754,0.9436987035960346,13,svm_iris,ALM (rho=1),0.40498075574290837
0.2853696713273717,0.40457746964946295,0.2563604803962397,0.008484202721290765,0.0,-0.3336581326586725,0.38377092590365325,0.940360758568103,14,svm_iris,ALM (rho=1),0.40457746964946295
0.28944483835714835,0.4041911588600401,0.26083995507871605,0.008784339156794656,0.0,-0.32958296562889583,0.3825703479421018,0.9370736071076161,15,svm_iris,ALM (rho=1),0.4041911588600401
0.2933111811417772,0.4037753020785442,0.2645740004274161,0.009311033384517916,0.0,-0.325716622844267,0.3813943868271179,0.9338324145553817,16,svm_iris,ALM (rho=1),0.4037753020785442
0.2969830434401801,0.4033054714859535,0.26820122045791583,0.009834757290021446,0.0,-0.32204476054586406,0.3802415622504489,0.9306349584087854,17,svm_iris,ALM (rho=1),0.4033054714859535
0.300468759594955,0.40278129593101575,0.271507469767809,0.0103552172747111,0.0,-0.3185590443910892,0.3791104542078217,0.9274792569781151,18,svm_iris,ALM (rho=1),0.40278129593101575
0.30377702818568186,0.40220454048410437,0.27433227072947364,0.010872175883793928,0.0,-0.3152507758003623,0.37799971547198763,0.9243632479371175,19,svm_iris,ALM (rho=1),0.40220454048410437
0.306916816251948,0.4015815310907118,0.27658522822940185,0.011385537574050641,0.0,-0.3121109877340962,0.3769080778576512,0.9212843340138039,20,svm_iris,ALM (rho=1),0.4015815310907118
0.30989395069919046,0.4009190121352987,0.2790376809491224,0.011895261912285179,0.0,-0.3091338532868537,0.37583436215695865,0.9182409027683256,21,svm_iris,ALM (rho=1),0.4009190121352987
0.3154361161254679,0.399465209863188,0.2837896575968738,0.012902647336100867,0.0,-0.3035916878605763,0.37373639877004505,0.9122551039535038,23,svm_iris,ALM (rho=1),0.399465209863188
0.31803613700044175,0.3986749925445173,0.28508604125484194,0.013399903591889743,0.0,-0.3009916669856024,0.3727103248281505,0.9093094281427497,24,svm_iris,ALM (rho=1),0.3986749925445173
0.3229353948034096,0.39698722700822386,0.28722832927119313,0.0143811719502962,0.0,-0.2960924091826346,0.37070034419604375,0.90350105957494,26,svm_iris,ALM (rho=1),0.39698722700822386
0.32524464476568427,0.39607870325130945,0.2884777099266786,0.014864413771841584,0.0,-0.2937831592203599,0.3697151421648801,0.9006367134784592,27,svm_iris,ALM (rho=1),0.39607870325130945
0.3296343329080167,0.39404105975975856,0.29127102480278577,0.015811317644083916,0.0,-0.2893934710780275,0.3677812046928145,0.8949845513447865,29,svm_iris,ALM (rho=1),0.39404105975975856
0.33373823227522403,0.3917423314459012,0.2939746775313695,0.016731066466833755,0.0,-0.28528957171082014,0.3658919495680853,0.8894305868304747,31,svm_iris,ALM (rho=1),0.3917423314459012
0.3375715080909117,0.3892319373228532,0.29661662654242726,0.017623336313266045,0.0,-0.2814562958951325,0.36404303350464684,0.8839707054199205,33,svm_iris,ALM (rho=1),0.3892319373228532
0.3411508410957452,0.38654840776003274,0.2990198191511755,0.018487943134544303,0.0,-0.27787696289029895,0.36223051724396554,0.8786007238428863,35,svm_iris,ALM (rho=1),0.38654840776003274
0.34609338202404916,0.38233381930097143,0.3010879652566716,0.019736535329062225,0.0,-0.272934421961995,0.3595723825516548,0.870700660131066,38,svm_iris,ALM (rho=1),0.38233381930097143
0.34913268341170534,0.37947544468841754,0.3017956275627947,0.02053973275418771,0.0,-0.26989512057433884,0.35783653100534507,0.8655265200771545,40,svm_iris,ALM (rho=1),0.37947544468841754
0.3533402082473698,0.37517983058011684,0.30318666509688685,0.0217039865290569,0.0,-0.2656875957386744,0.35528110158950427,0.8578940673719012,43,svm_iris,ALM (rho=1),0.37517983058011684
0.35595019309661924,0.37234348036763476,0.30405996329885293,0.022455302220225144,0.0,-0.26307761088942494,0.35360674465994,0.8528874479719697,45,svm_iris,ALM (rho=1),0.37234348036763476
0.3596442076346332,0.36813491412314725,0.3046132012606514,0.023546272381766733,0.0,-0.259383596351411,0.3511354179566063,0.8454903114289943,48,svm_iris,ALM (rho=1),0.36813491412314725
0.3631171101349247,0.36394780757556644,0.30437459201385625,0.024592888427951216,0.0,-0.2559106938511195,0.34870879977683655,0.8382198131946141,51,svm_iris,ALM (rho=1),0.36394780757556644
0.36746224673083727,0.35848560675863783,0.3044093997713556,0.025927214166276427,0.0,-0.2515655572552069,0.3455369331009727,0.8287122399930242,55,svm_iris,ALM (rho=1),0.35848560675863783
0.3705336701901109,0.3545252649452989,0.30474009956879966,0.026887732869281315,0.0,-0.24849413379593327,0.3432025800713896,0.8217164603205686,58,svm_iris,ALM (rho=1),0.3545252649452989
0.37442883803435645,0.34928957689229556,0.304977085310372,0.028107644155989986,0.0,-0.24459896595168773,0.3401454770181117,0.812562095047944,62,svm_iris,ALM (rho=1),0.34928957689229556
0.3781514187894742,0.3440179966871415,0.3044802969747866,0.029252293575680176,0.0,-0.24087638519656995,0.33714712057090823,0.8035945602295685,66,svm_iris,ALM (rho=1),0.3440179966871415
0.38172289229632383,0.3387548583667459,0.3029702988688521,0.030326172229592954,0.0,-0.23730491168972034,0.3342033582074762,0.7948021961282041,70,svm_iris,ALM (rho=1),0.3387548583667459
0.38515203358475136,0.3335385452146581,0.30173523029907806,0.03133419168547529,0.0,-0.23387577040129282,0.33131086520519776,0.786176926359813,74,svm_iris,ALM (rho=1),0.3335385452146581
0.38924457720649425,0.32712378668577835,0.30010549824393484,0.0325085440642007,0.0,-0.22978322677954993,0.3277629956805827,0.775622874785463,79,svm_iris,ALM (rho=1),0.32712378668577835
0.3931459060424275,0.32079692747001753,0.29787168840128025,0.03358883276796154,0.0,-0.22588189794361668,0.3242856851266185,0.7653095699517193,84,svm_iris,ALM (rho=1),0.32079692747001753
0.3975882678099448,0.3133614681008168,0.2955675676645354,0.034771009423202937,0.0,-0.2214395361760994,0.3201995587415015,0.7532385929055576,90,svm_iris,ALM (rho=1),0.3133614681008168
0.40109682167866456,0.3073334341362336,0.2939367812299477,0.03567058979698384,0.0,-0.21793098230737962,0.31686195068902234,0.743425136672903,95,svm_iris,ALM (rho=1),0.3073334341362336
0.4050928528050267,0.30031598812784943,0.2914831556535121,0.036656569061918616,0.0,-0.21393495118101746,0.31293255827566524,0.7319325937642487,101,svm_iris,ALM (rho=1),0.30031598812784943
0.4094867839346376,0.29243133705533775,0.28881679904567004,0.03768927677870611,0.0,-0.20954102005140657,0.3084459032769527,0.7189002012535691,108,svm_iris,ALM (rho=1),0.29243133705533775
0.41360215576820814,0.28489804231897575,0.2865484200440443,0.03861143832528337,0.0,-0.20542564821783604,0.3040571651691473,0.7062596216943364,115,svm_iris,ALM (rho=1),0.28489804231897575
0.4174572147782687,0.2777284884356427,0.28403219512522454,0.03943811615784378,0.0,-0.20157058920777549,0.2997595708782764,0.693996912648477,122,svm_iris,ALM (rho=1),0.2777284884356427
0.4216175247153996,0.2699681723716545,0.28053202959417695,0.04028079678281524,0.0,-0.19741027927064458,0.29495337122951615,0.6804043514139733,130,svm_iris,ALM (rho=1),0.2699681723716545
0.425537393241035,0.2626323341196719,0.27735554819051866,0.04102584903521157,0.0,-0.19349041074500917,0.290254899475363,0.6672393234221442,138,svm_iris,ALM (rho=1),0.2626323341196719
0.4296771306114048,0.2548400060689182,0.27369103637658376,0.04175958469346573,0.0,-0.1893506733746394,0.2850920757538199,0.6529196282846517,147,svm_iris,ALM (rho=1),0.2548400060689182
0.4335948181679013,0.24742998552968165,0.2688933883782369,0.04238392640223102,0.0,-0.18543298581814288,0.2800533246375771,0.6390910798951697,156,svm_iris,ALM (rho=1),0.24742998552968165
0.43778915169841004,0.23942409282716703,0.2609292858780161,0.042928790654064464,0.0,-0.18123865228763414,0.2745928475529614,0.6242615394437364,166,svm_iris,ALM (rho=1),0.23942409282716703
0.4423448543471338,0.23083011298447798,0.2516903873737391,0.04335077017471663,0.0,-0.1766829496389104,0.2687474755147323,0.6085374408112204,177,svm_iris,ALM (rho=1),0.23083011298447798
0.44684336536915586,0.22246433556063816,0.24277861675503132,0.043603194112371915,0.0,-0.1721844386168883,0.2630672614674119,0.5934046813618703,188,svm_iris,ALM (rho=1),0.22246433556063816
0.4516773002449099,0.21358870914490136,0.2334161737107464,0.043700878428598273,0.0,-0.1673505037411343,0.25705440677698865,0.5775461025546255,200,svm_iris,ALM (rho=1),0.21358870914490136
0.45681903429582993,0.20426219795633305,0.22368052216804823,0.04361670052139751,0.0,-0.16220876969021425,0.25075078809179174,0.5611005971706957,213,svm_iris,ALM (rho=1),0.20426219795633305
0.4622372208616946,0.19454895786476567,0.21364960765911778,0.04332830549194425,0.0,-0.15679058312434957,0.24419907636894606,0.5442060211392014,227,svm_iris,ALM (rho=1),0.19454895786476567
0.4675246385680116,0.1851739877049785,0.20406852778446943,0.042858722929082285,0.0,-0.1515031654180326,0.23788438124194722,0.5281161417947785,241,svm_iris,ALM (rho=1),0.1851739877049785
0.4734000696001436,0.17486756720567986,0.19364370431285766,0.04212930096108522,0.0,-0.1456277343859006,0.23094663191284884,0.5106594653942718,257,svm_iris,ALM (rho=1),0.17486756720567986
0.4790913026162938,0.16498814487357516,0.18375143206604327,0.041224020810300785,0.0,-0.1399365013697504,0.22429423081310168,0.49413836147920487,273,svm_iris,ALM (rho=1),0.16498814487357516
0.48494671974830594,0.15501846649513662,0.17379957340261787,0.04011912188862297,0.0,-0.13408108423773824,0.2175250078717325,0.47754402331968315,290,svm_iris,ALM (rho=1),0.15501846649513662
0.49140541493699863,0.14500506422291537,0.1633870043699775,0.038885941205202904,0.0,-0.12762238904904555,0.2103260135160436,0.46009244366410523,309,svm_iris,ALM (rho=1),0.1494887908683926
0.4977643746942968,0.1357652100238197,0.15370228331558766,0.037598481465530145,0.0,-0.12126342929174738,0.20352751099228053,0.4437267780319212,328,svm_iris,ALM (rho=1),0.14465676888022547
0.5046164351904119,0.1260990369503452,0.1437928380389531,0.03606135688882148,0.0,-0.1144113687956323,0.19647361324371482,0.42681667451065963,349,svm_iris,ALM (rho=1),0.1396432252499606
0.5118460520062884,0.1160084795076104,0.1338284626208326,0.034237537260335425,0.0,-0.10718175197975577,0.18927854251417178,0.409606675407509,372,svm_iris,ALM (rho=1),0.13452934320754786
0.5187369394530061,0.10638634926474744,0.12471915450252469,0.032292293898260466,0.0,-0.10029086453303804,0.18260344558059502,0.3936481840340911,395,svm_iris,ALM (rho=1),0.12978503149427711
0.5258025723245436,0.09645325820106831,0.11570334428721452,0.03008122130620696,0.0,-0.09322523166150054,0.17589193675678755,0.37758548953480775,420,svm_iris,ALM (rho=1),0.1250148401032964
0.5329099493915983,0.0863495344656462,0.10690586442277827,0.02763066940013167,0.0,-0.08611785459444588,0.1692226586359503,0.3615843442465932,447,svm_iris,ALM (rho=1),0.12027466409947109
0.539927920064721,0.07622642968659554,0.09843310860837684,0.024982087302644194,0.0,-0.07909988392132317,0.1626594190126513,0.34578296272295117,476,svm_iris,ALM (rho=1),0.11560985474439028
0.5465255323054035,0.066545364605888,0.09092478889934652,0.022277696138826148,0.0,-0.07250227168064072,0.1564472145533014,0.33077564778452506,506,svm_iris,ALM (rho=1),0.11119454292569976
0.5528490264850442,0.057087383865571106,0.08964472564995593,0.019482543361598166,0.0,-0.06617877750099999,0.15038364964375228,0.3161038611546461,538,svm_iris,ALM (rho=1),0.10688487636792339
0.5589724450601897,0.055913685268806024,0.09042006897139926,0.016577379698218642,0.0,-0.06005535892585445,0.1443200936708695,0.301476859923685,573,svm_iris,ALM (rho=1),0.10257521616186466
0.5644755597093232,0.05483309571053907,0.09179695211955197,0.013791528602351838,0.0,-0.05455224427672101,0.13860281749745335,0.2878509238236382,609,svm_iris,ALM (rho=1),0.09851167362645945
0.5696165493340806,0.05366776033163578,0.09372967890099798,0.011736553408468681,0.0,-0.04941125465196361,0.13289622929140094,0.2746181652410288,648,svm_iris,ALM (rho=1),0.09445572754235068
0.5742058800705727,0.052412767998353926,0.09605120832944483,0.011154785231519847,0.0,-0.04482192391547146,0.12733372464074344,0.26237378807119094,689,svm_iris,ALM (rho=1),0.09050218855530014
0.5783229593162351,0.05099812069578258,0.09861007107977726,0.01069706089172958,0.0,-0.04070484466980906,0.12174909358768632,0.2511415126975311,733,svm_iris,ALM (rho=1),0.08653292327226891
0.5824679256249146,0.04931508154473918,0.08481055488739159,0.009833657550868095,0.0,-0.036559878361129616,0.11633163116201023,0.24105740994164446,779,svm_iris,ALM (rho=1),0.08268247275475606
0.5871773637629083,0.04672831841153857,0.07199218836330457,0.008876224145991075,0.0,-0.03185044022313588,0.11116536430080642,0.23155557129678678,829,svm_iris,ALM (rho=1),0.07901055897921211
0.5919719165175918,0.043382856924689905,0.06051331903791879,0.008581304752138452,0.0,-0.027055887468452333,0.10652392937201027,0.22304849023544893,882,svm_iris,ALM (rho=1),0.07571166844350985
0.5965440050859165,0.03957927907814707,0.050367071541212505,0.008131067519529217,0.0,-0.02248379890012764,0.10244842799747267,0.2155702683308152,938,svm_iris,ALM (rho=1),0.0728150140426712
0.6007639775625937,0.035486369616963276,0.04137607260107101,0.007552750634623533,0.0,-0.01826382642345048,0.09887422823585357,0.2089682621021946,998,svm_iris,ALM (rho=1),0.07027465875444729
0.6044858129792188,0.03126779466123786,0.03359034572076519,0.006870984732003623,0.0,-0.014541991006825405,0.09582756718477237,0.20327507466818967,1061,svm_iris,ALM (rho=1),0.0681092505431743
0.6080458874878758,0.0266080929598711,0.026072217356503724,0.006019023643956059,0.0,-0.010981916498168376,0.0931052348843518,0.1982158518048128,1129,svm_iris,ALM (rho=1),0.06617435833878799
0.611124642645734,0.022216383050864597,0.018925117946135606,0.005151837973450011,0.0,-0.007903161340310216,0.09071390840932209,0.19383324806462082,1200,svm_iris,ALM (rho=1),0.06447472785871664
0.613569991225067,0.01830071255899668,0.012261571842906993,0.004337302870968098,0.0,-0.005457812760977232,0.08856086699603377,0.1898367447548626,1277,svm_iris,ALM (rho=1),0.06294445800677798
0.6151984779734845,0.015052482982654491,0.010696746309427962,0.00363403198867163,0.0,-0.0038293260125596973,0.08670502524211082,0.18622730977619156,1358,svm_iris,ALM (rho=1),0.06162542221467964
0.6162482621191326,0.012353927287042543,0.00960600590111138,0.003030209830689553,0.0,-0.002779541866911539,0.08513718764180339,0.18283885556261065,1444,svm_iris,ALM (rho=1),0.06051108479521402
0.616876934956333,0.00984786684304595,0.008220840220880099,0.0024485248321254247,0.0,-0.0021508690297111777,0.08389551231184478,0.17952356816142692,1536,svm_iris,ALM (rho=1),0.05962856655306388
0.6171981276947709,0.0073385706622737246,0.006664265795554347,0.0018449082097460245,0.0,-0.0018296762912732856,0.08277593608316053,0.17618699686060618,1634,svm_iris,ALM (rho=1),0.05883283000144499
0.617344341820455,0.0049694566053493094,0.0051962203761444226,0.0013097492427196283,0.0,-0.0016834621655892335,0.0815026305107786,0.17275903623198707,1738,svm_iris,ALM (rho=1),0.057927830628141885
0.617437131353148,0.004702108450971965,0.006252243174907357,0.0015378712886854578,0.0,-0.0015906726328961396,0.07990852167172652,0.16916075437131703,1849,svm_iris,ALM (rho=1),0.056794820978604
0.6175203091427374,0.005129273838966775,0.006654317308494639,0.0016873125597732341,0.0,-0.0015074948433068114,0.07801106270062524,0.16541028099343744,1966,svm_iris,ALM (rho=1),0.055446205833142324
0.6176329773297933,0.0052761321128649286,0.006401578145695697,0.001746933973951251,0.0,-0.0013948266562509026,0.07586720073211639,0.16145825563707955,2091,svm_iris,ALM (rho=1),0.05392246025310891
0.617822770103751,0.005193799087005457,0.005764418238293378,0.0017315815897301988,0.0,-0.001205033882293205,0.07357443123468888,0.15733523357702753,2224,svm_iris,ALM (rho=1),0.05229287894654253
0.6181064820406945,0.004931915303081458,0.004993488447479322,0.001655930636303918,0.0,-0.0009213219453496624,0.07121033229574714,0.15304480678257235,2366,svm_iris,ALM (rho=1),0.05061260038295585
0.6182749206753448,0.004634490082917608,0.005191638928037368,0.0015669788431102109,0.0,-0.0007528833106993371,0.06885599752527488,0.14864677507388985,2516,svm_iris,ALM (rho=1),0.04893926168246046
0.6182909986239835,0.004355626325818984,0.005305887511950158,0.0014829710390094296,0.0,-0.0007368053620606663,0.06649594501673911,0.14410412278157245,2676,svm_iris,ALM (rho=1),0.04726185911114221
0.6182451291776119,0.004070136910832911,0.005245243937541444,0.0013953968188601905,0.0,-0.0007826748084323043,0.06413064908275579,0.13940493470490437,2847,svm_iris,ALM (rho=1),0.04558072978573843
0.6183786538700192,0.003775307299628161,0.005096505551188291,0.0013030986858668543,0.0,-0.0006491501160249546,0.0618048503860838,0.13459338333826215,3028,svm_iris,ALM (rho=1),0.04392767304227356
0.6186010092170525,0.003525303245527023,0.004560794864504281,0.0012249413766177795,0.0,-0.00042679476899165625,0.059497249786906126,0.12966471091768017,3220,svm_iris,ALM (rho=1),0.042287550559982824
0.6186867266620072,0.0032259372678614673,0.0040665759689077485,0.0011282285005914238,0.0,-0.0003410773240369869,0.057231805296415306,0.12459931069844588,3425,svm_iris,ALM (rho=1),0.04067739044711071
0.6186553758981237,0.003082157084343784,0.0038379374014289036,0.0010848711273562875,0.0,-0.00037242808792048443,0.05498408507131791,0.11942876411823618,3643,svm_iris,ALM (rho=1),0.039079827820200516
0.6185941377388728,0.0030223296347287043,0.003709859815206995,0.0010708332723776942,0.0,-0.00043366624717133817,0.052661217223525125,0.11415940331219412,3875,svm_iris,ALM (rho=1),0.0374288541716788
0.6185555300031051,0.002957399830294749,0.0036119727030596294,0.001054973372428496,0.0,-0.000472273982939031,0.05024517600902667,0.10882415508246329,4121,svm_iris,ALM (rho=1),0.03571165774026341
0.6185560322672862,0.0028545059747212553,0.003494803446636774,0.0010254113173309791,0.0,-0.0004717717187580073,0.04774296414431756,0.103415378185547,4383,svm_iris,ALM (rho=1),0.03393321569261161
0.6185843866968219,0.002710104983173589,0.003335444770516338,0.0009804504786794196,0.0,-0.00044341728922225876,0.04519262796360701,0.0979515936657967,4662,svm_iris,ALM (rho=1),0.03212056938420216
0.618619982280131,0.002543481034159578,0.003143409453309376,0.0009266843535957709,0.0,-0.00040782170591313616,0.04263141668658671,0.0924531253814388,4959,svm_iris,ALM (rho=1),0.03030019362297445
0.6186486704594052,0.002376912411560239,0.0029413163864613345,0.0008720409009617436,0.0,-0.00037913352663898614,0.040088762442015036,0.086958739281148,5274,svm_iris,ALM (rho=1),0.02849300723521737
0.618668349685156,0.002220580467325095,0.0027454796127759917,0.0008202955723026678,0.0,-0.000359454300888129,0.037562536769340515,0.08147319601327047,5609,svm_iris,ALM (rho=1),0.026697497421877048
0.6186842671114927,0.00207291396918563,0.002559716667032863,0.0007709590910212243,0.0,-0.0003435368745514644,0.035048010109504646,0.07600745512199769,5966,svm_iris,ALM (rho=1),0.02491030265836992
0.6187016102026252,0.0019283101312916884,0.0023799772989416823,0.0007219886964184146,0.0,-0.0003261937834190265,0.03255321976590164,0.07059170186304506,6346,svm_iris,ALM (rho=1),0.02313713544191
0.6187215849318408,0.0017841828715191577,0.0022024868845304524,0.0006724052111023086,0.0,-0.0003062190542033605,0.030098338599070518,0.06526917209806317,6749,svm_iris,ALM (rho=1),0.021392333592531627
0.6187428338498335,0.0016406721468151808,0.0020258643603393023,0.0006222842729660307,0.0,-0.00028497013621064937,0.027682276518667392,0.06003189028339131,7179,svm_iris,ALM (rho=1),0.019675122330716475
0.6187638523112639,0.0015009357348879648,0.0018534109474384053,0.0005728112761057588,0.0,-0.0002639516747803272,0.02533234700795378,0.054936332780964665,7635,svm_iris,ALM (rho=1),0.018004914659729858
0.6187845356769082,0.0013654933228067767,0.0016860545389755788,0.0005242416552374997,0.0,-0.00024326830913601327,0.02304738930438832,0.04998076170432398,8121,svm_iris,ALM (rho=1),0.016380885569931298
0.6188050154704026,0.0012351857995519522,0.0015251148940094161,0.00047693241155469734,0.0,-0.00022278851564161428,0.02084645738576213,0.04520761777946815,8637,svm_iris,ALM (rho=1),0.014816577637693597
0.6188253137133051,0.0011098822881305814,0.0013704162562676592,0.0004308975319664695,0.0,-0.0002024902727391087,0.01873131157227731,0.0406207641206446,9187,svm_iris,ALM (rho=1),0.013313242007058114
0.6188451121423637,0.0009906811367933477,0.0012232416816466696,0.00038661194960263755,0.0,-0.00018269184368047142,0.016719834458089222,0.03625870475405523,9771,svm_iris,ALM (rho=1),0.011883588695835706
0.618864285427996,0.0008777819171403856,0.001083836621316725,0.0003442256799096098,0.0,-0.00016351855804819238,0.014814469016782406,0.03212671168097677,10393,svm_iris,ALM (rho=1),0.010529354042585596
0.6188826559722966,0.000771875670777411,0.0009530687032615059,0.00030407380293254015,0.0,-0.0001451480137475425,0.01302703095921276,0.028250463361708233,11054,svm_iris,ALM (rho=1),0.009258936040021912
0.618900105273049,0.0006732222096762497,0.0008312574291623465,0.0002663310217146723,0.0,-0.00012769871299522784,0.011362047280862764,0.024639775865664664,11757,svm_iris,ALM (rho=1),0.00807555224107417
0.618916495822717,0.0005821734133000245,0.0007188353924605373,0.00023120612348717689,0.0,-0.00011130816332716176,0.00982541017238231,0.02130741916982032,12504,svm_iris,ALM (rho=1),0.006983390508389954
0.6189317712320573,0.000498662890332402,0.0006157212069951012,0.00019874332446057454,0.0,-9.603275398684108e-05,0.008415991965507352,0.01825094973676904,13300,svm_iris,ALM (rho=1),0.005981649354019795
0.6189458116449661,0.00042299740868034785,0.0005222936894800911,0.0001691268342645067,0.0,-8.19923410780854e-05,0.007138976862299529,0.015481610341867978,14146,svm_iris,ALM (rho=1),0.005074013439146852
0.6189585661852958,0.0003551329544680959,0.0004384984314433904,0.00014239937854833794,0.0,-6.923780074841179e-05,0.00599362054800312,0.01299778660264337,15045,svm_iris,ALM (rho=1),0.004259953743556281
0.6189700314346236,0.00029481152460864024,0.00036401688305653934,0.00011851213646268775,0.0,-5.777255142058735e-05,0.004975568681930609,0.010790035744996668,16002,svm_iris,ALM (rho=1),0.00353637542836665
0.618980197532943,0.00024184923104164646,0.0002986219869732243,9.743784820585013e-05,0.0,-4.760645310120104e-05,0.004081717844530874,0.008851627675108173,17020,svm_iris,ALM (rho=1),0.0029010727443769973
0.6189890838129151,0.00019594685700674574,0.00024194428705009985,7.909619036562863e-05,0.0,-3.8720173129114244e-05,0.003307018092330416,0.007171611067426363,18102,svm_iris,ALM (rho=1),0.002350456454425512
0.6189967548084516,0.00015660959053209744,0.0001933728170261384,6.332122580836239e-05,0.0,-3.104917759255699e-05,0.0026431184314621436,0.005731875927616655,19254,svm_iris,ALM (rho=1),0.001878591106425829
0.619003265231084,0.0001234286303120058,0.0001524028117561027,4.997444271793871e-05,0.0,-2.453875496022384e-05,0.0020831194733083036,0.0045174602171707675,20478,svm_iris,ALM (rho=1),0.0014805729738014903
0.619008715251348,9.579428817896307e-05,0.00011828146218456626,3.883038006932499e-05,0.0,-1.90887346961377e-05,0.0016167314393238374,0.00350604948615605,21781,svm_iris,ALM (rho=1),0.0011490886171576723
0.6190131959686778,7.317050151156579e-05,9.034686798242708e-05,2.9687727367124768e-05,0.0,-1.460801736641315e-05,0.0012349071377252274,0.002678023962645955,23166,svm_iris,ALM (rho=1),0.0008777077631398657
0.6190168187019078,5.4941218374793266e-05,6.783836246493369e-05,2.2308398689354426e-05,0.0,-1.0985284136344475e-05,0.0009272493877213184,0.002010836283804264,24639,svm_iris,ALM (rho=1),0.0006590406364229589
0.6190196952592459,4.0506013496588444e-05,5.001457388237318e-05,1.6456978923073743e-05,0.0,-8.108726798239374e-06,0.0006836247415850094,0.001482511019245245,26206,svm_iris,ALM (rho=1),0.0004858849094264084
0.6190219354501569,2.928820852432512e-05,3.616345185902814e-05,1.1904899871876243e-05,0.0,-5.8685358872434534e-06,0.0004943005310892312,0.0010719418704178258,27873,svm_iris,ALM (rho=1),0.00035132310779283126
0.6190236443478949,2.0744899058233734e-05,2.5614648223371006e-05,8.435256491161265e-06,0.0,-4.159638149259237e-06,0.000350114095008236,0.0007592586579578815,29646,svm_iris,ALM (rho=1),0.00024884288849401115
0.6190249202406233,1.4374200661970704e-05,1.774846396701557e-05,5.846359162354841e-06,0.0,-2.883745420900752e-06,0.00024259507082302623,0.0005260925239130848,31532,svm_iris,ALM (rho=1),0.00017242395841444478
0.619025850802476,9.732021622022025e-06,1.2016559330030319e-05,3.959027359141411e-06,0.0,-1.9531835682151666e-06,0.0001642484705821623,0.0003561898110466982,33537,svm_iris,ALM (rho=1),0.00011673926994977858
0.619026513754076,6.42701183262151e-06,7.93571695639761e-06,2.6148939581481914e-06,0.0,-1.290231968154032e-06,0.0001084694326607405,0.0002352271932080119,35670,svm_iris,ALM (rho=1),7.709443099104693e-05
0.6190269740071983,4.133576440912279e-06,5.103910419024249e-06,1.6819468584227498e-06,0.0,-8.299788458732138e-07,6.976285451509856e-05,0.00015128797169116381,37939,svm_iris,ALM (rho=1),4.958380846311321e-05
0.619027284857992,2.5851030124313112e-06,3.191941504054885e-06,1.0519426000130902e-06,0.0,-5.191280522121033e-07,4.362908680283217e-05,9.461419110495925e-05,40352,svm_iris,ALM (rho=1),3.1009285650488615e-05
0.6190274888213667,1.5692944134171327e-06,1.937677510055469e-06,6.38611763920023e-07,0.0,-3.151646774668393e-07,2.6485165906253716e-05,5.7435823944890826e-05,42918,svm_iris,ALM (rho=1),1.8824278371884007e-05
0.6190276186255337,9.229133037802484e-07,1.139562046614806e-06,3.7558222832981034e-07,0.0,-1.8536051049622415e-07,1.5576116107141047e-05,3.3778420178232954e-05,45647,svm_iris,ALM (rho=1),1.1070693179398825e-05
0.6190276986191581,5.246063443653526e-07,6.477547531136274e-07,2.1349359002950593e-07,0.0,-1.0536688610507383e-07,8.853842817679869e-06,1.9200474677393938e-05,48551,svm_iris,ALM (rho=1),6.292850966116018e-06
0.6190277461975835,2.877146740853931e-07,3.5525408664804914e-07,1.1708940005708993e-07,0.0,-5.778846068338339e-08,4.85579430237193e-06,1.0530292603902953e-05,51639,svm_iris,ALM (rho=1),3.4512460291167894e-06
0.619027773477846,1.518911874054396e-07,1.875467950385179e-07,6.18145328900278e-08,0.0,-3.05081981899491e-08,2.5634853917377853e-06,5.559183437820956e-06,54923,svm_iris,ALM (rho=1),1.8219920836869658e-06
0.6190277885216229,7.69922487986463e-08,9.506575021633878e-08,3.1333316696174277e-08,0.0,-1.5464421299071773e-08,1.299407222932203e-06,2.8178990736178145e-06,58416,svm_iris,ALM (rho=1),9.235510689074786e-07
0.6190277964785471,3.737722653607278e-08,4.615132254137677e-08,1.5211328654318514e-08,0.0,-7.507497068459656e-09,6.308198352567018e-07,1.3679981128986787e-06,62131,svm_iris,ALM (rho=1),4.483539285126504e-07
0.619027800505602,1.732788601493951e-08,2.139551047442012e-08,7.051897977455494e-09,0.0,-3.480442156700292e-09,2.924447657925988e-07,6.341967470630791e-07,66083,svm_iris,ALM (rho=1),2.07854528801741e-07
0.6190278024494147,7.650324373997819e-09,9.446195214923847e-09,3.1134397228227252e-09,0.0,-1.5366294903174094e-09,1.2911541752425038e-07,2.8000014811469893e-07,70286,svm_iris,ALM (rho=1),9.176852318695974e-08
0.6190278033419527,3.206698573343658e-09,3.959452321566914e-09,1.3050249988240582e-09,0.0,-6.440914468441861e-10,5.411983045044977e-08,1.1736445459440755e-07,74756,svm_iris,ALM (rho=1),3.846556058755435e-08
0.6190278037305763,1.2718760489249803e-09,1.5704411659989148e-09,5.176134065831615e-10,0.0,-2.5546786908137165e-10,2.1465582589197396e-08,4.6550338005232e-08,79510,svm_iris,ALM (rho=1),1.525661963017222e-08
0.6190278038905177,4.755907889730793e-10,5.872335950840579e-10,1.9355044601802055e-10,0.0,-9.55264756186125e-11,8.026602604793709e-09,1.7406518247921736e-08,84567,svm_iris,ALM (rho=1),5.704891649459114e-09
0.6190278039524926,1.6703971539300255e-10,2.0625190444434338e-10,6.797989485991104e-11,0.0,-3.3551605937987006e-11,2.819151356803218e-09,6.1136214023268966e-09,89946,svm_iris,ALM (rho=1),2.0037061538816963e-09
0.6190278039750161,5.490363719218294e-11,6.779155015124161e-11,2.2344048493657216e-11,0.0,-1.1028067348206605e-11,9.266112876993304e-10,2.009452377241653e-09,95666,svm_iris,ALM (rho=1),6.585871081163769e-10
0.6190278039826678,1.6808665570522408e-11,2.0754453711191445e-11,6.840596696719749e-12,0.0,-3.376410262490026e-12,2.836870183209328e-10,6.152051075624222e-10,101751,svm_iris,ALM (rho=1),2.0162997740943208e-10
0.6190278039850845,4.775069228912798e-12,5.8916760359295495e-12,1.9433025586216683e-12,0.0,-9.596767824859853e-13,8.056449951610034e-11,1.747131047229954e-10,108222,svm_iris,ALM (rho=1),5.726105591147129e-11
0.6190278039857897,1.255884285455977e-12,1.5457080060343742e-12,5.111052905449932e-13,0.0,-2.544631172440859e-13,2.1103008229772513e-11,4.576480625897285e-11,115105,svm_iris,ALM (rho=1),1.4998920633817813e-11
0.6190278039859843,3.0320190802513025e-13,3.7375658124005895e-13,1.2339361284771654e-13,0.0,-5.984102102729594e-14,5.0692228192872335e-12,1.099105251151222e-11,122426,svm_iris,ALM (rho=1),3.602939918033052e-12
0.6190278039860311,6.694644838489694e-14,7.938094626069869e-14,2.7245092840679166e-14,0.0,-1.3100631690576847e-14,1.121713832930027e-12,2.4370542416681223e-12,130212,svm_iris,ALM (rho=1),7.97255849535079e-13
0.6190278039860402,1.7985612998927536e-14,2.5424107263916085e-14,7.319577181094097e-15,0.0,-3.9968028886505635e-15,2.258748743599881e-13,4.917250939444911e-13,138493,svm_iris,ALM (rho=1),1.605401124243201e-13
0.6190278039860423,8.43769498715119e-15,2.4313884239290928e-14,3.4338757145887085e-15,0.0,-1.887379141862766e-15,6.533662499919046e-14,1.3753025998237152e-13,147302,svm_iris,ALM (rho=1),4.6437874741564207e-14
0.6190278039860423,8.43769498715119e-15,2.4313884239290928e-14,3.4338757145887085e-15,0.0,-1.887379141862766e-15,6.533662499919046e-14,1.3753025998237152e-13,156670,svm_iris,ALM (rho=1),4.6437874741564207e-14
0.6190278039860423,8.43769498715119e-15,2.4313884239290928e-14,3.4338757145887085e-15,0.0,-1.887379141862766e-15,6.533662499919046e-14,1.3753025998237152e-13,166634,svm_iris,ALM (rho=1),4.6437874741564207e-14
0.6190278039860423,8.43769498715119e-15,2.4313884239290928e-14,3.4338757145887085e-15,0.0,-1.887379141862766e-15,6.533662499919046e-14,1.3753025998237152e-13,177232,svm_iris,ALM (rho=1),4.6437874741564207e-14
0.6190278039860423,8.43769498715119e-15,2.4313884239290928e-14,3.4338757145887085e-15,0.0,-1.887379141862766e-15,6.533662499919046e-14,1.3753025998237152e-13,188504,svm_iris,ALM (rho=1),4.6437874741564207e-14
0.6190278039860423,8.43769498715119e-15,2.4313884239290928e-14,3.4338757145887085e-15,0.0,-1.887379141862766e-15,6.533662499919046e-14,1.3753025998237152e-13,200493,svm_iris,ALM (rho=1),4.6437874741564207e-14
0.6190278039860423,8.43769498715119e-15,2.4313884239290928e-14,3.4338757145887085e-15,0.0,-1.887379141862766e-15,6.533662499919046e-14,1.3753025998237152e-13,213245,svm_iris,ALM (rho=1),4.6437874741564207e-14
0.0,1.0,0.0,0.0,0.0,-0.6190278039860442,0.4069684575963365,1.0,0,svm_iris,nuPI (rho=0),1.0
0.1546582474622608,0.6642114815499084,0.0,0.0021803563812192437,0.003282623745273836,-0.46436955652378337,0.40368583385106266,0.9912858385526061,1,svm_iris,nuPI (rho=0),0.6642114815499084
0.005929656483873743,0.9756818323291944,0.01984412690445837,0.0037999081824556633,0.0,-0.6130981475021704,0.4026760471257948,0.9896939858279005,2,svm_iris,nuPI (rho=0),0.9756818323291944
0.5008522974578065,0.3672311234720298,0.006881107270478435,0.010918911652316501,0.005069143538273163,-0.11817550652823772,0.3990945153593979,0.9809247787928457,3,svm_iris,nuPI (rho=0),0.3672311234720298
0.003340279218969119,1.0700095766984519,0.030190422232875817,0.006215993044513615,0.0,-0.6156875247670751,0.3997195852520023,0.9832428939051588,4,svm_iris,nuPI (rho=0),1.0700095766984519
1.0795944283034051,0.08384988074571353,0.001672870720215127,0.03234907874564759,0.00687898245462816,0.46056662431736095,0.3953147797615066,0.9747582159770565,5,svm_iris,nuPI (rho=0),0.2809691842252541
0.00153042055333433,1.1325632006879751,0.028333481023585433,0.007872656684325546,0.0,-0.6174973834327099,0.3978370359683663,0.9806387389683825,6,svm_iris,nuPI (rho=0),1.1325632006879751
1.9194215268848616,0.0,0.009413971292183656,0.06694841026870926,0.00844237374976264,1.3003937228988174,0.3925036806754507,0.9744369175188209,7,svm_iris,nuPI (rho=0),0.2789712012066025
0.0009769535782460338,1.1679632175498764,0.025753841429146537,0.00884267338127619,0.0,-0.6180508504077982,0.3969023503529057,0.982220806461046,8,svm_iris,nuPI (rho=0),1.1679632175498764
3.0176212274286196,0.0,0.01648295282765439,0.11440368265768604,0.008750871276222507,2.398593423442575,0.39065771759640683,0.9805158009727956,9,svm_iris,nuPI (rho=0),0.27765918666279565
0.0010749034523069483,1.1938008633839492,0.027371842161836725,0.008998395556386127,0.0,-0.6179529005337372,0.39689514286803934,0.9842660270214247,10,svm_iris,nuPI (rho=0),1.1938008633839492
4.3456660457044975,0.0,0.01894212203780422,0.17306237829159216,0.010218351579744609,3.7266382417184536,0.38982524199642965,0.9890931122969917,11,svm_iris,nuPI (rho=0),0.2770675063052989
0.0007926482347324151,1.1872762438472373,0.02366515535480722,0.0086744358628086,0.0,-0.6182351557513117,0.39786310819738185,0.9854483268299103,12,svm_iris,nuPI (rho=0),1.1872762438472373
5.889164029497659,0.0,0.022986663295426618,0.24209274016399807,0.01186445081831554,5.270136225511615,0.38984638780477304,0.9985704123565396,13,svm_iris,nuPI (rho=0),0.27708253564602736
0.00042255352279359833,1.1633516314675127,0.017521243238200233,0.007937714735566493,0.0,-0.6186052504632505,0.3996295693528812,0.987790701741231,14,svm_iris,nuPI (rho=0),1.1633516314675127
7.643367733793087,0.0,0.025326571423709667,0.32183854820819147,0.01079476134407342,7.024339929807043,0.39061701680072947,1.0108038897018297,15,svm_iris,nuPI (rho=0),0.27763025865417
0.00021955945112576606,1.1367987852949741,0.01258827150470242,0.0066497578006234894,0.0,-0.6188082445349185,0.40209442583129784,0.9911554074293052,16,svm_iris,nuPI (rho=0),1.1367987852949741
9.596270170828177,0.0,0.024467117434958954,0.4117891878852649,0.011253598226586925,8.977242366842132,0.3921156429291092,1.0255201743212696,17,svm_iris,nuPI (rho=0),0.27869540415923694
7.234358422029842e-05,1.1042144066956856,0.0070407771374722174,0.004765692921159829,0.0,-0.6189554604018239,0.40525072563271447,0.9955298981137933,18,svm_iris,nuPI (rho=0),1.1042144066956856
11.740055576029388,0.0,0.02249400857920298,0.511385590955034,0.012402094259155635,11.121027772043343,0.3942908466988674,1.04252899056906,19,svm_iris,nuPI (rho=0),0.28024142586143935
9.03541951800725e-06,1.0706574406252627,0.002379849620186159,0.002211539870102172,0.0,-0.6190187685665262,0.4069684575963365,0.9987641494560014,20,svm_iris,nuPI (rho=0),1.0706574406252627
14.063715434937738,0.0,0.019043739637104498,0.6201056556388539,0.011922317279793577,13.444687630951693,0.3950461403165429,1.0596422070077576,21,svm_iris,nuPI (rho=0),0.28077824928032813
16.551684233523684,0.0,0.0144099049555882,0.737158114621004,0.011975239934040573,15.932656429537639,0.3941392848212257,1.0759557611794124,23,svm_iris,nuPI (rho=0),0.2801337035618928
0.0,1.0296759371143316,0.0,0.0,0.0,-0.6190278039860442,0.4069684575963365,1.0,24,svm_iris,nuPI (rho=0),1.0296759371143316
0.0,1.0199812789858895,0.0,0.0,0.0,-0.6190278039860442,0.4069684575963365,1.0,26,svm_iris,nuPI (rho=0),1.0199812789858895
21.95905992648283,0.0,0.006527591726635321,0.9928399564074568,0.01347132866481548,21.340032122496787,0.39248524402048174,1.1090366223301182,27,svm_iris,nuPI (rho=0),0.27895809739118327
24.857685485618152,0.0,0.004395122823514341,1.1303575069296288,0.014190133248156387,24.23865768163211,0.3916918426007253,1.1267096316594551,29,svm_iris,nuPI (rho=0),0.2783941889286497
27.87326632246925,0.0,0.0029593004906405054,1.2737531368290254,0.014889006874239413,27.254238518483206,0.39092002453199953,1.1449986474803335,31,svm_iris,nuPI (rho=0),0.27784562078942904
30.996649685031386,0.0,0.0019925403095946287,1.4225855309972963,0.015569855782284463,30.377621881045343,0.3901677209437241,1.1638098267452779,33,svm_iris,nuPI (rho=0),0.27731092252791956
34.219133005189434,0.0,0.00134160653773506,1.5764285036581576,0.01623431397140014,33.60010520120339,0.3894332346787176,1.1830576229224004,35,svm_iris,nuPI (rho=0),0.27678888789306977
0.0,1.0018617937906191,0.0,0.0,0.0,-0.6190278039860442,0.4069684575963365,1.0,38,svm_iris,nuPI (rho=0),1.0018617937906191
0.0,1.0012535729939172,0.0,0.0,0.0,-0.6190278039860442,0.4069684575963365,1.0,40,svm_iris,nuPI (rho=0),1.0012535729939172
47.94067824832868,0.0,0.00027573847259658446,2.2340360145436207,0.018749119095143707,47.32165044434264,0.386651925680395,1.2629685165544755,43,svm_iris,nuPI (rho=0),0.2748120781193282
51.54253539624029,0.0,0.00018565874715852082,2.4071909230052917,0.01934537920183706,50.923507592254246,0.38599230496461223,1.2833735598218832,45,svm_iris,nuPI (rho=0),0.27434325402293747
0.0,1.0002576450642493,0.0,0.0,0.0,-0.6190278039860442,0.4069684575963365,1.0,48,svm_iris,nuPI (rho=0),1.0002576450642493
62.65591150160963,0.0,5.667213384255576e-05,2.9425067167391914,0.021062947369040505,62.03688369762359,0.3840920833554993,1.3448522042310334,51,svm_iris,nuPI (rho=0),0.27299267533806826
70.26459668699286,0.0,2.5692458576795363e-05,3.3097669175541613,0.022151553121920242,69.64556888300682,0.38288765664321917,1.3856987164288983,55,svm_iris,nuPI (rho=0),0.27213663147597783
0.0,1.0000356543132956,0.0,0.0,0.0,-0.6190278039860442,0.4069684575963365,1.0,58,svm_iris,nuPI (rho=0),1.0000356543132956
0.0,1.0000161639752134,0.0,0.0,0.0,-0.6190278039860442,0.4069684575963365,1.0,62,svm_iris,nuPI (rho=0),1.0000161639752134
0.0,1.0000073279799915,0.0,0.0,0.0,-0.6190278039860442,0.4069684575963365,1.0,66,svm_iris,nuPI (rho=0),1.0000073279799915
0.0,1.0000033221586846,0.0,0.0,0.0,-0.6190278039860442,0.4069684575963365,1.0,70,svm_iris,nuPI (rho=0),1.0000033221586846
0.0,1.000001506109225,0.0,0.0,0.0,-0.6190278039860442,0.4069684575963365,1.0,74,svm_iris,nuPI (rho=0),1.000001506109225
117.1431067003618,0.0,2.23060291126842e-07,5.581460836933287,0.027841828831343996,116.52407889637576,0.376591825350259,1.6180172528385641,79,svm_iris,nuPI (rho=0),0.2676618820535807
0.0,1.0000002084234927,0.0,0.0,0.0,-0.6190278039860442,0.4069684575963365,1.0,84,svm_iris,nuPI (rho=0),1.0000002084234927
0.0,1.0000000636210284,0.0,0.0,0.0,-0.6190278039860442,0.4069684575963365,1.0,90,svm_iris,nuPI (rho=0),1.0000000636210284
147.7146054005851,0.0,9.422511521028909e-09,7.068298858382464,0.030943468284362466,147.09557759659904,0.3731600968184673,1.7548337980510393,95,svm_iris,nuPI (rho=0),0.2652227879052624
158.7689927915378,0.0,2.876212046309945e-09,7.606636389813262,0.031984478989513544,158.14996498755175,0.372008297453016,1.801983948318127,101,svm_iris,nuPI (rho=0),0.2644041488240288
0.0,1.0000000018094872,0.0,0.0,0.0,-0.6190278039860442,0.4069684575963365,1.0,108,svm_iris,nuPI (rho=0),1.0000000018094872
183.43515644373278,0.0,1.8044654659377102e-10,8.808942601615495,0.03418383170745814,182.81612863974672,0.36957488052009363,1.9033253538589407,115,svm_iris,nuPI (rho=0),0.2626746026357087
0.0,1.000000000113489,0.0,0.0,0.0,-0.6190278039860442,0.4069684575963365,1.0,122,svm_iris,nuPI (rho=0),1.000000000113489
0.0,1.0000000000232967,0.0,0.0,0.0,-0.6190278039860442,0.4069684575963365,1.0,130,svm_iris,nuPI (rho=0),1.0000000000232967
0.0,1.0000000000047582,0.0,0.0,0.0,-0.6190278039860442,0.4069684575963365,1.0,138,svm_iris,nuPI (rho=0),1.0000000000047582
232.9644753291626,0.0,3.230471445903049e-13,11.226756241818848,0.03819187536722947,232.34544752517655,0.3651402842677145,2.093066561841764,147,svm_iris,nuPI (rho=0),0.2595227222730493
0.0,1.0000000000000961,0.0,0.0,0.0,-0.6190278039860442,0.4069684575963365,1.0,156,svm_iris,nuPI (rho=0),1.0000000000000961
0.0,1.0000000000000226,0.0,0.0,0.0,-0.6190278039860442,0.4069684575963365,1.0,166,svm_iris,nuPI (rho=0),1.0000000000000226
270.4323014315154,0.0,2.1649348980190553e-15,13.058224169776885,0.04094646903846226,269.8132736275293,0.36209253533862734,2.2265348279047443,177,svm_iris,nuPI (rho=0),0.2573565408546727
0.0,1.000000000000043,0.0,0.0,0.0,-0.6190278039860442,0.4069684575963365,1.0,188,svm_iris,nuPI (rho=0),1.000000000000043
0.0,1.0000000000000435,0.0,0.0,0.0,-0.6190278039860442,0.4069684575963365,1.0,200,svm_iris,nuPI (rho=0),1.0000000000000435
305.05942679229366,0.0,4.163336342344337e-16,14.75229357055544,0.04332685013475223,304.4403989883076,0.3594588242353156,2.3435036943246006,213,svm_iris,nuPI (rho=0),0.2554846359877994
315.90826352466115,0.0,6.38378239159465e-16,15.283301236993344,0.04404450887240241,315.2892357206751,0.35866478928491047,2.3790296387724035,227,svm_iris,nuPI (rho=0),0.2549202772446321
325.49390627995416,0.0,1.6653345369377348e-16,15.752570386732272,0.044668417317347976,324.8748784759681,0.35797448192132736,2.410005506379679,241,svm_iris,nuPI (rho=0),0.25442964267506796
335.065259345305,0.0,4.163336342344337e-16,16.22122022059157,0.04528229460483422,334.4462315413189,0.3572952732724924,2.4405624986957637,257,svm_iris,nuPI (rho=0),0.25394689649467717
343.3309686787576,0.0,3.3306690738754696e-16,16.626002666427347,0.04580541198680935,342.7119408747715,0.3567164835739056,2.4666614881889126,273,svm_iris,nuPI (rho=0),0.25353552288110265
0.0,1.0000000000000455,0.0,0.0,0.0,-0.6190278039860442,0.4069684575963365,1.0,290,svm_iris,nuPI (rho=0),1.0000000000000455
357.9739368774985,0.0,4.718447854656915e-16,17.34322197310768,0.04671690218996762,357.35490907351243,0.35570798881129834,2.5122629187500305,309,svm_iris,nuPI (rho=0),0.2528187372579692
0.0,1.000000000000049,0.0,0.0,0.0,-0.6190278039860442,0.4069684575963365,1.0,328,svm_iris,nuPI (rho=0),1.000000000000049
369.31951065211956,0.0,3.3306690738754696e-16,17.899045796226392,0.04741038782634212,368.7004828481335,0.35494069956364244,2.54706047041888,349,svm_iris,nuPI (rho=0),0.2522733879692106
0.0,1.000000000000049,0.0,0.0,0.0,-0.6190278039860442,0.4069684575963365,1.0,372,svm_iris,nuPI (rho=0),1.000000000000049
377.9415177051918,0.0,5.551115123125783e-17,18.321503649658037,0.04793030247073411,377.32248990120576,0.35436545345122633,2.5732044667095657,395,svm_iris,nuPI (rho=0),0.25186453295237615
0.0,1.0000000000000504,0.0,0.0,0.0,-0.6190278039860442,0.4069684575963365,1.0,420,svm_iris,nuPI (rho=0),1.0000000000000504
383.9858462329226,0.0,1.942890293094024e-16,18.617692488538268,0.04829125267915124,383.36681842893654,0.35396608942790564,2.5913821960084134,447,svm_iris,nuPI (rho=0),0.2515806857764395
0.0,1.0000000000000506,0.0,0.0,0.0,-0.6190278039860442,0.4069684575963365,1.0,476,svm_iris,nuPI (rho=0),1.0000000000000506
0.0,1.0000000000000504,0.0,0.0,0.0,-0.6190278039860442,0.4069684575963365,1.0,506,svm_iris,nuPI (rho=0),1.0000000000000504
0.0,1.0000000000000504,0.0,0.0,0.0,-0.6190278039860442,0.4069684575963365,1.0,538,svm_iris,nuPI (rho=0),1.0000000000000504
390.38628461053634,0.0,0.0,18.931358882369715,0.04867038531256059,389.7672568065503,0.3535466079306806,2.6104991014322274,573,svm_iris,nuPI (rho=0),0.2512825401464076
391.15608894744423,0.0,2.498001805406602e-16,18.969086548650683,0.04871577495187243,390.5370611434582,0.35349638773811676,2.6127893603582972,609,svm_iris,nuPI (rho=0),0.25124684624560073
0.0,1.000000000000051,0.0,0.0,0.0,-0.6190278039860442,0.4069684575963365,1.0,648,svm_iris,nuPI (rho=0),1.000000000000051
392.13547893498827,0.0,3.885780586188048e-16,19.0170864554873,0.04877345778834067,391.5164511310022,0.3534325660554821,2.6157003920586757,689,svm_iris,nuPI (rho=0),0.25120148511309626
392.4201890786405,0.0,4.440892098500626e-16,19.031040219838598,0.04879021275830268,391.8011612746544,0.3534140279522795,2.6165460528434585,733,svm_iris,nuPI (rho=0),0.2511883091935492
392.61018520193903,0.0,3.3306690738754696e-16,19.04035203987341,0.048801390500793296,391.991157397953,0.3534016606281761,2.617110243899128,779,svm_iris,nuPI (rho=0),0.2511795191428294
392.73820871477926,0.0,2.498001805406602e-16,19.04662655982655,0.048808920781204586,392.1191809107932,0.35339332894416076,2.6174903425560974,829,svm_iris,nuPI (rho=0),0.2511735974151813
0.0,1.000000000000051,0.0,0.0,0.0,-0.6190278039860442,0.4069684575963365,1.0,882,svm_iris,nuPI (rho=0),1.000000000000051
0.0,1.0000000000000506,0.0,0.0,0.0,-0.6190278039860442,0.4069684575963365,1.0,938,svm_iris,nuPI (rho=0),1.0000000000000506
0.0,1.0000000000000506,0.0,0.0,0.0,-0.6190278039860442,0.4069684575963365,1.0,998,svm_iris,nuPI (rho=0),1.0000000000000506
392.9162090859515,0.0,4.996003610813204e-16,19.055350497778456,0.04881938863672026,392.29718128196544,0.3533817470561419,2.6180187336533067,1061,svm_iris,nuPI (rho=0),0.25116536561157804
392.9257826587101,0.0,2.7755575615628914e-17,19.05581970668872,0.0488199515727082,392.30675485472403,0.35338112421017653,2.618047149754864,1129,svm_iris,nuPI (rho=0),0.25116492292506154
0.0,1.000000000000051,0.0,0.0,0.0,-0.6190278039860442,0.4069684575963365,1.0,1200,svm_iris,nuPI (rho=0),1.000000000000051
392.9333758284988,0.0,1.942890293094024e-16,19.056191854414926,0.04882039805407494,392.31434802451275,0.35338063021241506,2.618069687451404,1277,svm_iris,nuPI (rho=0),0.25116457181714663
0.0,1.0000000000000508,0.0,0.0,0.0,-0.6190278039860442,0.4069684575963365,1.0,1358,svm_iris,nuPI (rho=0),1.0000000000000508
0.0,1.0000000000000506,0.0,0.0,0.0,-0.6190278039860442,0.4069684575963365,1.0,1444,svm_iris,nuPI (rho=0),1.0000000000000506
0.0,1.0000000000000506,0.0,0.0,0.0,-0.6190278039860442,0.4069684575963365,1.0,1536,svm_iris,nuPI (rho=0),1.0000000000000506
0.0,1.0000000000000508,0.0,0.0,0.0,-0.6190278039860442,0.4069684575963365,1.0,1634,svm_iris,nuPI (rho=0),1.0000000000000508
0.0,1.0000000000000504,0.0,0.0,0.0,-0.6190278039860442,0.4069684575963365,1.0,1738,svm_iris,nuPI (rho=0),1.0000000000000504
392.9356067176086,0.0,0.0,19.05630119219975,0.04882052923041117,392.31657891362255,0.3533804850757503,2.6180763090383876,1849,svm_iris,nuPI (rho=0),0.25116446866155423
0.0,1.0000000000000508,0.0,0.0,0.0,-0.6190278039860442,0.4069684575963365,1.0,1966,svm_iris,nuPI (rho=0),1.0000000000000508
392.93561340810544,0.0,8.326672684688674e-17,19.05630152010673,0.04882052962381191,392.3165856041194,0.35338048464048216,2.6180763288966817,2091,svm_iris,nuPI (rho=0),0.25116446835218825
0.0,1.0000000000000506,0.0,0.0,0.0,-0.6190278039860442,0.4069684575963365,1.0,2224,svm_iris,nuPI (rho=0),1.0000000000000506
0.0,1.0000000000000502,0.0,0.0,0.0,-0.6190278039860442,0.4069684575963365,1.0,2366,svm_iris,nuPI (rho=0),1.0000000000000502
0.0,1.000000000000051,0.0,0.0,0.0,-0.6190278039860442,0.4069684575963365,1.0,2516,svm_iris,nuPI (rho=0),1.000000000000051
0.0,1.000000000000051,0.0,0.0,0.0,-0.6190278039860442,0.4069684575963365,1.0,2676,svm_iris,nuPI (rho=0),1.000000000000051
392.935614060877,0.0,3.0531133177191805e-16,19.056301552099633,0.04882052966219485,392.31658625689096,0.35338048459801435,2.6180763308341954,2847,svm_iris,nuPI (rho=0),0.25116446832200434
0.0,1.0000000000000513,0.0,0.0,0.0,-0.6190278039860442,0.4069684575963365,1.0,3028,svm_iris,nuPI (rho=0),1.0000000000000513
0.0,1.000000000000051,0.0,0.0,0.0,-0.6190278039860442,0.4069684575963365,1.0,3220,svm_iris,nuPI (rho=0),1.000000000000051
392.9356140612134,0.0,2.498001805406602e-16,19.056301552116118,0.048820529662214646,392.31658625722736,0.3533804845979925,2.6180763308351946,3425,svm_iris,nuPI (rho=0),0.2511644683219888
392.9356140612134,0.0,8.326672684688674e-17,19.056301552116118,0.048820529662214646,392.31658625722736,0.3533804845979925,2.6180763308351946,3643,svm_iris,nuPI (rho=0),0.2511644683219888
392.9356140612134,0.0,8.326672684688674e-17,19.056301552116118,0.048820529662214646,392.31658625722736,0.3533804845979925,2.6180763308351946,3875,svm_iris,nuPI (rho=0),0.2511644683219888
392.9356140612134,0.0,2.498001805406602e-16,19.056301552116118,0.048820529662214646,392.31658625722736,0.3533804845979925,2.6180763308351946,4121,svm_iris,nuPI (rho=0),0.2511644683219888
392.9356140612134,0.0,8.326672684688674e-17,19.056301552116118,0.048820529662214646,392.31658625722736,0.3533804845979925,2.6180763308351946,4383,svm_iris,nuPI (rho=0),0.2511644683219888
0.0,1.0000000000000515,0.0,0.0,0.0,-0.6190278039860442,0.4069684575963365,1.0,4662,svm_iris,nuPI (rho=0),1.0000000000000515
392.9356140612134,0.0,8.326672684688674e-17,19.056301552116118,0.048820529662214646,392.31658625722736,0.3533804845979925,2.6180763308351946,4959,svm_iris,nuPI (rho=0),0.2511644683219888
0.0,1.0000000000000515,0.0,0.0,0.0,-0.6190278039860442,0.4069684575963365,1.0,5274,svm_iris,nuPI (rho=0),1.0000000000000515
392.9356140612134,0.0,2.498001805406602e-16,19.056301552116118,0.048820529662214646,392.31658625722736,0.3533804845979925,2.6180763308351946,5609,svm_iris,nuPI (rho=0),0.2511644683219888
0.0,1.0000000000000515,0.0,0.0,0.0,-0.6190278039860442,0.4069684575963365,1.0,5966,svm_iris,nuPI (rho=0),1.0000000000000515
0.0,1.0000000000000515,0.0,0.0,0.0,-0.6190278039860442,0.4069684575963365,1.0,6346,svm_iris,nuPI (rho=0),1.0000000000000515
392.9356140612134,0.0,8.326672684688674e-17,19.056301552116118,0.048820529662214646,392.31658625722736,0.3533804845979925,2.6180763308351946,6749,svm_iris,nuPI (rho=0),0.2511644683219888
392.9356140612134,0.0,8.326672684688674e-17,19.056301552116118,0.048820529662214646,392.31658625722736,0.3533804845979925,2.6180763308351946,7179,svm_iris,nuPI (rho=0),0.2511644683219888
392.9356140612134,0.0,8.326672684688674e-17,19.056301552116118,0.048820529662214646,392.31658625722736,0.3533804845979925,2.6180763308351946,7635,svm_iris,nuPI (rho=0),0.2511644683219888
392.9356140612134,0.0,2.498001805406602e-16,19.056301552116118,0.048820529662214646,392.31658625722736,0.3533804845979925,2.6180763308351946,8121,svm_iris,nuPI (rho=0),0.2511644683219888
392.9356140612134,0.0,8.326672684688674e-17,19.056301552116118,0.048820529662214646,392.31658625722736,0.3533804845979925,2.6180763308351946,8637,svm_iris,nuPI (rho=0),0.2511644683219888
392.9356140612134,0.0,8.326672684688674e-17,19.056301552116118,0.048820529662214646,392.31658625722736,0.3533804845979925,2.6180763308351946,9187,svm_iris,nuPI (rho=0),0.2511644683219888
392.9356140612134,0.0,8.326672684688674e-17,19.056301552116118,0.048820529662214646,392.31658625722736,0.3533804845979925,2.6180763308351946,9771,svm_iris,nuPI (rho=0),0.2511644683219888
392.9356140612134,0.0,2.498001805406602e-16,19.056301552116118,0.048820529662214646,392.31658625722736,0.3533804845979925,2.6180763308351946,10393,svm_iris,nuPI (rho=0),0.2511644683219888
0.0,1.0000000000000515,0.0,0.0,0.0,-0.6190278039860442,0.4069684575963365,1.0,11054,svm_iris,nuPI (rho=0),1.0000000000000515
392.9356140612134,0.0,8.326672684688674e-17,19.056301552116118,0.048820529662214646,392.31658625722736,0.3533804845979925,2.6180763308351946,11757,svm_iris,nuPI (rho=0),0.2511644683219888
0.0,1.0000000000000517,0.0,0.0,0.0,-0.6190278039860442,0.4069684575963365,1.0,12504,svm_iris,nuPI (rho=0),1.0000000000000517
0.0,1.0000000000000515,0.0,0.0,0.0,-0.6190278039860442,0.4069684575963365,1.0,13300,svm_iris,nuPI (rho=0),1.0000000000000515
0.0,1.0000000000000515,0.0,0.0,0.0,-0.6190278039860442,0.4069684575963365,1.0,14146,svm_iris,nuPI (rho=0),1.0000000000000515
392.9356140612134,0.0,8.326672684688674e-17,19.056301552116118,0.048820529662214646,392.31658625722736,0.3533804845979925,2.6180763308351946,15045,svm_iris,nuPI (rho=0),0.2511644683219888
0.0,1.0000000000000515,0.0,0.0,0.0,-0.6190278039860442,0.4069684575963365,1.0,16002,svm_iris,nuPI (rho=0),1.0000000000000515
0.0,1.0000000000000515,0.0,0.0,0.0,-0.6190278039860442,0.4069684575963365,1.0,17020,svm_iris,nuPI (rho=0),1.0000000000000515
0.0,1.0000000000000515,0.0,0.0,0.0,-0.6190278039860442,0.4069684575963365,1.0,18102,svm_iris,nuPI (rho=0),1.0000000000000515
0.0,1.0000000000000515,0.0,0.0,0.0,-0.6190278039860442,0.4069684575963365,1.0,19254,svm_iris,nuPI (rho=0),1.0000000000000515
0.0,1.0000000000000515,0.0,0.0,0.0,-0.6190278039860442,0.4069684575963365,1.0,20478,svm_iris,nuPI (rho=0),1.0000000000000515
392.9356140612134,0.0,8.326672684688674e-17,19.056301552116118,0.048820529662214646,392.31658625722736,0.3533804845979925,2.6180763308351946,21781,svm_iris,nuPI (rho=0),0.2511644683219888
0.0,1.0000000000000515,0.0,0.0,0.0,-0.6190278039860442,0.4069684575963365,1.0,23166,svm_iris,nuPI (rho=0),1.0000000000000515
392.9356140612134,0.0,8.326672684688674e-17,19.056301552116118,0.048820529662214646,392.31658625722736,0.3533804845979925,2.6180763308351946,24639,svm_iris,nuPI (rho=0),0.2511644683219888
0.0,1.0000000000000515,0.0,0.0,0.0,-0.6190278039860442,0.4069684575963365,1.0,26206,svm_iris,nuPI (rho=0),1.0000000000000515
392.9356140612134,0.0,2.498001805406602e-16,19.056301552116118,0.048820529662214646,392.31658625722736,0.3533804845979925,2.6180763308351946,27873,svm_iris,nuPI (rho=0),0.2511644683219888
0.0,1.0000000000000515,0.0,0.0,0.0,-0.6190278039860442,0.4069684575963365,1.0,29646,svm_iris,nuPI (rho=0),1.0000000000000515
0.0,1.0000000000000515,0.0,0.0,0.0,-0.6190278039860442,0.4069684575963365,1.0,31532,svm_iris,nuPI (rho=0),1.0000000000000515
392.9356140612134,0.0,2.498001805406602e-16,19.056301552116118,0.048820529662214646,392.31658625722736,0.3533804845979925,2.6180763308351946,33537,svm_iris,nuPI (rho=0),0.2511644683219888
0.0,1.0000000000000515,0.0,0.0,0.0,-0.6190278039860442,0.4069684575963365,1.0,35670,svm_iris,nuPI (rho=0),1.0000000000000515
392.9356140612134,0.0,8.326672684688674e-17,19.056301552116118,0.048820529662214646,392.31658625722736,0.3533804845979925,2.6180763308351946,37939,svm_iris,nuPI (rho=0),0.2511644683219888
0.0,1.0000000000000517,0.0,0.0,0.0,-0.6190278039860442,0.4069684575963365,1.0,40352,svm_iris,nuPI (rho=0),1.0000000000000517
0.0,1.0000000000000515,0.0,0.0,0.0,-0.6190278039860442,0.4069684575963365,1.0,42918,svm_iris,nuPI (rho=0),1.0000000000000515
392.9356140612134,0.0,8.326672684688674e-17,19.056301552116118,0.048820529662214646,392.31658625722736,0.3533804845979925,2.6180763308351946,45647,svm_iris,nuPI (rho=0),0.2511644683219888
392.9356140612134,0.0,8.326672684688674e-17,19.056301552116118,0.048820529662214646,392.31658625722736,0.3533804845979925,2.6180763308351946,48551,svm_iris,nuPI (rho=0),0.2511644683219888
392.9356140612134,0.0,8.326672684688674e-17,19.056301552116118,0.048820529662214646,392.31658625722736,0.3533804845979925,2.6180763308351946,51639,svm_iris,nuPI (rho=0),0.2511644683219888
392.9356140612134,0.0,8.326672684688674e-17,19.056301552116118,0.048820529662214646,392.31658625722736,0.3533804845979925,2.6180763308351946,54923,svm_iris,nuPI (rho=0),0.2511644683219888
0.0,1.0000000000000517,0.0,0.0,0.0,-0.6190278039860442,0.4069684575963365,1.0,58416,svm_iris,nuPI (rho=0),1.0000000000000517
392.9356140612134,0.0,8.326672684688674e-17,19.056301552116118,0.048820529662214646,392.31658625722736,0.3533804845979925,2.6180763308351946,62131,svm_iris,nuPI (rho=0),0.2511644683219888
392.9356140612134,0.0,8.326672684688674e-17,19.056301552116118,0.048820529662214646,392.31658625722736,0.3533804845979925,2.6180763308351946,66083,svm_iris,nuPI (rho=0),0.2511644683219888
0.0,1.0000000000000515,0.0,0.0,0.0,-0.6190278039860442,0.4069684575963365,1.0,70286,svm_iris,nuPI (rho=0),1.0000000000000515
0.0,1.0000000000000515,0.0,0.0,0.0,-0.6190278039860442,0.4069684575963365,1.0,74756,svm_iris,nuPI (rho=0),1.0000000000000515
0.0,1.0000000000000515,0.0,0.0,0.0,-0.6190278039860442,0.4069684575963365,1.0,79510,svm_iris,nuPI (rho=0),1.0000000000000515
392.9356140612134,0.0,8.326672684688674e-17,19.056301552116118,0.048820529662214646,392.31658625722736,0.3533804845979925,2.6180763308351946,84567,svm_iris,nuPI (rho=0),0.2511644683219888
0.0,1.0000000000000515,0.0,0.0,0.0,-0.6190278039860442,0.4069684575963365,1.0,89946,svm_iris,nuPI (rho=0),1.0000000000000515
0.0,1.0000000000000515,0.0,0.0,0.0,-0.6190278039860442,0.4069684575963365,1.0,95666,svm_iris,nuPI (rho=0),1.0000000000000515
392.9356140612134,0.0,8.326672684688674e-17,19.056301552116118,0.048820529662214646,392.31658625722736,0.3533804845979925,2.6180763308351946,101751,svm_iris,nuPI (rho=0),0.2511644683219888
0.0,1.0000000000000515,0.0,0.0,0.0,-0.6190278039860442,0.4069684575963365,1.0,108222,svm_iris,nuPI (rho=0),1.0000000000000515
392.9356140612134,0.0,2.498001805406602e-16,19.056301552116118,0.048820529662214646,392.31658625722736,0.3533804845979925,2.6180763308351946,115105,svm_iris,nuPI (rho=0),0.2511644683219888
0.0,1.0000000000000515,0.0,0.0,0.0,-0.6190278039860442,0.4069684575963365,1.0,122426,svm_iris,nuPI (rho=0),1.0000000000000515
0.0,1.0000000000000515,0.0,0.0,0.0,-0.6190278039860442,0.4069684575963365,1.0,130212,svm_iris,nuPI (rho=0),1.0000000000000515
392.9356140612134,0.0,8.326672684688674e-17,19.056301552116118,0.048820529662214646,392.31658625722736,0.3533804845979925,2.6180763308351946,138493,svm_iris,nuPI (rho=0),0.2511644683219888
0.0,1.0000000000000515,0.0,0.0,0.0,-0.6190278039860442,0.4069684575963365,1.0,147302,svm_iris,nuPI (rho=0),1.0000000000000515
0.0,1.0000000000000515,0.0,0.0,0.0,-0.6190278039860442,0.4069684575963365,1.0,156670,svm_iris,nuPI (rho=0),1.0000000000000515
0.0,1.0000000000000515,0.0,0.0,0.0,-0.6190278039860442,0.4069684575963365,1.0,166634,svm_iris,nuPI (rho=0),1.0000000000000515
0.0,1.0000000000000517,0.0,0.0,0.0,-0.6190278039860442,0.4069684575963365,1.0,177232,svm_iris,nuPI (rho=0),1.0000000000000517
0.0,1.0000000000000517,0.0,0.0,0.0,-0.6190278039860442,0.4069684575963365,1.0,188504,svm_iris,nuPI (rho=0),1.0000000000000517
392.9356140612134,0.0,8.326672684688674e-17,19.056301552116118,0.048820529662214646,392.31658625722736,0.3533804845979925,2.6180763308351946,200493,svm_iris,nuPI (rho=0),0.2511644683219888
392.9356140612134,0.0,8.326672684688674e-17,19.056301552116118,0.048820529662214646,392.31658625722736,0.3533804845979925,2.6180763308351946,213245,svm_iris,nuPI (rho=0),0.2511644683219888
0.0,1.0,0.0,0.0,0.0,-0.6190278039860442,0.4069684575963365,1.0,0,svm_iris,nuPI (rho=1),1.0
0.15465824746226098,0.6642114815499085,3.885780586188048e-16,0.002180356381219244,0.003282623745273836,-0.4643695565237832,0.40368583385106266,0.9912858385526061,1,svm_iris,nuPI (rho=1),0.6642114815499085
0.18223425937097737,0.5985409973901626,0.2849416448782902,0.0026361142586531355,0.0,-0.4367935446150668,0.4026760471257948,0.9896939858279005,2,svm_iris,nuPI (rho=1),0.5985409973901626
0.20011027070535856,0.5520539209541748,0.2977916644411549,0.003392379657531318,0.0,-0.4189175332806856,0.40096215103985156,0.9855124416726609,3,svm_iris,nuPI (rho=1),0.5520539209541748
0.21360519427429386,0.517003967951075,0.30416387173251297,0.004034640415612683,0.0,-0.4054226097117503,0.39932044525261606,0.9813963658738738,4,svm_iris,nuPI (rho=1),0.517003967951075
0.22476911584760909,0.4888841070313107,0.3086251376686249,0.0045884598541479455,0.0,-0.3942586881384351,0.3977489672220775,0.9773992998140646,5,svm_iris,nuPI (rho=1),0.4888841070313107
0.23432004036683063,0.4656895261647823,0.31191728207172553,0.005075020287362791,0.0,-0.38470776361921355,0.396240985387296,0.9735165515912259,6,svm_iris,nuPI (rho=1),0.4656895261647823
0.24257266248148435,0.4462876962975817,0.3144424174562971,0.005511761332053997,0.0,-0.37645514150455983,0.39478786826574186,0.9697348183034409,7,svm_iris,nuPI (rho=1),0.4462876962975817
0.2498144035257329,0.431004153445143,0.3160064135023132,0.005909613169205701,0.0,-0.36921340046031126,0.39338171085576107,0.9660401676761559,8,svm_iris,nuPI (rho=1),0.431004153445143
0.25638743358407123,0.4175035834503099,0.3168068176739515,0.006270423833382119,0.0,-0.36264037040197294,0.3920168033570429,0.9624220288687549,9,svm_iris,nuPI (rho=1),0.4175035834503099
0.2623623309215316,0.41085895723397203,0.3176698019890022,0.006601821469013003,0.0,-0.3566654730645126,0.3906906694686923,0.9588747192817831,10,svm_iris,nuPI (rho=1),0.41085895723397203
0.26781685914165543,0.41087633409124913,0.31877549040895625,0.006938103866055396,0.0,-0.35121094484438875,0.3893989163950677,0.9553915889291049,11,svm_iris,nuPI (rho=1),0.41087633409124913
0.27281134452934863,0.4104733390204879,0.3200086698836175,0.007259052492884416,0.0,-0.34621645945669555,0.3881375410812226,0.9519674190199547,12,svm_iris,nuPI (rho=1),0.4104733390204879
0.2774141955664995,0.4098566839356633,0.3207389315400724,0.007564906087691319,0.0,-0.3416136084195447,0.3869030590961689,0.9485971771450721,13,svm_iris,nuPI (rho=1),0.4098566839356633
0.28172655327882706,0.4092257278046889,0.3216787496974225,0.007853533507845093,0.0,-0.3373012507072171,0.3856933149121885,0.9452767879368184,14,svm_iris,nuPI (rho=1),0.4092257278046889
0.28576562328236677,0.40858350973228863,0.32255436952925887,0.008176683214304783,0.0,-0.3332621807036774,0.3845074212857666,0.9420037173408049,15,svm_iris,nuPI (rho=1),0.40858350973228863
0.28956913159894554,0.4079786322813065,0.3235474977776047,0.008710909833460295,0.0,-0.32945867238709864,0.3833437196464663,0.938774925079147,16,svm_iris,nuPI (rho=1),0.4079786322813065
0.2931812074728006,0.40737920331581423,0.3238495144028397,0.009242880474662525,0.0,-0.3258465965132436,0.38220107718629176,0.9355876840878034,17,svm_iris,nuPI (rho=1),0.40737920331581423
0.2966232939108838,0.4067321560639148,0.323960785859787,0.009771311234014377,0.0,-0.32240451007516036,0.38107841453301744,0.9324391585154954,18,svm_iris,nuPI (rho=1),0.4067321560639148
0.2999021543940269,0.4060418496547732,0.3240134075568447,0.01029599176690122,0.0,-0.3191256495920173,0.37997453320120145,0.929327482738025,19,svm_iris,nuPI (rho=1),0.4060418496547732
0.30302382798758176,0.40531469913838847,0.32415404911702694,0.010816872480907909,0.0,-0.3160039759984624,0.3788883320878667,0.9262508226542466,20,svm_iris,nuPI (rho=1),0.40531469913838847
0.305994218327575,0.40455673055891395,0.32439174775142776,0.01133393993251557,0.0,-0.31303358565846917,0.3778187752424095,0.9232075362396578,21,svm_iris,nuPI (rho=1),0.40455673055891395
0.3115197835424551,0.4029521043065615,0.3247685737453482,0.012356151930697013,0.0,-0.3075080204435891,0.3757257416293091,0.9172149144504673,23,svm_iris,nuPI (rho=1),0.4029521043065615
0.314102626333205,0.4021016412692805,0.3250500472215689,0.012860868642266415,0.0,-0.30492517765283916,0.3747006321295019,0.914263019173555,24,svm_iris,nuPI (rho=1),0.4021016412692805
0.3189787609060958,0.4002782102946444,0.3254617097304168,0.013855778521925126,0.0,-0.3000490430799484,0.3726898487875833,0.9084428317999071,26,svm_iris,nuPI (rho=1),0.4002782102946444
0.32127809724666806,0.3993136527205102,0.32579429223252965,0.014345853774019052,0.0,-0.2977497067393761,0.3717030404876578,0.9055729205321082,27,svm_iris,nuPI (rho=1),0.3993136527205102
0.32561402205755785,0.3972941975751939,0.3266932181388007,0.015310994844275547,0.0,-0.29341378192848633,0.3697637447531532,0.8999095927713379,29,svm_iris,nuPI (rho=1),0.3972941975751939
0.329658558375188,0.3950757869379742,0.32678531485294127,0.016251860012278355,0.0,-0.2893692456108562,0.3678666706144667,0.8943420353672481,31,svm_iris,nuPI (rho=1),0.3950757869379742
0.33346443133945464,0.3926580918237992,0.3265382056991622,0.01716634462013589,0.0,-0.28556337264658954,0.36600800226582486,0.8888622231527112,33,svm_iris,nuPI (rho=1),0.3926580918237992
0.337043637274272,0.3900919131182462,0.32650886992804146,0.018054952345065364,0.0,-0.2819841667117722,0.36418439498845506,0.8834654054606011,35,svm_iris,nuPI (rho=1),0.3900919131182462
0.3420134389313563,0.3860576975398877,0.32649123335620533,0.019341206698347088,0.0,-0.2770143650546879,0.3615081737666892,0.8755169587731306,38,svm_iris,nuPI (rho=1),0.3860576975398877
0.34508650298093707,0.3832925528014549,0.32562758545487447,0.02016897722914332,0.0,-0.2739413010051071,0.35975968607765807,0.870308332418238,40,svm_iris,nuPI (rho=1),0.3832925528014549
0.34936841125644313,0.3790839525466121,0.32436947957875695,0.021367976049569772,0.0,-0.26965939272960104,0.3571848183791768,0.862619952605518,43,svm_iris,nuPI (rho=1),0.3790839525466121
0.3520194919175307,0.3762697809128368,0.3236607728154471,0.022140585481950643,0.0,-0.2670083120685135,0.35549724256827936,0.8575728062396432,45,svm_iris,nuPI (rho=1),0.3762697809128368
0.3557546251969792,0.372078801887616,0.32280270128079414,0.023262430057866892,0.0,-0.263273178789065,0.3530054061658772,0.8501131839863576,48,svm_iris,nuPI (rho=1),0.372078801887616
0.35924047205472315,0.36793311607671064,0.32219263705493983,0.024341383602352093,0.0,-0.25978733193132103,0.3505575966214477,0.842780929484016,51,svm_iris,nuPI (rho=1),0.36793311607671064
0.363572819386807,0.3624557630644255,0.32145276238157416,0.025713746643443246,0.0,-0.25545498459923716,0.3473562424451649,0.8331934191071432,55,svm_iris,nuPI (rho=1),0.3624557630644255
0.36663032717113975,0.3584484994187007,0.32040846701891157,0.02669940410058515,0.0,-0.25239747681490443,0.3449983352373929,0.8261357430447321,58,svm_iris,nuPI (rho=1),0.3584484994187007
0.370500150554277,0.35328560726150604,0.318281124386274,0.027962518281446698,0.0,-0.2485276534317672,0.34190868231716404,0.8168918977343029,62,svm_iris,nuPI (rho=1),0.35328560726150604
0.37418957511943973,0.34818481432424764,0.31608774176562926,0.029159416565645503,0.0,-0.24483822886660445,0.3388777102182106,0.8078266532315368,66,svm_iris,nuPI (rho=1),0.34818481432424764
0.3777420629880788,0.3430394964671022,0.3139705169389765,0.030282368048578062,0.0,-0.2412857409979654,0.3359015864588867,0.7989341866047716,70,svm_iris,nuPI (rho=1),0.3430394964671022
0.38117062205249247,0.33786036054721036,0.3113989223820857,0.03133264331556895,0.0,-0.2378571819335517,0.3329768529871646,0.7902079122270086,74,svm_iris,nuPI (rho=1),0.33786036054721036
0.38529020813679843,0.3313901011078568,0.3084851740485294,0.03254913565362889,0.0,-0.23373759584924575,0.32938852632643395,0.7795256606887637,79,svm_iris,nuPI (rho=1),0.3313901011078568
0.38922998593887825,0.3249847530861669,0.3058851174647214,0.033667084121709843,0.0,-0.22979781804716592,0.32587049043671823,0.7690860190431851,84,svm_iris,nuPI (rho=1),0.3249847530861669
0.3937316377530501,0.3174424025281316,0.3026691875432443,0.034889995279180644,0.0,-0.2252961662329941,0.321735384082006,0.756866992865325,90,svm_iris,nuPI (rho=1),0.3174424025281316
0.3973115746733914,0.3112973792725593,0.29996357142614344,0.035817600515835595,0.0,-0.22171622931265278,0.3183570438441238,0.7469315939511764,95,svm_iris,nuPI (rho=1),0.3112973792725593
0.4014088380332107,0.30412616308234663,0.29704031077901266,0.036831944250730136,0.0,-0.21761896595283348,0.3143790666866893,0.7352958790550812,101,svm_iris,nuPI (rho=1),0.30412616308234663
0.40592303093023935,0.29607317358418817,0.29404448361782265,0.037894171254994787,0.0,-0.21310477305580483,0.30983640056034534,0.7221038205032027,108,svm_iris,nuPI (rho=1),0.29607317358418817
0.4101605850289829,0.2883806000197482,0.2914058082119635,0.038842160601965006,0.0,-0.20886721895706128,0.30539261569146214,0.7093109411594265,115,svm_iris,nuPI (rho=1),0.2883806000197482
0.4141676073493805,0.2810550979515716,0.28780655287436074,0.039690628052953265,0.0,-0.20486019663666366,0.3010417519160035,0.6968917117451081,122,svm_iris,nuPI (rho=1),0.2810550979515716
0.418504493893554,0.27310783326357,0.2840416359474347,0.04055169623848913,0.0,-0.2005233100924902,0.2961782748503757,0.6831255057042249,130,svm_iris,nuPI (rho=1),0.27310783326357
0.42259378563104,0.2655819917889781,0.28061584581537796,0.04130921522593133,0.0,-0.19643401835500418,0.29142599720977136,0.6697972809164577,138,svm_iris,nuPI (rho=1),0.2655819917889781
0.42693721591646794,0.2575488083718578,0.2756822827642851,0.04204626667916506,0.0,-0.19209058806957624,0.2862063706515984,0.6553019127448957,147,svm_iris,nuPI (rho=1),0.2575488083718578
0.4310669274876589,0.24987017013274648,0.2699930181969953,0.04266225560047673,0.0,-0.18796087649838528,0.28111454035638717,0.641307057235511,156,svm_iris,nuPI (rho=1),0.24987017013274648
0.43552355981902613,0.24154782335385283,0.26150537331338974,0.04318609516959608,0.0,-0.18350424416701805,0.2755992379427043,0.6262974028997732,166,svm_iris,nuPI (rho=1),0.24154782335385283
0.4403399002806334,0.23266430412291783,0.2522893360998705,0.04358620251514895,0.0,-0.17868790370541077,0.2697001747897342,0.6103970589207396,177,svm_iris,nuPI (rho=1),0.23266430412291783
0.44506374503393764,0.22404841763382455,0.24339821537964101,0.04381621701523926,0.0,-0.17396405895210654,0.26397229408406686,0.5951115269167121,188,svm_iris,nuPI (rho=1),0.22404841763382455
0.4501088002392967,0.21494073670290614,0.2340559272873386,0.043890050162821416,0.0,-0.16891900374674745,0.25791321691020425,0.5791088493656715,200,svm_iris,nuPI (rho=1),0.21494073670290614
0.4554443212282828,0.20540494789788388,0.2243394858459839,0.04378166574347544,0.0,-0.16358348275776136,0.2515652306562586,0.5625293694785122,213,svm_iris,nuPI (rho=1),0.20540494789788388
0.4610369286366666,0.19550803646730008,0.2143264040933779,0.043469765270803595,0.0,-0.15799087534937756,0.24497125462867272,0.5455115936616994,227,svm_iris,nuPI (rho=1),0.19550803646730008
0.4664690605148161,0.18598547186607162,0.20476039840351,0.042979675967469114,0.0,-0.15255874347122805,0.23861902058429407,0.529316196437703,241,svm_iris,nuPI (rho=1),0.18598547186607162
0.4724798923301051,0.17554643744613174,0.19434967555871663,0.0422305921881591,0.0,-0.14654791165593906,0.2316430966249255,0.5117561441810852,257,svm_iris,nuPI (rho=1),0.17554643744613174
0.478280419890066,0.16556532747686892,0.18446843254510464,0.04130954200619159,0.0,-0.1407473840959782,0.22495661103073689,0.49514609528870873,273,svm_iris,nuPI (rho=1),0.16556532747686892
0.48421718563104943,0.15545869999263184,0.1745206950232817,0.04017736451189325,0.0,-0.13481061835499475,0.21815443290980335,0.47846937709122417,290,svm_iris,nuPI (rho=1),0.15545869999263184
0.49071861591051436,0.145274955467108,0.16409556457438507,0.038904516808118385,0.0,-0.12830918807552982,0.21091691220453243,0.4609351829644925,309,svm_iris,nuPI (rho=1),0.1499087709221731
0.49711365865693635,0.13597989484311668,0.15439608392450915,0.03760542958158163,0.0,-0.12191414532910783,0.20407942039109395,0.44449399965876296,328,svm_iris,nuPI (rho=1),0.1450490373748272
0.5040007102295062,0.1263064129132634,0.14446983718872636,0.03606968423446735,0.0,-0.11502709375653797,0.1969838660573723,0.4275070739330453,349,svm_iris,nuPI (rho=1),0.14000588641048808
0.5112645317812436,0.11623114426662229,0.13448721320767776,0.03425436359960648,0.0,-0.10776327220480053,0.18974564914598246,0.4102196576960485,372,svm_iris,nuPI (rho=1),0.13486133830615063
0.5181863586275631,0.10663106233125441,0.12535986884680317,0.032320231417160644,0.0,-0.10084144535848105,0.1830300664776259,0.39418982065983144,395,svm_iris,nuPI (rho=1),0.13008825143835442
0.5252826738680791,0.09672216639169018,0.11632450461109856,0.030121933400154885,0.0,-0.09374513011796504,0.17627735435694683,0.3780556484486884,420,svm_iris,nuPI (rho=1),0.1252887748870354
0.5324203921852295,0.08664192448396335,0.10750573757907245,0.027684854433625013,0.0,-0.08660741180081466,0.1695665255593896,0.36198365962348733,447,svm_iris,nuPI (rho=1),0.12051906682334365
0.5394683394049947,0.07654001999495064,0.09906506453621178,0.02504974001871511,0.0,-0.07955946458104945,0.16296170234008228,0.3461127959930398,476,svm_iris,nuPI (rho=1),0.11582470201107842
0.5460946738754947,0.06687640541436202,0.09156840835817504,0.02235782859725921,0.0,-0.07293313011054947,0.15670946375952033,0.3310400969340991,506,svm_iris,nuPI (rho=1),0.11138093602129691
0.552446744987569,0.05743225774248739,0.09007471478930423,0.01957413732642958,0.0,-0.06658105899847522,0.15060623965049352,0.31630510811053486,538,svm_iris,nuPI (rho=1),0.10704308176729782
0.5585994461264044,0.05592643028311661,0.09072924396311474,0.016679198040051583,0.0,-0.060428357859639736,0.1445026223794712,0.3016158566777758,573,svm_iris,nuPI (rho=1),0.10270494807420157
0.5641308943278495,0.05483161439305795,0.09200067899223976,0.013901331385184547,0.0,-0.054896909658194715,0.13874750739418762,0.2879324577912044,609,svm_iris,nuPI (rho=1),0.09861451167940448
0.5693008169760208,0.053654589543450815,0.09383830787394515,0.011830553648682502,0.0,-0.04972698701002343,0.13300354164570288,0.274643894205788,648,svm_iris,nuPI (rho=1),0.0945319995822266
0.573918778935266,0.05239091993760958,0.09607877309298019,0.011239490870928574,0.0,-0.045109025050778184,0.12740555838630546,0.2623469265536897,689,svm_iris,nuPI (rho=1),0.0905532442454076
0.5780647087606584,0.05097053940702878,0.09854178168150723,0.010772122907544215,0.0,-0.04096309522538577,0.12178694293991715,0.25106392183909393,733,svm_iris,nuPI (rho=1),0.0865598246232029
0.5822375951728087,0.049283977839220894,0.0847617372807814,0.009899953933543086,0.0,-0.03679020881323547,0.11634416038144513,0.24093709230618207,779,svm_iris,nuPI (rho=1),0.08269137787225692
0.5869705970803966,0.04669811978193683,0.0719782019713684,0.008866132324234523,0.0,-0.03205720690564762,0.11115822407210468,0.23140173629691166,829,svm_iris,nuPI (rho=1),0.0790054840760306
0.5917845009069036,0.043359873086894485,0.06053064641700662,0.008572035817212933,0.0,-0.02724330307914058,0.10649866714556261,0.22286687513456502,882,svm_iris,nuPI (rho=1),0.07569371336689724
0.5963732808941856,0.03956828610681118,0.05040914901793936,0.008123881080497832,0.0,-0.02265452309185856,0.10240541530062813,0.21536444605290178,938,svm_iris,nuPI (rho=1),0.0727844428549432
0.6006089244294063,0.035490315504565606,0.041436329657112414,0.007548668966211097,0.0,-0.0184188795566379,0.09881331564216556,0.20874039695740945,998,svm_iris,nuPI (rho=1),0.07023136525105768
0.6043277819430389,0.03131751404215133,0.03369088770919859,0.006877254336272313,0.0,-0.014700022043005245,0.09575051455310807,0.20302746388997683,1061,svm_iris,nuPI (rho=1),0.06805448554027158
0.6078683670330527,0.026702008981597913,0.026269492448002474,0.006036352906067089,0.0,-0.011159436952991486,0.0930196072775567,0.19795046527914473,1129,svm_iris,nuPI (rho=1),0.06611349868956644
0.6109562629842914,0.02230724547620233,0.019200661968131194,0.005169808943417913,0.0,-0.00807154100175278,0.09061812391562946,0.19355199483686067,1200,svm_iris,nuPI (rho=1),0.06440664922257133
0.613434017616548,0.01836781214700811,0.01257779001938314,0.004350785848349145,0.0,-0.005593786369496145,0.08845002395975726,0.18954111693285988,1277,svm_iris,nuPI (rho=1),0.06286567654179341
0.6151047254291797,0.015094574055601884,0.010660681357110735,0.0036422604596586827,0.0,-0.003923078556864468,0.08657616042150829,0.18591977110185293,1358,svm_iris,nuPI (rho=1),0.061533831802750516
0.616185271391726,0.012378439029033794,0.009573071678510181,0.003034634133284267,0.0,-0.0028425325943182145,0.08498304021567982,0.18252241589257745,1444,svm_iris,nuPI (rho=1),0.060401524822286896
0.6168442630162378,0.009880289127154551,0.008209681945264169,0.0024553174354909383,0.0,-0.00218354096980633,0.08371523565268324,0.17920252274406448,1536,svm_iris,nuPI (rho=1),0.05950043528033477
0.6171878112170666,0.00739046679922073,0.006674672086956379,0.0018570450821625997,0.0,-0.0018399927689776163,0.08258108351902133,0.17586534734259515,1634,svm_iris,nuPI (rho=1),0.058694338933584035
0.6173476510922284,0.005037733406578981,0.005219727778051464,0.0013018779561868408,0.0,-0.001680152893815734,0.08130814110229051,0.1724404835068804,1738,svm_iris,nuPI (rho=1),0.05778959767242918
0.6174441789655114,0.00465404264897995,0.006122871182308143,0.0015229941753616175,0.0,-0.001583625020532775,0.07972732763045193,0.16884873665964753,1849,svm_iris,nuPI (rho=1),0.05666603767838408
0.6175295496528612,0.005084544647123823,0.006564854922527896,0.001673435248930825,0.0,-0.0014982543331829579,0.0778465076342218,0.16510699129193906,1966,svm_iris,nuPI (rho=1),0.05532924865082953
0.6176410759220552,0.005239618200694407,0.006348286556431715,0.0017356212774760136,0.0,-0.0013867280639889845,0.07571888730398357,0.16116475575045017,2091,svm_iris,nuPI (rho=1),0.05381704678251398
0.6178169472067686,0.0051678203157186076,0.005744680197606544,0.0017236138627251976,0.0,-0.001210856779275571,0.07344024697287527,0.15705163434251307,2224,svm_iris,nuPI (rho=1),0.052197507752476925
0.6180949076146915,0.00491603865303758,0.004981622088011672,0.0016512097749772899,0.0,-0.0009328963713526317,0.07108627856647454,0.15277070081832914,2366,svm_iris,nuPI (rho=1),0.050524429444508134
0.6182708177686678,0.004620558726362467,0.005169710886660905,0.0015628040478679597,0.0,-0.0007569862173764097,0.06874008730176034,0.14838152639675878,2516,svm_iris,nuPI (rho=1),0.04885687872434315
0.6182972811952016,0.004343085083962528,0.005284149066225596,0.0014791699256831877,0.0,-0.0007305227908426248,0.06638799530117279,0.1438474493322839,2676,svm_iris,nuPI (rho=1),0.047185134068030196
0.6182555617839528,0.004061847981314148,0.00523055456592747,0.0013929656861585288,0.0,-0.0007722422020913777,0.06402955575494945,0.13915723581764958,2847,svm_iris,nuPI (rho=1),0.04550887790642975
0.6183814511819672,0.0037746065299696374,0.005082387070382555,0.0013032256489899365,0.0,-0.0006463528040769884,0.06170713336490208,0.13435514597737896,3028,svm_iris,nuPI (rho=1),0.0438582208661042
0.6185975372299848,0.003525017327436375,0.004555617279501045,0.0012251820581306394,0.0,-0.00043026675605939424,0.059400787901596974,0.12943633053283665,3220,svm_iris,nuPI (rho=1),0.04221899046910919
0.6186827795278899,0.0032285314708340174,0.004070264251573363,0.0011294470557484146,0.0,-0.00034502445815431937,0.05713539387939903,0.1243810417751564,3425,svm_iris,nuPI (rho=1),0.04060886622647468
0.6186544533629269,0.0030819722357525725,0.0038386801021607075,0.0010851053495063582,0.0,-0.0003733506231172745,0.05488697648546226,0.11922064037432416,3643,svm_iris,nuPI (rho=1),0.0390108080882148
0.6185958963828272,0.003017793712821848,0.0037065501007379487,0.001069512830375892,0.0,-0.0004319076032169855,0.052566224656490246,0.11396156578766625,3875,svm_iris,nuPI (rho=1),0.0373613383958119
0.6185583089352571,0.002950552185044586,0.0036055193157875087,0.001052796290044669,0.0,-0.0004694950507870832,0.05015514808059235,0.1086366995102509,4121,svm_iris,nuPI (rho=1),0.03564767057129153
0.6185582787534728,0.0028473775794846112,0.0034869872098586274,0.0010230884917658814,0.0,-0.00046952523257137724,0.0476594221044348,0.10323838195292061,4383,svm_iris,nuPI (rho=1),0.033873838355876235
0.6185855082378648,0.0027041269405366775,0.0033281244785192676,0.0009784960107775355,0.0,-0.00044229574817933326,0.045115618475057184,0.09778505787154952,4662,svm_iris,nuPI (rho=1),0.03206583504518123
0.6186202738670128,0.0025389136679049296,0.0031374050368767614,0.0009252014491321336,0.0,-0.00040753011903138514,0.0425600648148699,0.09229701582761816,4959,svm_iris,nuPI (rho=1),0.030249480423732794
0.6186487370720357,0.0023732432516785362,0.002936482004437191,0.0008708528434861264,0.0,-0.0003790669140084635,0.0400221519994729,0.08681298067598892,5274,svm_iris,nuPI (rho=1),0.028445663997220455
0.6186685878277703,0.00221721000683206,0.0027412534584057013,0.0008191885731294633,0.0,-0.000359216158273834,0.03750026531629336,0.08133771919254729,5609,svm_iris,nuPI (rho=1),0.02665323811193236
0.6186847162620281,0.0020695809594314385,0.00255569073574885,0.0007698392322813141,0.0,-0.0003430877240160335,0.03499014538147793,0.07588216165857246,5966,svm_iris,nuPI (rho=1),0.02486917541936588
0.6187021189817155,0.0019250849864986819,0.002376092473961422,0.0007208837289647285,0.0,-0.00032568500432872405,0.032499935935969726,0.07047642132346406,6346,svm_iris,nuPI (rho=1),0.023099264067008712
0.618722035770803,0.0017812159100363267,0.0021988689360777913,0.0006713738049088544,0.0,-0.0003057682152411978,0.030049634265613967,0.0651636443784861,6749,svm_iris,nuPI (rho=1),0.021357717085534907
0.6187432166877092,0.0016380166504728066,0.0020226013150684286,0.0006213495927048617,0.0,-0.00028458729833502616,0.027638007856700564,0.05993586803132303,7179,svm_iris,nuPI (rho=1),0.01964365846830519
0.6187642027146307,0.0014985548968591278,0.0018504888883523751,0.000571962678524179,0.0,-0.00026360127141344947,0.025292297635179928,0.05484946782555461,7635,svm_iris,nuPI (rho=1),0.017976449648622023
0.6187848688853753,0.001363348341084869,0.0016834300752951448,0.0005234672321580162,0.0,-0.00024293510066886181,0.02301138926450197,0.04990270970426436,8121,svm_iris,nuPI (rho=1),0.016355298614024797
0.6188053247109031,0.001233264832979697,0.0015227656005191714,0.00047623031065096807,0.0,-0.00022247927514107424,0.02081432596481514,0.04513795855192122,8637,svm_iris,nuPI (rho=1),0.014793740294913444
0.6188255932299755,0.0011081812233812993,0.0013683345569096006,0.0004302686476053172,0.0,-0.0002022107560686326,0.018702857595936706,0.040559071662019025,9187,svm_iris,nuPI (rho=1),0.013293018400631846
0.6188453629885748,0.0009891872918991185,0.001221413617857714,0.0003860537133421172,0.0,-0.0001824409974693353,0.01669482943342171,0.03620448913732687,9771,svm_iris,nuPI (rho=1),0.011865816424870775
0.6188645091570663,0.0008764801493538199,0.0010822441379527148,0.0003437342807744068,0.0,-0.00016329482897792236,0.014792683817748342,0.032079478484657885,10393,svm_iris,nuPI (rho=1),0.010513870256210398
0.6188828532076323,0.0007707513241141939,0.0009516934949922451,0.00030364537420866575,0.0,-0.00014495077841192305,0.013008220735714615,0.028209680519129133,11054,svm_iris,nuPI (rho=1),0.009245566711522338
0.6189002770574858,0.0006722606586738733,0.0008300815246274351,0.0002659614390160819,0.0,-0.00012752692855833025,0.011345962683831201,0.024604902519606894,11757,svm_iris,nuPI (rho=1),0.008064120146100954
0.6189166437117537,0.0005813594135126721,0.0007178401481138241,0.00023089076371172733,0.0,-0.00011116027429047826,0.009811796252115312,0.021277902721258117,12504,svm_iris,nuPI (rho=1),0.00697371444195542
0.6189318968975384,0.0004979816230680223,0.0006148884433987423,0.00019847747645021608,0.0,-9.590708850581997e-05,0.008404600505760973,0.018226251961523634,13300,svm_iris,nuPI (rho=1),0.005973552896928041
0.6189459170005922,0.00042243391786189743,0.000521605070247344,0.00016890551330546626,0.0,-8.188698545197326e-05,0.00712955696931572,0.015461187231814838,14146,svm_iris,nuPI (rho=1),0.005067318269164221
0.6189586532735998,0.00035467271742473105,0.0004379361579252561,0.0001422175631237099,0.0,-6.915071244439908e-05,0.005985928812200669,0.012981110394827062,15045,svm_iris,nuPI (rho=1),0.004254486857812737
0.6189701023251175,0.0002944408166668522,0.00036356413583821245,0.00011836493815607411,0.0,-5.770166092666784e-05,0.0049693750778307955,0.010776607691472774,16002,svm_iris,nuPI (rho=1),0.0035319733367160707
0.6189802543114336,0.00024155502943568052,0.00029826281063000115,9.732050520692798e-05,0.0,-4.75496746106252e-05,0.004076804152864044,0.0088409746302569,17020,svm_iris,nuPI (rho=1),0.0028975803479125983
0.6189891285193054,0.00019571702783727218,0.00024166381857071428,7.900416817002439e-05,0.0,-3.867546673874678e-05,0.003303181033318392,0.00716329227980787,18102,svm_iris,nuPI (rho=1),0.002347729272454013
0.6189967893585693,0.00015643316278002306,0.00019315762091104416,6.325035216599559e-05,0.0,-3.1014627474901246e-05,0.0026401742454559285,0.005725492971499427,19254,svm_iris,nuPI (rho=1),0.0018764985321464845
0.6190032914174695,0.00012329566389823743,0.0001522407185541308,4.99208800067688e-05,0.0,-2.4512568574719396e-05,0.0020809017130152263,0.004512652205721474,20478,svm_iris,nuPI (rho=1),0.001478996705135975
0.6190087346761728,9.56961163187664e-05,0.00011816186433877274,3.87907425355969e-05,0.0,-1.9069309871388995e-05,0.001615095016983037,0.0035025018458365448,21781,svm_iris,nuPI (rho=1),0.0011479255332719142
0.6190132100526362,7.309959480406025e-05,9.026055326766258e-05,2.9659044474182023e-05,0.0,-1.4593933407969217e-05,0.0012337260471181333,0.0026754634940045004,23166,svm_iris,nuPI (rho=1),0.0008768683053675771
0.6190168286607554,5.489123521329464e-05,6.7777574872252e-05,2.2288149127332554e-05,0.0,-1.097532528882006e-05,0.0009264175379198325,0.002009032968623695,24639,svm_iris,nuPI (rho=1),0.0006584494008504806
0.6190197021092756,4.047171849985709e-05,4.997291316433117e-05,1.644306846133557e-05,0.0,-8.10187676858476e-06,0.000683054583523135,0.0014812750422968607,26206,svm_iris,nuPI (rho=1),0.00048547967073125773
0.6190219400193941,2.926537716751998e-05,3.613575617983367e-05,1.1895630609223115e-05,0.0,-5.863966650032637e-06,0.0004939214531489711,0.001071120140401075,27873,svm_iris,nuPI (rho=1),0.00035105367890960826
0.6190236472924037,2.0730208675878714e-05,2.5596860139642796e-05,8.429288160120292e-06,0.0,-4.1566936405113e-06,0.00034987059057928205,0.0007587308340506516,29646,svm_iris,nuPI (rho=1),0.00024866981821113505
0.6190249220642656,1.4365113410574892e-05,1.773748661182406e-05,5.842665301254723e-06,0.0,-2.8819217785525097e-06,0.00024244477184742763,0.0005257667517876365,31532,svm_iris,nuPI (rho=1),0.00017231713371998407
0.619025851880521,9.726654990549477e-06,1.201009750079196e-05,3.95684505164123e-06,0.0,-1.9521055232285534e-06,0.00016415997441576735,0.00035599801086513003,33537,svm_iris,nuPI (rho=1),0.00011667637147759382
0.6190265143556142,6.424019885375998e-06,7.932131369847717e-06,2.6136769700983725e-06,0.0,-1.2896304300014094e-06,0.00010842030904623101,0.00023512073814088924,35670,svm_iris,nuPI (rho=1),7.705951648088556e-05
0.619026974318394,4.132029957748529e-06,5.1020708269344794e-06,1.6813177006427442e-06,0.0,-8.296676501373668e-07,6.973763670070632e-05,0.00015123333221810152,37939,svm_iris,nuPI (rho=1),4.956588495227962e-05
0.6190272850022083,2.5843871503949956e-06,3.1911013279040112e-06,1.0516513277741874e-06,0.0,-5.189838359065391e-07,4.361755700493797e-05,9.458921754713409e-05,40352,svm_iris,nuPI (rho=1),3.100109086983667e-05
0.6190274888763497,1.5690220858122217e-06,1.9373678045719878e-06,6.385009490729953e-07,0.0,-3.1510969444870085e-07,2.648090486867538e-05,5.742660165904449e-05,42918,svm_iris,nuPI (rho=1),1.8821249847999672e-05
0.6190276186374919,9.228546321571329e-07,1.139505217462311e-06,3.755583524756755e-07,0.0,-1.8534855228402591e-07,1.557532296692088e-05,3.377671088510117e-05,45647,svm_iris,nuPI (rho=1),1.1070129456583375e-05
0.6190276986136252,5.246343873777093e-07,6.477982560926243e-07,2.1350500209562717e-07,0.0,-1.0537241901253935e-07,8.854428130977698e-06,1.9201750079904632e-05,48551,svm_iris,nuPI (rho=1),6.2932669763646265e-06
0.6190277461873572,2.8776586136203264e-07,3.5532215880706985e-07,1.1711023114927226e-07,0.0,-5.7798686947663214e-08,4.856719656554098e-06,1.053230267122948e-05,51639,svm_iris,nuPI (rho=1),3.4519037227396792e-06
0.6190277734684083,1.5193831703896876e-07,1.8760755976510168e-07,6.183371291769294e-08,0.0,-3.051763586281453e-08,2.564313248631933e-06,5.56098049376025e-06,54923,svm_iris,nuPI (rho=1),1.8225804813085885e-06
0.6190277885146616,7.702698023859256e-08,9.510993670414081e-08,3.1347451205171666e-08,0.0,-1.5471382619480778e-08,1.300009834559468e-06,2.8192067946221714e-06,58416,svm_iris,nuPI (rho=1),9.239793739089244e-07
0.6190277964740427,3.739968679195016e-08,4.617968724085486e-08,1.5220469241366608e-08,0.0,-7.512001465315166e-09,6.312068750458089e-07,1.3688378823567983e-06,62131,svm_iris,nuPI (rho=1),4.4862901626391974e-07
0.6190278005029594,1.7341059699305106e-08,2.1412069395321254e-08,7.057259243690354e-09,0.0,-3.483084820565807e-09,2.9267080120520816e-07,6.346871307056035e-07,66083,svm_iris,nuPI (rho=1),2.08015183016403e-07
0.6190278024479875,7.657437683938895e-09,9.45510864047705e-09,3.1163346137476156e-09,0.0,-1.538056682015565e-09,1.2923710257517484e-07,2.8026412331595263e-07,70286,svm_iris,nuPI (rho=1),9.1855010592038e-08
0.619027803341238,3.210258836539026e-09,3.9639032056726364e-09,1.3064739132575605e-09,0.0,-6.448062084274397e-10,5.418059584316737e-08,1.1749626744563361e-07,74756,svm_iris,nuPI (rho=1),3.8508749468150445e-08
0.6190278037302457,1.273531058387789e-09,1.5725074020700447e-09,5.182869431600842e-10,0.0,-2.55798493498105e-10,2.149380184945926e-08,4.661154877449661e-08,79510,svm_iris,nuPI (rho=1),1.5276676412617844e-08
0.6190278038903742,4.7630677180166e-10,5.881254927508905e-10,1.938418284338809e-10,0.0,-9.567002745569653e-11,8.038791632358766e-09,1.7432956705413757e-08,84567,svm_iris,nuPI (rho=1),5.713554976273051e-09
0.6190278039524348,1.6732770724559032e-10,2.0660984034748253e-10,6.809709845832817e-11,0.0,-3.3609337535267514e-11,2.8240454974515217e-09,6.124236531317344e-09,89946,svm_iris,nuPI (rho=1),2.00718465449902e-09
0.6190278039749948,5.5010662691756806e-11,6.792510998110401e-11,2.2387604495942886e-11,0.0,-1.1049383630279408e-11,9.284329971492866e-10,2.0134037673840208e-09,95666,svm_iris,nuPI (rho=1),6.598818844421152e-10
0.6190278039826607,1.6845635997242425e-11,2.0800805522469545e-11,6.855642494237621e-12,0.0,-3.383515689847627e-12,2.843141277963923e-10,6.165648297423994e-10,101751,svm_iris,nuPI (rho=1),2.0207569420718522e-10
0.6190278039850821,4.787281682183675e-12,5.9082738701476956e-12,1.9482726418908468e-12,0.0,-9.621192731401607e-13,8.076372903786933e-11,1.751447334678064e-10,108222,svm_iris,nuPI (rho=1),5.7402657893159885e-11
0.6190278039857898,1.2592149545298525e-12,1.5513701434599625e-12,5.124607678006068e-13,0.0,-2.5435209494162336e-13,2.1162571695043653e-11,4.5895386027886705e-11,115105,svm_iris,nuPI (rho=1),1.504125524689997e-11
0.6190278039859853,3.028688411177427e-13,3.7531089347453417e-13,1.2325806512213597e-13,0.0,-5.88418203051333e-14,5.09026154560388e-12,1.1040042420236752e-11,122426,svm_iris,nuPI (rho=1),3.6178931504264696e-12
0.619027803986032,6.661338147750939e-14,8.08242361927114e-14,2.7109545115101954e-14,0.0,-1.2212453270876722e-14,1.147137940193943e-12,2.4961807957833107e-12,130212,svm_iris,nuPI (rho=1),8.153259826120853e-13
0.6190278039860406,1.887379141862766e-14,2.8754776337791554e-14,7.68103778262896e-15,0.0,-3.552713678800501e-15,2.6018076582090544e-13,5.693305895379232e-13,138493,svm_iris,nuPI (rho=1),1.8492295574656879e-13
0.6190278039860414,1.2656542480726785e-14,2.8310687127941492e-14,5.150813571882205e-15,0.0,-2.7755575615628914e-15,1.3311574065255627e-13,2.8572727949314924e-13,147302,svm_iris,nuPI (rho=1),9.461174480057006e-14
0.6190278039860414,1.2656542480726785e-14,2.8310687127941492e-14,5.150813571882205e-15,0.0,-2.7755575615628914e-15,1.3311574065255627e-13,2.8572727949314924e-13,156670,svm_iris,nuPI (rho=1),9.461174480057006e-14
0.6190278039860414,1.2656542480726785e-14,2.8310687127941492e-14,5.150813571882205e-15,0.0,-2.7755575615628914e-15,1.3311574065255627e-13,2.8572727949314924e-13,166634,svm_iris,nuPI (rho=1),9.461174480057006e-14
0.6190278039860414,1.2656542480726785e-14,2.8310687127941492e-14,5.150813571882205e-15,0.0,-2.7755575615628914e-15,1.3311574065255627e-13,2.8572727949314924e-13,177232,svm_iris,nuPI (rho=1),9.461174480057006e-14
0.6190278039860414,1.2656542480726785e-14,2.8310687127941492e-14,5.150813571882205e-15,0.0,-2.7755575615628914e-15,1.3311574065255627e-13,2.8572727949314924e-13,188504,svm_iris,nuPI (rho=1),9.461174480057006e-14
0.6190278039860414,1.2656542480726785e-14,2.8310687127941492e-14,5.150813571882205e-15,0.0,-2.7755575615628914e-15,1.3311574065255627e-13,2.8572727949314924e-13,200493,svm_iris,nuPI (rho=1),9.461174480057006e-14
0.6190278039860414,1.2656542480726785e-14,2.8310687127941492e-14,5.150813571882205e-15,0.0,-2.7755575615628914e-15,1.3311574065255627e-13,2.8572727949314924e-13,213245,svm_iris,nuPI (rho=1),9.461174480057006e-14
0.0,1.0,0.0,0.0,0.0,-0.6190278039860442,0.4069684575963365,1.0,0,svm_iris,iALM,1.0
6.622602795772493e-06,0.9978026782524354,0.31632768739497824,0.0032754107647292737,0.003282623745273836,-0.6190211813832484,0.40368583385106266,0.9912858385526061,1,svm_iris,iALM,0.9978026782524354
4.10675039978016e-05,0.994526429633226,0.6295760019873295,0.006522138646644875,0.006533200193702518,-0.6189867364820464,0.4004107907965055,0.9851890126123409,2,svm_iris,iALM,0.994526429633226
0.00013188456331185048,0.9901872086905473,0.9387528947774187,0.009726302570429087,0.009736023681912537,-0.6188959194227324,0.39714704904187587,0.9817001548197487,3,svm_iris,iALM,0.9901872086905473
0.00031598255391649863,0.9848038953194733,1.242886089538109,0.012874442390718444,0.01287565096591127,-0.6187118214321277,0.39389827252339166,0.9807576122894491,4,svm_iris,iALM,0.9848038953194733
0.0006378309760287272,0.9783982174913023,1.5410261350659156,0.015953607997836294,0.01593695086765314,-0.6183899730100154,0.39066805802885507,0.9822497594565569,5,svm_iris,iALM,1.0952812244978136
0.00114854539562648,0.9709946655105733,1.8322493627662013,0.018951443244347672,0.01890515256869719,-0.6178792585904177,0.38745992500108695,0.9860195447402528,6,svm_iris,iALM,1.302267547558539
0.0019048707034358338,0.9626203981310274,2.1156607405135954,0.021856264030935355,0.02176589240113215,-0.6171229332826084,0.38427730565087015,0.9918708371206234,7,svm_iris,iALM,1.5037016139849988
0.002968077915227712,0.9533051408859585,2.3903966141274764,0.024657129956355033,0.024505258991851412,-0.6160597260708165,0.38112353540885313,0.9995759844006262,8,svm_iris,iALM,1.698969583306244
0.0044027911368773424,0.9430810770112934,2.655627328226785,0.027343909007721077,0.027109836622599734,-0.6146250128491668,0.37800184374457707,1.0088839417253086,9,svm_iris,iALM,1.8874817796296983
0.006275762086135915,0.9319827313612363,2.9105597186770007,0.02990733484322665,0.029566746674961744,-0.6127520418999083,0.3749153453794163,1.0195283716645345,10,svm_iris,iALM,2.0686744631428327
0.008654610090464612,0.9200468477363787,3.154439469313231,0.032339056298699195,0.03186368703659522,-0.6103731938955795,0.37186703191877407,1.0312352302606804,11,svm_iris,iALM,2.2420115051493568
0.011606545762654685,0.9073122600627317,3.3865533261153713,0.034631678831193745,0.03398896935250342,-0.6074212582233895,0.3688597639273513,1.0437295022080393,12,svm_iris,iALM,2.406985961789759
0.01519709659263314,0.8938197578771546,3.606231162522344,0.036778797696178,0.03593155401296383,-0.603830707393411,0.36589626346971704,1.056740900059089,13,svm_iris,iALM,2.5631215419592466
0.019488852487389574,0.8796119465900636,3.8128478901008345,0.03877502273880562,0.03768108277785751,-0.5995389514986547,0.36297910713675813,1.0700084734888935,14,svm_iris,iALM,2.709973965311703
0.024540248847066293,0.8647331030100899,4.005825209327847,0.04061599476335948,0.03922790894554561,-0.5944875551389779,0.36011071957687624,1.0832841730232345,15,svm_iris,iALM,2.8471322066248703
0.03040440409267937,0.8492290266274657,4.184633195803818,0.04229839352724434,0.04056312498308762,-0.5886233998933648,0.35729336754904556,1.0963354759313202,16,svm_iris,iALM,2.9742196231981217
0.03712802767131598,0.8331468871633323,4.348791717782119,0.043819937486021046,0.04167858754346043,-0.5818997763147282,0.3545291545130404,1.1089472144086767,17,svm_iris,iALM,3.090894962358709
0.044750413472311,0.8165350689008556,4.497871681479836,0.04517937549304389,0.04256693980448718,-0.5742773905137332,0.351820015770305,1.1209227550319394,18,svm_iris,iALM,3.1968532465638897
0.05330253230964621,0.7994430123209921,4.6314961012211,0.04637647073048415,0.0432216310733894,-0.565725271676398,0.3491677141670652,1.132084671547728,19,svm_iris,iALM,3.291826534003146
0.06280623568066301,0.781921053570955,4.749340992056898,0.047411977217148446,0.043636933610204785,-0.5562215683053812,0.34657383636938793,1.1422750371206822,20,svm_iris,iALM,3.3755845530259205
0.07327358142010451,0.7640202622968799,4.851136083101553,0.04828760930185351,0.04380795663273331,-0.5457542225659396,0.3440397897179769,1.1513554423147616,21,svm_iris,iALM,3.4479352091440836
0.0970996222116827,0.7272824407800714,5.005761814860161,0.049570222671241664,0.043401839864754065,-0.5219281817743615,0.33915590980091753,1.1657291270950383,23,svm_iris,iALM,3.5578351368388175
0.11043642268944145,0.7085402845944286,5.058311862135702,0.0499843573125813,0.042819095035035504,-0.5085913812966028,0.33680799798331096,1.1708405859241535,24,svm_iris,iALM,3.5951849771936732
0.13982524498462512,0.670556897061555,5.113566153904973,0.05038239833487877,0.04088614389421427,-0.47920255900141906,0.33230376551096674,1.1765929464834983,26,svm_iris,iALM,3.634456853880708
0.1557929294010184,0.6514172421985643,5.116294870348848,0.05037822785381923,0.039535097201867236,-0.46323487458502577,0.33014833340324024,1.1771582567260068,27,svm_iris,iALM,3.636396283602208
0.18999935156127076,0.6130796750530254,5.0723800518605255,0.04999671836587893,0.03606768624226192,-0.4290284524247734,0.32603173450861317,1.173604528272079,29,svm_iris,iALM,3.6051839147312337
0.22675798069331204,0.5749868150527193,4.963757634212512,0.049168521551650135,0.031593841972995244,-0.39226982329273213,0.3221733876886444,1.163911038658423,31,svm_iris,iALM,3.5279807499683336
0.2653632916283599,0.5375176881211681,4.7924422170114385,0.04796030278480537,0.02614099993294352,-0.35366451235768426,0.3185699738679332,1.1484285024427285,33,svm_iris,iALM,3.40621866192995
0.30497242964278554,0.5010373057356817,4.561216367413049,0.0464432100370123,0.019748782943204923,-0.31405537434325864,0.3152155126491958,1.1277631216585422,35,svm_iris,iALM,3.241875354622681
0.3641832102635075,0.4489393427031322,4.1099546388952515,0.0437512151756386,0.008515092222928207,-0.2548445937225367,0.310631203199619,1.0889996588679567,38,svm_iris,iALM,2.921141989150698
0.40204006341196474,0.41643666387608413,3.7459066413442264,0.041788527847734944,2.4855985723644465e-05,-0.21698774057407944,0.30785628692780176,1.0596911718647548,40,svm_iris,iALM,2.662395607463532
0.4544699017788102,0.3712732548735117,3.1785293072633696,0.03872287986194456,0.0,-0.16455790220723399,0.3040807210081337,1.0135708627195021,43,svm_iris,iALM,2.25913330899654
0.4858177626494452,0.3434968844163395,2.8075934806440523,0.0366472390816183,0.0,-0.13321004133659897,0.3018007951154965,0.982768673327739,45,svm_iris,iALM,1.9954914166594342
0.5267810279528884,0.3051645050894477,2.2640278405889154,0.033550567845776945,0.0,-0.09224677603315579,0.2987029626258727,0.9383465195870488,48,svm_iris,iALM,1.609153231805053
0.5596707968208633,0.2709666647156471,1.7375783066688282,0.030573815482554858,0.0,-0.059357007165180886,0.29595259536486784,0.8985728172586481,51,svm_iris,iALM,1.2349802849434914
0.5912187396116265,0.23178445736372166,1.1625166809074665,0.026931180123816904,0.0,-0.027809064374417658,0.29274984388558656,0.8556356696916021,55,svm_iris,iALM,0.8262563916276481
0.6070650238541497,0.20637961861369825,0.915792986945996,0.024432773457285086,0.0,-0.011962780131894446,0.29064495376519756,0.8309978020139187,58,svm_iris,iALM,0.6508980226255646
0.6201407597115387,0.17693099879751506,0.674978107200181,0.023127010145511964,0.0,0.0011129557254945244,0.2881738940673076,0.8065413268796909,62,svm_iris,iALM,0.47973933143697695
0.6268409007513336,0.15225841259667994,0.5707712492869783,0.022699046391663553,0.0,0.007813096765289407,0.2860272045002435,0.7890544448627085,66,svm_iris,iALM,0.4056745168701816
0.6293068362359665,0.13228376803091846,0.5349301986885617,0.02148167906859293,0.0,0.010279032249922326,0.2841465155975573,0.7760212608574861,70,svm_iris,iALM,0.3802005622801495
0.6287211333484917,0.11727609198210664,0.5060233169712876,0.019645506894019008,0.0,0.00969332936244749,0.28248640228684974,0.7660637939039678,74,svm_iris,iALM,0.359655054268791
0.6248487866811863,0.10202753880171844,0.46273009653387187,0.01665742725774817,0.0,0.005820982695142085,0.28066621865516994,0.7567918349344209,79,svm_iris,iALM,0.32888448496165973
0.6186720009511923,0.09979667946016202,0.45625906042999564,0.01430655817305128,0.0,-0.0003558030348518315,0.27907508224758687,0.749699821022278,84,svm_iris,iALM,0.3242852090724679
0.6093283374859095,0.1334425981919698,0.4568192088217977,0.01295522541693436,0.0,-0.009699466500134646,0.277406519974838,0.7427976390105628,90,svm_iris,iALM,0.324683333414757
0.6002702459026528,0.16027182192710454,0.4498642384287991,0.013764382389092453,0.0,-0.018757558083391412,0.2761721858133552,0.7380861405542202,95,svm_iris,iALM,0.31974010220339033
0.5883424393987823,0.19101229933990127,0.44269616590915534,0.017056030832091163,0.0,-0.0306853645872619,0.274827404496118,0.7332280454868965,101,svm_iris,iALM,0.3146454090843352
0.5738319318627956,0.22563389091431785,0.43550553005338466,0.021215273811485413,0.0,-0.045195872123248604,0.2733949416679887,0.7277761627275019,108,svm_iris,iALM,0.30953467911953186
0.5593415124777644,0.2587147911369895,0.42203887174225385,0.025752215804914803,0.0,-0.059686291508279754,0.2720746924270582,0.7219288190560744,115,svm_iris,iALM,0.2999632788237944
0.5451165894817456,0.2899409693246494,0.4069428132223283,0.03067430246368525,0.0,-0.0739112145042986,0.27084111344382866,0.7154589667124029,122,svm_iris,iALM,0.2899409693246494
0.5292082653183291,0.32317318713693066,0.3881451362146985,0.03677606563572784,0.0,-0.08981953866771508,0.2695059299674866,0.7073352200562878,130,svm_iris,iALM,0.32317318713693066
0.5136970703226538,0.353612857440447,0.36793580446465957,0.04336691673098682,0.0,-0.10533073366339041,0.26821371309950115,0.6984786148234576,138,svm_iris,iALM,0.353612857440447
0.4967534265751522,0.3843372173495251,0.3438255787437381,0.05130872047379571,0.0,-0.12227437741089198,0.26676233726103415,0.687705975930441,147,svm_iris,iALM,0.3843372173495251
0.4805695430676651,0.4113014492594955,0.3154791564755252,0.05972792900831905,0.0,-0.1384582609183791,0.265261797962948,0.67603944117129,156,svm_iris,iALM,0.4113014492594955
0.4637177061047131,0.4368921643299063,0.2869584189736124,0.06951348643153693,0.0,-0.1553100978813311,0.2634899553814441,0.661991141422897,166,svm_iris,iALM,0.4368921643299063
0.4465304589660838,0.4596238485056945,0.26335810576937163,0.0805604919570745,0.0,-0.1724973450199604,0.2613590148750238,0.6454343540248646,177,svm_iris,iALM,0.4596238485056945
0.4307352014387788,0.4766454586295801,0.281853397949544,0.09159588920506151,0.0,-0.18829260254726538,0.2589762113634473,0.6279602297158546,188,svm_iris,iALM,0.4766454586295801
0.41509514723431684,0.48868390039771437,0.3002143184358072,0.10320176614864575,0.0,-0.20393265675172734,0.25601694323559654,0.608131226119254,200,svm_iris,iALM,0.48868390039771437
0.4000459311003238,0.4941233827639462,0.317155803995592,0.11472157662413236,0.0,-0.21898187288572035,0.25230111223891605,0.5860841355101887,213,svm_iris,iALM,0.4941233827639462
0.38608453876045246,0.4914180449718635,0.33087375433784044,0.12524069971800414,0.0,-0.23294326522559172,0.24760745040167756,0.5620789088146755,227,svm_iris,iALM,0.4914180449718635
0.37455582696368617,0.48023132279298375,0.3382050365175499,0.13313562606729717,0.0,-0.244471977022358,0.2421037302316289,0.5382005993577457,241,svm_iris,iALM,0.48023132279298375
0.3644927627651569,0.4579176118855742,0.3376804255840153,0.1382669916065473,0.0,-0.25453504122088727,0.23472869782944733,0.511550482271125,257,svm_iris,iALM,0.4579176118855742
0.3578159454739307,0.42687533370487996,0.3274343445123747,0.13884888450266392,0.0,-0.2612118585121135,0.2261339070855118,0.48605724312136545,273,svm_iris,iALM,0.42687533370487996
0.3543927794427051,0.3864649267588415,0.30610029970159147,0.13451227486994452,0.0,-0.2646350245433391,0.21565157781340616,0.4607013400513126,290,svm_iris,iALM,0.3864649267588415
0.35483724436464426,0.3354662894075796,0.2704507672225232,0.12434985647072219,0.0,-0.2641905596213999,0.20236024700597635,0.4349783542250193,309,svm_iris,iALM,0.3354662894075796
0.3593984154327645,0.2821599814507275,0.22412883748544998,0.11005008630079048,0.0,-0.25962938855327966,0.18758965770074582,0.41255746011803757,328,svm_iris,iALM,0.2821599814507275
0.3685543217657438,0.26629889171041765,0.18111282664540185,0.09184466721153817,0.0,-0.25047348222030036,0.16990593965964246,0.3923671751940799,349,svm_iris,iALM,0.26629889171041765
0.3826749739987713,0.2781064869776124,0.20563148085752547,0.0720531151453442,0.0,-0.23635282998727286,0.1495236373260101,0.37675996354623104,372,svm_iris,iALM,0.2781064869776124
0.40035467277437947,0.27708237047119266,0.2197500378433035,0.07544406613393947,0.0,-0.2186731312116647,0.13090210202123584,0.36846285140464013,395,svm_iris,iALM,0.27708237047119266
0.4223730580849267,0.26106097903326275,0.22486817111262536,0.07666186627421315,0.0,-0.19665474590111748,0.12227918779928643,0.36741005341260713,420,svm_iris,iALM,0.26106097903326275
0.44797554296052466,0.22756305811156663,0.2245843636696513,0.07218078967049296,0.0,-0.17105226102551951,0.1292004451200651,0.37364921735561,447,svm_iris,iALM,0.22756305811156663
0.4766579631771678,0.17882023797728908,0.22662571592322522,0.060911791631680104,0.0,-0.14236984080887638,0.13854098164448356,0.3845077289703241,476,svm_iris,iALM,0.17882023797728908
0.5070157402141569,0.12397859459206029,0.22077896702673327,0.044095091146077764,0.0,-0.11201206377188733,0.1425100641185825,0.3948784556746417,506,svm_iris,iALM,0.15691820654168173
0.5386184331218078,0.10672929979471946,0.21100227568573526,0.05079734214789713,0.0,-0.08040937086423638,0.139859678922037,0.40149444866289297,538,svm_iris,iALM,0.14996944284466146
0.5716534810840026,0.11814524923024627,0.19707699885904428,0.057768939331482486,0.0,-0.04737432290204158,0.14202973412581732,0.4018005886220066,573,svm_iris,iALM,0.14007208036186572
0.603025314783469,0.11158348706741128,0.17873517496266955,0.0561009754145084,0.0,-0.016002489202575187,0.14782956249885526,0.39615957106744415,609,svm_iris,iALM,0.12703566593669097
0.6326400675691417,0.07801349063468921,0.15293257279567107,0.04019694661428943,0.0,0.013612263583097528,0.1603146097482342,0.3867575974001309,648,svm_iris,iALM,0.11394328627815546
0.6575407214651756,0.0164581950922964,0.12461809027042148,0.02448131486224454,0.0,0.03851291747913144,0.1670228901899241,0.3756117041079777,689,svm_iris,iALM,0.1187111831030426
0.6766619413438495,0.0,0.1636919717656366,0.03411921324441893,0.0,0.057634137357805315,0.16368350701700796,0.3613250155451072,733,svm_iris,iALM,0.11634373953577312
0.6882920897351961,0.0,0.15837474096573023,0.0740988393356151,0.0,0.06926428574915189,0.14750920500739317,0.341787137486561,779,svm_iris,iALM,0.11256452844458041
0.6914209242712412,0.03155943900572611,0.10985242823930436,0.09711319815817487,0.0,0.07239312028519707,0.11806424599119963,0.31735975344479084,829,svm_iris,iALM,0.08391392525806902
0.6853267769861906,0.03958487618422957,0.08087693074126934,0.09182936179521904,0.0,0.06629897300014642,0.1150971325919321,0.2953493188380037,882,svm_iris,iALM,0.08180505538024921
0.6715609822224492,0.020602596603284562,0.12266791248769868,0.06263935332015025,0.0,0.05253317823640502,0.12033039123445827,0.2802740381172886,938,svm_iris,iALM,0.08718597195651737
0.6534115744437777,0.06629180947142754,0.12930761843991662,0.024224969818329615,0.0,0.03438377045773355,0.11791066718187054,0.265214868591126,998,svm_iris,iALM,0.09190512960100444
0.636305203388445,0.10792235322723054,0.08618911071428198,0.027378487339452924,0.0,0.017277399402400806,0.1051010955072787,0.24390056006637187,1061,svm_iris,iALM,0.10792235322723054
0.6251885792271878,0.12785903987733183,0.030659252311228236,0.028056318992245463,0.0,0.006160775241143668,0.09782711251673482,0.22620472249235105,1129,svm_iris,iALM,0.12785903987733183
0.6230907173556273,0.11528902877033553,0.08281059017002723,0.027467081897036612,0.0,0.004062913369583088,0.11596573410179561,0.2247156763065402,1200,svm_iris,iALM,0.11528902877033553
0.6276792468465956,0.07788687334784783,0.11891474097427007,0.02814943634135744,0.0,0.008651442860551417,0.12410712563434129,0.2257398015437267,1277,svm_iris,iALM,0.08820888980437115
0.6312426042706419,0.04490048202771213,0.08947604058739578,0.04318300211676941,0.0,0.01221480028459776,0.11959016801366434,0.22005929144942538,1358,svm_iris,iALM,0.08499847126492947
0.6265929510160501,0.03258981603673383,0.08827977340389115,0.028232229215951324,0.0,0.007565147030005881,0.11008657080412709,0.22223684548812422,1444,svm_iris,iALM,0.0782438086722988
0.6161787535162044,0.033727629020645855,0.08794989045274243,0.009993536356366042,0.0,-0.0028490504698397423,0.10707356108239469,0.2288711768217059,1536,svm_iris,iALM,0.07610231807564403
0.6109048984624099,0.05502808340901855,0.052106357458016395,0.017831736455023117,0.0,-0.00812290552363426,0.11366222004064636,0.22824942490999917,1634,svm_iris,iALM,0.08078519417189124
0.6118704542766141,0.02535299322188922,0.08885605299090121,0.008613213081357023,0.0,-0.00715734970943005,0.11882427826708575,0.22650551340861197,1738,svm_iris,iALM,0.08445411666874539
0.6150166524643708,0.04048920304702652,0.06928844381320137,0.012002979784880814,0.0,-0.004011151521673417,0.11051955562758564,0.21594571939800578,1849,svm_iris,iALM,0.07855155176427846
0.6151760202623937,0.039745091003471233,0.04289829489967889,0.014032829900355192,0.0,-0.0038517837236504704,0.0935469659396777,0.20193151518979513,1966,svm_iris,iALM,0.06648831779746738
0.6128301322456722,0.04557837021655542,0.02782847441561545,0.015323007133606048,0.0,-0.006197671740372002,0.08329972162867305,0.1873703887903717,2091,svm_iris,iALM,0.05920510952390661
0.6115888791253844,0.05016853629205087,0.028853852217919196,0.018061779382677497,0.0,-0.007438924860659779,0.08107756646705705,0.1747823688579233,2224,svm_iris,iALM,0.05762571721442135
0.6120791989762651,0.028084750414238746,0.030918739134422335,0.009388459300605431,0.0,-0.0069486050097791185,0.0757771877966118,0.17165159987211276,2366,svm_iris,iALM,0.05385848374033166
0.6123887409391687,0.020085477793286288,0.043087220361827855,0.006985563038195395,0.0,-0.006639063046875449,0.08267402453534628,0.17347653350199266,2516,svm_iris,iALM,0.05876039657391219
0.614173246326227,0.023706024464876574,0.037831472716868375,0.009099468149750909,0.0,-0.004854557659817127,0.0798452336370028,0.17241448997345316,2676,svm_iris,iALM,0.05674983913527836
0.6195755288276885,0.01356273523757856,0.023481998816230143,0.0030877936791441833,0.0,0.000547724841644337,0.07296865314847817,0.16572659877713258,2847,svm_iris,iALM,0.051862323390772916
0.623711102604454,0.01899892440606532,0.017989068415340675,0.007940934075268446,0.0,0.00468329861840977,0.07139069471673443,0.15370651224946355,3028,svm_iris,iALM,0.05074079261073004
0.6243556590085915,0.024320774096679543,0.0053522556808228705,0.006111249880081203,0.0,0.00532785502254729,0.06396163716343711,0.14308425617537934,3220,svm_iris,iALM,0.045460604904184646
0.6236146578234496,0.014821076014786994,0.017260456338518637,0.006922037947631748,0.0,0.004586853837405425,0.066835891413983,0.13794926291940243,3425,svm_iris,iALM,0.047503475328910624
0.6202938955236224,0.0054344630536062866,0.015080567110797749,0.0018591776947425487,0.0,0.0012660915375781734,0.06601581508953447,0.1351793876875439,3643,svm_iris,iALM,0.046920607731544904
0.6175808444837885,0.006531606057383343,0.017346305454035538,0.0022400548588831556,0.0,-0.001446959502255707,0.0640122475611351,0.1294063126806926,3875,svm_iris,iALM,0.04549657614250541
0.6160861929436116,0.00966434808116079,0.0045276399053529315,0.003388470336006352,0.0,-0.0029416110424326236,0.05635294710870503,0.1204436143819044,4121,svm_iris,iALM,0.0400527437587182
0.6159903368934492,0.008530308720716473,0.005583282127442135,0.0030872998640486893,0.0,-0.003037467092595003,0.05108956745068799,0.11310893659332456,4383,svm_iris,iALM,0.03631180725825891
0.6173931817335119,0.004439604477290415,0.011216633693620803,0.001614743293155533,0.0,-0.0016346222525323029,0.05021034161186233,0.10844290126660228,4662,svm_iris,iALM,0.035686899262575955
0.6193449730635188,0.0049441908407119595,0.006568460581379998,0.0012355301975011525,0.0,0.00031716907747458833,0.04647141705189267,0.10208933225428256,4959,svm_iris,iALM,0.03302946615539939
0.6203077634116372,0.007237241404668415,0.001563736237597424,0.001857144798118336,0.0,0.0012799594255930025,0.042243567423070116,0.09445750950759364,5274,svm_iris,iALM,0.03002453053939744
0.6197054016245922,0.0032705921727009812,0.005247555066227871,0.0013796329639491412,0.0,0.000677597638548022,0.04158767813362435,0.08858352588991063,5609,svm_iris,iALM,0.02955835854676707
0.6183755605697043,0.0032902176640557945,0.0044318218627451,0.0012107103511108692,0.0,-0.0006522434163398483,0.038995735202509374,0.08269774306893563,5966,svm_iris,iALM,0.02771614032423275
0.6178311032605673,0.003731095324500222,0.0010141654099586894,0.0013908316072658343,0.0,-0.0011967007254768403,0.034200815308307986,0.07612988822941771,6346,svm_iris,iALM,0.02430816065822586
0.6183997491902662,0.0022885916212237456,0.003189861045481912,0.0008625892208141398,0.0,-0.0006280547957779881,0.03200906576668616,0.07042365238706892,6749,svm_iris,iALM,0.02275037908196636
0.6191675886008472,0.0021827338457310885,0.0011695513535039948,0.0005641882888375742,0.0,0.00013978461480301796,0.028982956276568106,0.06445089425254019,7179,svm_iris,iALM,0.020599577851292104
0.619123727012562,0.0013556668147991502,0.0014975369695791607,0.0004691890734522655,0.0,9.592302651784124e-05,0.026846853627871814,0.0587338975469907,7635,svm_iris,iALM,0.01908134719220142
0.6186295152954141,0.0019041767379329722,0.0010040805727847824,0.0007284887610362278,0.0,-0.00039828869063007755,0.02439432646446521,0.05330375895499689,8121,svm_iris,iALM,0.017338218446020074
0.6186078729938498,0.0016497770893192376,0.0007706547039956768,0.0006364050749099239,0.0,-0.000419930992194395,0.021547869135554787,0.048019847827929105,8637,svm_iris,iALM,0.015315104627410871
0.6189368901090629,0.0009207896856053832,0.0004934448953215487,0.00035727719662799457,0.0,-9.091387698123565e-05,0.01926795215791824,0.04299325870905695,9187,svm_iris,iALM,0.013694658223422855
0.6189372580555671,0.0009333138758317316,0.00048611578920843,0.00036367874626182706,0.0,-9.05459304770817e-05,0.01730453458037229,0.03821284367013508,9771,svm_iris,iALM,0.012299163131158846
0.6187926773613428,0.0010914801898023185,0.0002694248399806032,0.00042765197565011796,0.0,-0.00023512662470137613,0.015159261565420523,0.03372083703641086,10393,svm_iris,iALM,0.010774414652705571
0.6188896303760327,0.0007809202658580761,0.00026178641064378283,0.0003075854485110668,0.0,-0.00013817361001144945,0.013211609625764537,0.029527787409236127,11054,svm_iris,iALM,0.009390124955846728
0.618939643099476,0.0006498894220996476,0.00019187190320391068,0.00025699701277174305,0.0,-8.816088656815602e-05,0.011521164514625593,0.0256279175220969,11757,svm_iris,iALM,0.008188644494780174
0.6188976927725997,0.0006546408096996803,0.00016212102207768808,0.00025994630918790146,0.0,-0.00013011121344452814,0.00988611054994154,0.022055062706453684,12504,svm_iris,iALM,0.0070265331795930685
0.6189454217626185,0.0004930098808799688,0.00012120941278248587,0.0001965056829842356,0.0,-8.238222342571433e-05,0.008384797095466967,0.01879282265850016,13300,svm_iris,iALM,0.005959477662911894
0.6189509067899872,0.0004387104502491246,0.00011805124546027113,0.0001754189647553131,0.0,-7.689719605696865e-05,0.007117109957591405,0.01585223476586702,14146,svm_iris,iALM,0.005058471580628232
0.6189603591002075,0.0003651467681154985,8.92200342554883e-05,0.00014644461723884838,0.0,-6.744488583665387e-05,0.005911594914405516,0.013230976840117311,15045,svm_iris,iALM,0.004201654189536615
0.618976090353915,0.000296444996341072,7.815778137743035e-05,0.00011919364227846423,0.0,-5.171363212919111e-05,0.004891702212929394,0.010914322134800022,16002,svm_iris,iALM,0.003476767504288173
0.6189823987170744,0.0002456343634056335,6.147035590775562e-05,9.89881798587729e-05,0.0,-4.540526896978925e-05,0.003978507467466752,0.008894091652406042,17020,svm_iris,iALM,0.0028277161765684717
0.618992703722838,0.00019550988767091937,5.0685191695931664e-05,7.893979140964875e-05,0.0,-3.51002632061892e-05,0.0032047791959910477,0.0071548310720693006,18102,svm_iris,iALM,0.0022777903645871986
0.6189992751097098,0.0001556265550846092,3.943636394210248e-05,6.293986840379638e-05,0.0,-2.8528876334421582e-05,0.0025396095146066333,0.005675390167035341,19254,svm_iris,iALM,0.0018050223520613246
0.6190054410449303,0.00012193898796086788,3.127707254946266e-05,4.93830507699248e-05,0.0,-2.236294111390702e-05,0.0019868221429358845,0.0044370810454990315,20478,svm_iris,iALM,0.0014121298400179986
0.6190107236680521,9.339329667001905e-05,2.3886087867852623e-05,3.786538598737546e-05,0.0,-1.7080317992079763e-05,0.0015283742340052031,0.0034143039607813126,21781,svm_iris,iALM,0.0010862889112782787
0.6190147201938979,7.093270988212108e-05,1.809508212780031e-05,2.878531786386103e-05,0.0,-1.3083792146262319e-05,0.0011568382221766038,0.00258431876156234,23166,svm_iris,iALM,0.0008222204385114257
0.61901808142159,5.27237747631748e-05,1.3485653931666342e-05,2.1411551998775985e-05,0.0,-9.722564454195393e-06,0.0008603575038712563,0.0019217789924678556,24639,svm_iris,iALM,0.0006114973645827784
0.6190207146401541,3.84393133469052e-05,9.83102483143039e-06,1.5619456391526843e-05,0.0,-7.08934589011001e-06,0.0006277862486162578,0.001402335605885133,26206,svm_iris,iALM,0.0004461978129124282
0.6190227249261709,2.749532457169135e-05,7.027525456448913e-06,1.1177385294693463e-05,0.0,-5.0790598732364245e-06,0.00044896859923326815,0.001002922329403416,27873,svm_iris,iALM,0.00031910352844745767
0.6190242434354143,1.9253237412586444e-05,4.920477076786334e-06,7.829408613953338e-06,0.0,-3.5605506298885814e-06,0.00031432218142651847,0.0007021423953570186,29646,svm_iris,iALM,0.0002234038579397197
0.6190253656881919,1.3176838946860059e-05,3.36780451026808e-06,5.359723314309792e-06,0.0,-2.438297852291882e-06,0.00021511288865350142,0.00048052321836010816,31532,svm_iris,iALM,0.00015289105273973242
0.6190261741525385,8.804477507506903e-06,2.2504044725479844e-06,3.581879115819956e-06,0.0,-1.6298335057118862e-06,0.00014373542901169323,0.00032107824778372207,33537,svm_iris,iALM,0.0001021596669318733
0.6190267423627779,5.733451642675469e-06,1.465488955743055e-06,2.3327973131294527e-06,0.0,-1.0616232662963299e-06,9.360131153285378e-05,0.00020908781308126803,35670,svm_iris,iALM,6.652694381845786e-05
0.6190271311828979,3.6329022609082884e-06,9.28592580162757e-07,1.4782611649424563e-06,0.0,-6.728031463065776e-07,5.930926905245437e-05,0.0001324857641087172,37939,svm_iris,iALM,4.215394363124407e-05
0.619027389788702,2.236235935537678e-06,5.71599900078823e-07,9.099958491671116e-07,0.0,-4.1419734220227156e-07,3.650792783554957e-05,8.155182794097723e-05,40352,svm_iris,iALM,2.594793624437017e-05
0.6190275567290447,1.3348142942071206e-06,3.4118973868402236e-07,5.431982267119636e-07,0.0,-2.472569994305118e-07,2.179162987470118e-05,4.8678386528066556e-05,42918,svm_iris,iALM,1.548835708224048e-05
0.6190276611492578,7.71060193915929e-07,1.970891898572802e-07,3.137874717241305e-07,0.0,-1.4283678639870345e-07,1.2588002653746155e-05,2.8119222270263318e-05,45647,svm_iris,iALM,8.9468975553663e-06
0.6190277243265565,4.300034059934177e-07,1.0991234000723438e-07,1.749948042501264e-07,0.0,-7.965948767285624e-08,7.0200564553091205e-06,1.5681481418279567e-05,48551,svm_iris,iALM,4.989490999181445e-06
0.6190277611745618,2.310927809112684e-07,5.9069182101190165e-08,9.40466007598081e-08,0.0,-4.281148235918408e-08,3.7727240784768412e-06,8.427553610802458e-06,51639,svm_iris,iALM,2.681456046940924e-06
0.6190277818672256,1.1939426092233418e-07,3.051813801668857e-08,4.858946549241239e-08,0.0,-2.211881855451736e-08,1.949180829186048e-06,4.354102136097398e-06,54923,svm_iris,iALM,1.3853763520157564e-06
0.6190277930286107,5.9146338604598725e-08,1.5118282070680777e-08,2.4070637082774294e-08,0.0,-1.095743351609002e-08,9.655983996270656e-07,2.156964602373643e-06,58416,svm_iris,iALM,6.862971194654165e-07
0.6190277987948584,2.8021040598957825e-08,7.16240289300174e-09,1.140366685430284e-08,0.0,-5.191185814545918e-09,4.5745979010414217e-07,1.0218788423298594e-06,62131,svm_iris,iALM,3.251386252721444e-07
0.619027801641137,1.2657345616062798e-08,3.235318790650865e-09,5.151137807137576e-09,0.0,-2.3449071573367064e-09,2.0663852690061546e-07,4.6159147346848846e-07,66083,svm_iris,iALM,1.4686791717679053e-07
0.6190278029789651,5.436010419579418e-09,1.3894887462839733e-09,2.212284293509451e-09,0.0,-1.007079086789986e-09,8.874604007225173e-08,1.9824190464968105e-07,70286,svm_iris,iALM,6.30760693980769e-08
0.619027803576139,2.2125845600129423e-09,5.655554913275296e-10,9.004520457675323e-10,0.0,-4.099052208772491e-10,3.612173971045962e-08,8.068914768398008e-08,74756,svm_iris,iALM,2.5673453811587196e-08
0.6190278038284645,8.505831594618485e-10,2.174158630907641e-10,3.461605046521797e-10,0.0,-1.5757972704477652e-10,1.3886270133767198e-08,3.101930661095416e-08,79510,svm_iris,iALM,9.869638554293171e-09
0.6190278039290475,3.0766034164741995e-10,7.863942830255155e-11,1.2520805315851526e-10,0.0,-5.6996629638206286e-11,5.022737559201573e-09,1.1219848802928718e-08,84567,svm_iris,iALM,3.5699006129692586e-09
0.6190278039667206,1.04305342141231e-10,2.6661228780255897e-11,4.2448984032659463e-11,0.0,-1.9323542765903312e-11,1.702841589956705e-09,3.803826657479456e-09,89946,svm_iris,iALM,1.210291233440896e-09
0.6190278039799271,3.301880990846939e-11,8.440026455502903e-12,1.3437614122317713e-11,0.0,-6.1171068210796875e-12,5.390475288358232e-10,1.2041301041970465e-09,95666,svm_iris,iALM,3.8312694639702977e-10
0.6190278039842445,9.712453064025794e-12,2.482680727666775e-12,3.952662041403366e-12,0.0,-1.7996715229173788e-12,1.585617748212087e-10,3.5419697551375277e-10,101751,svm_iris,iALM,1.126974623809943e-10
0.6190278039855546,2.6437740885398853e-12,6.813438702124586e-13,1.075932662932151e-12,0.0,-4.89608353859694e-13,4.315287016609659e-11,9.63952351151196e-11,108222,svm_iris,iALM,3.06708156342175e-11
0.619027803985926,6.59694521232268e-13,1.8640644583456378e-13,2.68474861783529e-13,0.0,-1.1812772982011666e-13,1.0794032334615622e-11,2.411251643693022e-11,115105,svm_iris,iALM,7.671836761043057e-12
0.6190278039860162,1.5265566588595902e-13,5.084821452783217e-14,6.212604088857228e-14,0.0,-2.7977620220553945e-14,2.4771296125436493e-12,5.526740933650608e-12,122426,svm_iris,iALM,1.760614887398098e-12
0.6190278039860359,3.7636560534792807e-14,1.687538997430238e-14,1.5316892990056145e-14,0.0,-8.326672684688674e-15,5.216382881201298e-13,1.1668099111703143e-12,130212,svm_iris,iALM,3.707533635908911e-13
0.6190278039860424,8.548717289613705e-15,1.687538997430238e-14,3.4790582897806924e-15,0.0,-1.7763568394002505e-15,6.217248937900877e-14,1.3870133257639508e-13,138493,svm_iris,iALM,4.418897171669661e-14
0.6190278039860423,8.43769498715119e-15,1.6764367671839864e-14,3.4338757145887756e-15,0.0,-1.887379141862766e-15,5.739853037312059e-14,1.2764683556180817e-13,147302,svm_iris,iALM,4.079588995987884e-14
0.6190278039860423,8.43769498715119e-15,1.6764367671839864e-14,3.4338757145887756e-15,0.0,-1.887379141862766e-15,5.739853037312059e-14,1.2764683556180817e-13,156670,svm_iris,iALM,4.079588995987884e-14
0.6190278039860423,8.43769498715119e-15,1.6764367671839864e-14,3.4338757145887756e-15,0.0,-1.887379141862766e-15,5.739853037312059e-14,1.2764683556180817e-13,166634,svm_iris,iALM,4.079588995987884e-14
0.6190278039860423,8.43769498715119e-15,1.6764367671839864e-14,3.4338757145887756e-15,0.0,-1.887379141862766e-15,5.739853037312059e-14,1.2764683556180817e-13,177232,svm_iris,iALM,4.079588995987884e-14
0.6190278039860423,8.43769498715119e-15,1.6764367671839864e-14,3.4338757145887756e-15,0.0,-1.887379141862766e-15,5.739853037312059e-14,1.2764683556180817e-13,188504,svm_iris,iALM,4.079588995987884e-14
0.6190278039860423,8.43769498715119e-15,1.6764367671839864e-14,3.4338757145887756e-15,0.0,-1.887379141862766e-15,5.739853037312059e-14,1.2764683556180817e-13,200493,svm_iris,iALM,4.079588995987884e-14
0.6190278039860423,8.43769498715119e-15,1.6764367671839864e-14,3.4338757145887756e-15,0.0,-1.887379141862766e-15,5.739853037312059e-14,1.2764683556180817e-13,213245,svm_iris,iALM,4.079588995987884e-14
0.0,1.0,0.009699902314863491,0.0001,0.0001,-0.6190278039860442,0.4068684575963365,0.999696483041159,0,svm_iris,PBM,1.0
6.145914224522813e-09,0.9999330620284848,0.01448637957389013,0.0001499899593042727,0.00015000000000000001,-0.61902779784013,0.4068184575963365,0.9995456133434235,1,svm_iris,PBM,0.9999330620284848
5.944746886875498e-08,0.9997918143856525,0.027576978951924895,0.0002862948941268629,0.0002863230816077556,-0.6190277445385753,0.4066821035526513,0.9991372030688561,2,svm_iris,PBM,0.9997918143856525
5.271254660676941e-07,0.999380044222824,0.0730628223063033,0.0007590853641797839,0.0007590891026111647,-0.6190272768605781,0.40620890825863026,0.9977542310404505,3,svm_iris,PBM,0.999380044222824
7.875202611136888e-06,0.9976033031888234,0.29224114079242647,0.003033260534754233,0.0030329278045890767,-0.619019928783433,0.4039280226821768,0.9918397590404864,4,svm_iris,PBM,0.9976033031888234
0.00024975953284607424,0.9864933954789693,1.7439063364205227,0.017960937750752626,0.01803612984205633,-0.6187780444531981,0.3887641381055832,0.9848673821450111,5,svm_iris,PBM,1.2394779193556411
0.008279461536135804,0.9219253107427108,10.118050890555836,0.09957857187166083,0.10281088110945648,-0.6107483424499084,0.29903428375558455,1.7532078612587882,6,svm_iris,PBM,7.1913843099521255
0.20143445916142189,0.6045597768295843,49.166623147055006,0.3663054279927363,0.43955347780247644,-0.4175933448246223,0.5931565157257668,7.970365633223333,7,svm_iris,PBM,34.945078463984345
0.4013985380485272,0.31247761679680297,47.69681562864368,0.5696525753371975,0.22769010452073715,-0.21762926593751697,2.225372192165797,11.150670242510481,8,svm_iris,PBM,33.90041572796086
0.4984562484963778,0.37566334567542725,33.66246689604381,1.4443766359584844,0.11935907041928803,-0.12057155548966636,5.0309980464617965,14.392481776416155,9,svm_iris,PBM,23.925530607525303
0.609582673357969,0.08079743825567776,29.566286000703926,0.7359853144740234,0.0684285926484395,-0.009445130628075171,10.711811192534848,22.006350242136886,10,svm_iris,PBM,21.014178278889734
0.751470125188347,0.02310811114794764,28.756482504234437,2.0016950069907744,0.03852334779690893,0.13244232120230282,14.391737764904965,29.641508114168033,11,svm_iris,PBM,20.438612073338152
0.8341784716937528,0.05893707605751197,20.934794025200944,2.038835801612049,0.021381834945074174,0.21515066770770863,9.917515775142972,24.87459099020914,12,svm_iris,PBM,14.879362726415293
0.8984374595925588,0.0,16.814370907858997,2.8672211850326264,0.011745593090211384,0.27940965560651465,10.630744185443769,20.27549016772958,13,svm_iris,PBM,11.95078028727428
0.9170655615584231,0.0,9.873336116888492,1.403443344703283,0.0064458977723935345,0.29803775757237894,5.708334167596344,11.97098123146306,14,svm_iris,PBM,7.017453777006551
0.9258240201071769,0.0,5.655452324488225,0.7879784145802692,0.003531145613574219,0.3067962161211327,3.1445380121994484,6.928518428776258,15,svm_iris,PBM,4.019601359187536
0.9297978509740339,0.0,3.1814811043103277,0.46735823753432626,0.0019330279648420755,0.3107700469879897,1.7476060276722731,3.984274977830068,16,svm_iris,PBM,2.261231292807777
0.9309019778835873,0.0,1.7243444681731768,0.29111325474922667,0.0010578451828501267,0.3118741738975431,0.9672205045112386,2.2629514770079937,17,svm_iris,PBM,1.2255743608631038
0.930174670623957,0.0,0.8557581901645551,0.19143387240937715,0.0005788430640639747,0.3111468666379128,0.5223471580632558,1.262074262498143,18,svm_iris,PBM,0.6082284116209198
0.9282704409152445,0.0,0.3919405471040721,0.13418205252199755,0.0003167459870652557,0.3092426369292003,0.26524030916776975,0.710961821022903,19,svm_iris,PBM,0.27857095515393643
0.9256166767308596,0.0,0.2629501066872783,0.10132036833217793,0.00017334435399436567,0.3065888727448154,0.24102628572654303,0.4779963120322945,20,svm_iris,PBM,0.18689125919461053
0.9224550841855302,0.0,0.30571253848641033,0.08145223949306417,0.0001,0.30342728019948606,0.2455376462934694,0.4502098247260115,21,svm_iris,PBM,0.21728457154518543
0.9151109406330253,0.0,0.4451948291577702,0.05983922714378679,0.0001,0.29608313664698116,0.2520167060867459,0.5504114696974991,23,svm_iris,PBM,0.31642132896023883
0.9110793957488563,0.0,0.4808357401166067,0.05311157892076235,0.0001,0.29205159176281215,0.25607011398316626,0.5979194350984757,24,svm_iris,PBM,0.3417530347041795
0.9024718407713509,0.0,0.5395537826016905,0.0417855120471566,0.0001,0.2834440367853067,0.2910195867824315,0.6727292437877328,26,svm_iris,PBM,0.3834867652423877
0.8979669744319698,0.0,0.5692457514788295,0.037051191905734505,0.0001,0.27893917044592564,0.3024635377237493,0.7019613024509078,27,svm_iris,PBM,0.4045902723727925
0.8886787743061939,0.0,0.6137669592194397,0.029137752204469958,0.0001,0.26965097032014973,0.31849322491373794,0.7486925496651219,29,svm_iris,PBM,0.4362336311845957
0.8791323642073712,0.0,0.6449159525644298,0.022947984732158908,0.0001,0.260104560221327,0.3289563224688195,0.7840745441779459,31,svm_iris,PBM,0.4583727155235616
0.8694074442781718,0.0,0.6681915053019207,0.018127417601778877,0.0001,0.25037964029212767,0.3373558028341724,0.8130989559586367,33,svm_iris,PBM,0.47491576779443834
0.859564477290387,0.0,0.6858344468103708,0.014377696372192019,0.0001,0.2405366733043428,0.344511958252525,0.8372778805824274,35,svm_iris,PBM,0.4874554529687536
0.844681939812208,0.0,0.7044620185214683,0.01024716204163349,0.0001,0.22565413582616378,0.3533545335769865,0.8661323000578203,38,svm_iris,PBM,0.5006949620782335
0.8347332478035705,0.0,0.7129415316953746,0.008228860062748922,0.0001,0.21570544381752632,0.3582202702233229,0.8814103255474484,40,svm_iris,PBM,0.5067217590032993
0.8198350749528311,0.0,0.7213227944286715,0.005980135189203576,0.0001,0.20080727096678697,0.3642842639845897,0.8997561989043815,43,svm_iris,PBM,0.5126787246254111
0.8099478573844163,0.0,0.7246815779158131,0.004864615660780344,0.0001,0.19092005339837215,0.3676451437570026,0.9095614577128299,45,svm_iris,PBM,0.5150659732300313
0.7952207949344472,0.0,0.7272120546666352,0.0036002296053181788,0.0001,0.17619299094840302,0.3718552437790844,0.9214525672017889,48,svm_iris,PBM,0.5168645044886107
0.7806502473472047,0.0,0.7274444270335495,0.0026879743965735805,0.0001,0.1616224433611605,0.3752462307771377,0.9306865011827217,51,svm_iris,PBM,0.5170296626807931
0.7615113770492583,0.0,0.7251751208250055,0.0018365927747026013,0.0001,0.14248357306321413,0.3787587579314827,0.9399134967389586,55,svm_iris,PBM,0.5154167578595855
0.7473969177149118,0.0,0.7220624597292499,0.0013814261517091323,0.0001,0.1283691137288676,0.3807855730626454,0.9450871579617315,58,svm_iris,PBM,0.5132044402493718
0.7289202775185868,0.0,0.7165395341386704,0.0009330319613777378,0.0001,0.10989247353254261,0.382838062737192,0.9502139933854326,62,svm_iris,PBM,0.509279031999627
0.7108524775322672,0.0,0.7098344303975312,0.0006025592107827317,0.0001,0.09182467354622303,0.38427796521178037,0.9537472317720492,66,svm_iris,PBM,0.5045133930082638
0.6932058790906874,0.0,0.7022158225638595,0.00034396346742621777,0.0001,0.07417807510464325,0.3852043246748968,0.9560014218090598,70,svm_iris,PBM,0.49909848282137353
0.675988267751642,0.0,0.6938726011518551,0.00021693266355713112,0.0001,0.056960463765597824,0.3856808222032755,0.9571718896576648,74,svm_iris,PBM,0.4931685549918201
0.6550766428934812,0.010057712101187555,0.6825645431767111,0.0002122369027749892,0.0001,0.03604883890743704,0.38569536535110993,0.9572654673532298,79,svm_iris,PBM,0.4851313755411431
0.634849799166747,0.02980733503589761,0.6702912450384623,0.00040406383665768803,0.0001,0.01582199518070282,0.38506083846095757,0.9558328378008603,84,svm_iris,PBM,0.47640815358688793
0.6114987292180877,0.05305736993459631,0.6537952176561693,0.0007985199889195491,0.0001,-0.007529074767956501,0.3832268751007672,0.9514602387778329,90,svm_iris,PBM,0.46468363531980844
0.592845550094879,0.07197317906108425,0.6372501352243318,0.0013526470042605275,0.0001,-0.02618225389116513,0.3803108353718666,0.94397212697607,95,svm_iris,PBM,0.4529242512749784
0.5715771786493449,0.09364553298695266,0.6085738515799537,0.002872758179277591,0.0001,-0.047450625336699304,0.37359075014170706,0.9239894200260892,101,svm_iris,PBM,0.43254264037989926
0.5492476678645256,0.11301092441543736,0.5199926338625376,0.011083504213282925,0.0001,-0.06978013612151857,0.3542738036441072,0.84149061255252,108,svm_iris,PBM,0.3695837181388505
0.5393513379698356,0.11582211908574536,1.3668404629273978,0.053003994265081976,0.0001,-0.07967646601620859,0.44149330120027386,0.9270327107844267,115,svm_iris,PBM,0.9714791085384435
0.5703306708877323,0.09526393853793513,2.354971438977419,0.15285674156646903,0.0001,-0.04869713309831192,1.3925010351401805,2.9501311906406,122,svm_iris,PBM,1.6737912113542686
0.6972201606080588,0.0,2.196987977350153,0.08710105702625157,0.0001,0.07819235662201462,1.4819687472442653,3.5168296572385342,130,svm_iris,PBM,1.5615047839121319
0.7000019749045392,0.0,0.2856848519722092,0.01602179658995761,0.0001,0.08097417091849501,0.26398606143851805,0.5074272851237179,138,svm_iris,PBM,0.2030499336568447
0.6720065957835685,0.0,0.549369992842024,0.003298896569335095,0.0001,0.052978791797524294,0.3308269706370388,0.76675667603458,147,svm_iris,PBM,0.3904636169175869
0.640513088362689,0.0005126964998684036,0.5869506729623104,0.0006314256074030983,0.0001,0.021485284376644875,0.3580962997321305,0.8314287764727889,156,svm_iris,PBM,0.41717400968963897
0.6074460556694108,0.022488181687610576,0.5422103810704544,0.003070110739154264,0.0001,-0.011581748316633389,0.3593253985839662,0.8107392608025962,166,svm_iris,PBM,0.3853749372581999
0.5789770805534696,0.0526406348308045,0.49996731537975514,0.007908925316109351,0.0001,-0.04005072343257454,0.3242755308802161,0.6715866888953815,177,svm_iris,PBM,0.3553507633240754
0.5800112159628801,0.039098048950021,0.7674743899789915,0.041196789979756857,0.0001,-0.0390165880231641,0.9060668714469104,1.5742648346115515,188,svm_iris,PBM,0.6439852056064101
0.653773949797225,0.0,0.7925463149096762,0.0329812081573614,0.0001,0.03474614581118085,1.0542746315968698,1.9933059643545625,200,svm_iris,PBM,0.7493235728951534
0.6418263117822501,0.0,0.3758580393178129,0.00527440231478404,0.0001,0.022798507796205958,0.3251447219765565,0.674631410868259,213,svm_iris,PBM,0.2671403451076142
0.6045650383282078,0.037700106045679305,0.4568107060034248,0.0014907689081568119,0.0001,-0.01446276565783633,0.3528167629164598,0.7375484998751796,227,svm_iris,PBM,0.32467729005370866
0.5781141534583479,0.06785681989485615,0.2452440470145516,0.012862661402743383,0.0001,-0.040913650527696244,0.32582049072596514,0.7319379473707052,241,svm_iris,PBM,0.2315762581363029
0.6143285081449869,0.05226371040926969,0.8602706705184776,0.009819815088951583,0.0001,-0.004699295841057327,1.0979095405172778,2.1348459421495583,257,svm_iris,PBM,0.7803369966039931
0.6202977063791877,0.059415798390992536,0.23331797350046846,0.0059122002811473635,0.0001,0.0012699023931435072,0.3497816580841282,0.7111016290878507,273,svm_iris,PBM,0.24860660961916295
0.6411886811477834,0.014055694772506566,1.6504073581982652,0.015081883042734768,0.0001,0.0221608771617392,1.675627427698568,2.726309631762379,290,svm_iris,PBM,1.1909488223788673
0.6309864541217589,0.006563225108618731,0.48595332283045084,0.005623489281104926,0.0001,0.011958650135714732,0.36209956548751665,0.7817114343168,309,svm_iris,PBM,0.3453903463199545
0.5851963776373941,0.0656150538471798,0.3839940533890352,0.011043238335978037,0.0001,-0.03383142634865011,0.3690341623832226,0.8068923765108709,328,svm_iris,PBM,0.27292300073666914
0.5942251126470648,0.04848054958547632,0.582232874162173,0.020831868491336444,0.0001,-0.024802691338979388,0.3741372642063447,0.6858933512968387,349,svm_iris,PBM,0.41382084368604755
0.6493993898301555,0.0,0.30531274982974915,0.009489141390530207,0.0001,0.03037158584411137,0.23114534056855543,0.49821955013713254,372,svm_iris,PBM,0.21700042256195648
0.6135555451462584,0.00939447908646307,0.33086306680402455,0.0034192667966590827,0.0001,-0.0054722588397857486,0.2499382303161101,0.4604453676330776,395,svm_iris,PBM,0.2351602589366294
0.618805126338098,0.019514810702551344,0.42733372573158124,0.004625175222668799,0.0001,-0.00022267764794614564,0.5583822830090301,1.0804955638544893,420,svm_iris,PBM,0.39686908401839366
0.6040773962330923,0.05285622476144536,0.2210076788849411,0.004998624545989088,0.0001,-0.014950407752951866,0.1695158463210129,0.36172025079329245,447,svm_iris,PBM,0.15708076303466706
0.6446246501084971,0.0,0.3637012941422569,0.012153206314877192,0.0001,0.025596846122452943,0.29820073755919674,0.5913324794021515,476,svm_iris,PBM,0.2584999629370539
0.5920063526448265,0.04199503471000998,0.39255683134172015,0.01199844284693158,0.0001,-0.027021451341217695,0.17174988542658043,0.33993654023881376,506,svm_iris,PBM,0.2790089779356986
0.6350468844408821,0.0,0.2612262220487387,0.007910803409247297,0.0001,0.01601908045483791,0.16153003649218725,0.3928773726580011,538,svm_iris,PBM,0.18566601165673416
0.6083224370311966,0.019334594538018224,0.37089720112630753,0.007350758565191718,0.0001,-0.010705366954847584,0.4086167992657579,0.7181142105416801,573,svm_iris,PBM,0.2904235678203038
0.6137265689950777,0.007821727605313633,0.23944613522779412,0.001057233917443709,0.0001,-0.0053012349909664636,0.1474886067403876,0.3755059899244528,609,svm_iris,PBM,0.17018585877672318
0.6290865002360047,0.0,0.08505355972021192,0.004054813602075436,0.0001,0.010058696249960475,0.08894259084534822,0.18521477425868482,648,svm_iris,PBM,0.06321576746453696
0.6171389143758074,0.007359132271890445,0.17444049859756972,0.0020661717149576837,0.0001,-0.0018888896102368102,0.13132572950844107,0.2568499986694471,689,svm_iris,PBM,0.1239832333523551
0.6140631478681976,0.00565228022778963,0.06653457486802503,0.0017860222615382376,0.0001,-0.0049646561178465776,0.1795600140253761,0.33583904271387793,733,svm_iris,PBM,0.12762191864068956
0.618280269631568,0.0011498389039981127,0.08835221828432266,0.00028728429580643437,0.0001,-0.0007475343544761648,0.15712102696277888,0.35513068243663526,779,svm_iris,PBM,0.11167345373982605
0.6202538887738716,0.0006251214369157321,0.0587977389749515,0.000787924970899264,0.0001,0.001226084787827375,0.12914852097949048,0.23956346246827478,829,svm_iris,PBM,0.0917920514011577
0.6205928040557206,0.0003084880826236258,0.049436675696101884,0.0006662621456086239,0.0001,0.0015650000696764144,0.04958167109251588,0.10332308028531204,882,svm_iris,PBM,0.03524007295602146
0.6205161204791401,0.00012649244768436763,0.05056898678228505,0.0004914598276274061,0.0001,0.001488316493095887,0.07390965276303152,0.17873739593192278,938,svm_iris,PBM,0.05253113697324722
0.6200693311626313,0.0,0.04213008748303218,0.0005153605596656403,0.0001,0.0010415271765871204,0.1071798579127371,0.22267150870192626,998,svm_iris,PBM,0.07617786833390926
0.6192022875605899,0.0012906807875836535,0.030140128471478622,0.0005619398779229482,0.0001,0.00017448357454574737,0.06160024864037977,0.12644802229470442,1061,svm_iris,PBM,0.043782252763233644
0.6185310111445939,0.0022627109477193486,0.00657122017674705,0.0005764710443556092,0.0001,-0.000496792841450322,0.021167447019986463,0.041293297473931734,1129,svm_iris,PBM,0.015044720374292476
0.6189722764613848,0.0003979735881389779,0.03245770678443871,0.0002087198552757647,0.0001,-5.5527524659426675e-05,0.07723068302014485,0.1635032391082807,1200,svm_iris,PBM,0.05489155254559557
0.6191449115082592,0.0006478594912033842,0.015323128365147543,0.0002556160108621774,0.0001,0.00011710752221505416,0.058387638893006355,0.1135296707731104,1277,svm_iris,PBM,0.04149889685000881
0.618943664422588,0.0009869428639386335,0.015787716429951637,0.0002730527063867452,0.0001,-8.413956345620921e-05,0.018350118063202164,0.041739663653295116,1358,svm_iris,PBM,0.01304230948755702
0.6190798720442066,0.0007344438786422991,0.011851100719811825,0.00020875686564801265,0.0001,5.2068058162380026e-05,0.04324598953907266,0.09456677655196033,1444,svm_iris,PBM,0.030737000041176524
0.6190927656288177,0.0006144769013881612,0.012158696769280608,0.0002088287921887906,0.0001,6.49616427734756e-05,0.015900955493274915,0.035116763951315244,1536,svm_iris,PBM,0.011301572119420568
0.6190429262901602,0.00020442943743570474,0.014742182652997982,0.00020862983257148433,0.0001,1.5122304116044205e-05,0.03184280000521253,0.0719466608319402,1634,svm_iris,PBM,0.022632206026574852
0.6190088656969956,0.0002920871980089945,0.008846742996945656,0.00020841079376810378,0.0001,-1.893828904853123e-05,0.016956702384842953,0.040011310332992545,1738,svm_iris,PBM,0.012051942098127606
0.6190391202338988,8.481586241670946e-05,0.011354938893609945,0.0002084922153963442,0.0001,1.1316247854664674e-05,0.01824883215661366,0.04021898782169012,1849,svm_iris,PBM,0.012970320733266436
0.6190348273941538,0.00029069959612182394,0.008417647401177009,0.000208631697277592,0.0001,7.023408109652074e-06,0.007956434298675208,0.01884735597172078,1966,svm_iris,PBM,0.0059828259515907764
0.6190335410161589,0.00017446139588417342,0.009874776434663723,0.0002085600029147407,0.0001,5.737030114749686e-06,0.01780041458327264,0.03758080895728335,2091,svm_iris,PBM,0.012651608845363066
0.6190310996331219,0.00010008758979018761,0.005925722483816731,0.0002084618455531005,0.0001,3.2956470776834834e-06,0.004229489470753189,0.007761518215301848,2224,svm_iris,PBM,0.004211695331066789
0.6190219188134709,0.00010268039229477388,0.007443143273223929,0.00020852618346686356,0.0001,-5.885172573272257e-06,0.007353415699263455,0.01473598453549421,2366,svm_iris,PBM,0.005290199103638604
0.6190308162104818,5.816247193379809e-05,0.00792265513310697,0.00020853298973997145,0.0001,3.012224437659583e-06,0.009344400293073984,0.019113462392687592,2516,svm_iris,PBM,0.006641513704605681
0.6190269078891943,5.9660260726790426e-05,0.006456745913276829,0.00020847635295453452,0.0001,-8.960968498339383e-07,0.0027077696811182994,0.005870671823941979,2676,svm_iris,PBM,0.004589119164979383
0.6190284619539081,6.0960108237084754e-05,0.0063498132557266995,0.00020852705788085795,0.0001,6.579678639706543e-07,0.0018669074933473362,0.0049078789471960855,2847,svm_iris,PBM,0.004513116993805757
0.619028189104768,1.285758195257447e-05,0.00684858355713136,0.0002084977904297414,0.0001,3.8511872380020407e-07,0.005893114926584064,0.011951524811755314,3028,svm_iris,PBM,0.00486761698185578
0.6190275807594336,6.133170166622293e-06,0.006537498652079532,0.00020850425432420542,0.0001,-2.2322661052953663e-07,0.0021401836484014614,0.004959688605609454,3220,svm_iris,PBM,0.004646514011585013
0.6190277738911856,3.6297511308847064e-06,0.006642711139879021,0.00020850381715067408,0.0001,-3.0094858605167474e-08,0.0048167985602146635,0.009481271974726722,3425,svm_iris,PBM,0.004721293575569862
0.6190279103457133,2.7622446976405257e-06,0.006376860649846106,0.00020850248879056323,0.0001,1.0635966907202032e-07,0.002413227073505886,0.005647140705179521,3643,svm_iris,PBM,0.004532340874748769
0.6190280359458893,3.689636296488885e-07,0.006446259741157423,0.00020850359599256232,0.0001,2.319598451094862e-07,0.004021339546077418,0.008067770894215011,3875,svm_iris,PBM,0.004581666139246794
0.6190281088605896,2.4054225663538986e-06,0.006294715282581409,0.00020850453405281996,0.0001,3.0487454538707937e-07,0.0029514153494437645,0.006316666499740561,4121,svm_iris,PBM,0.004473956220266156
0.6190280516196349,2.1734701196596262e-06,0.006319413593029566,0.0002085024201341427,0.0001,2.4763359074420066e-07,0.0035758139348128215,0.00726640193194882,4383,svm_iris,PBM,0.004491510494716879
0.6190280681054612,2.9104074875663244e-06,0.006294676288181589,0.00020850444341046992,0.0001,2.6411941700388297e-07,0.0033849370401611845,0.006960810219721232,4662,svm_iris,PBM,0.004473928505074953
0.6190280726283794,2.609136049436245e-07,0.006259527187546521,0.00020850341477738132,0.0001,2.6864233526602277e-07,0.003286314002934554,0.006811011360870083,4959,svm_iris,PBM,0.004448946352528962
0.6190280702507251,4.233811494724904e-07,0.006290407236798301,0.00020850332444662342,0.0001,2.662646809703517e-07,0.0034157385002646645,0.007012763814352856,5274,svm_iris,PBM,0.004470894285394875
0.619028066084143,2.9259975731221743e-07,0.0062910331025082256,0.00020850364677006735,0.0001,2.620980987799726e-07,0.003403672861962581,0.006992607886229491,5609,svm_iris,PBM,0.004471339118188776
0.6190280644343746,3.036877407325278e-07,0.006283402872176436,0.00020850364263461977,0.0001,2.604483304580185e-07,0.0033729132721455057,0.006943425847903725,5966,svm_iris,PBM,0.004465915947334737
0.6190280655956282,7.403568047514852e-08,0.006281933561772313,0.0002085035794605633,0.0001,2.6160958399579215e-07,0.0033697475171202695,0.006938788942932947,6346,svm_iris,PBM,0.004464871637921693
0.6190280657015057,3.944155002599814e-09,0.006282684652016202,0.000208503556142743,0.0001,2.6171546152475855e-07,0.0033738893084235277,0.006945237499503313,6749,svm_iris,PBM,0.004465405473801121
0.6190280657770497,5.136276293171704e-09,0.006283272794851524,0.00020850355537146192,0.0001,2.6179100554024615e-07,0.0033763260445862087,0.006949066757109335,7179,svm_iris,PBM,0.00446582349513781
0.6190280657818232,5.907351274814232e-10,0.006283551735813742,0.00020850355783578,0.0001,2.617957790551628e-07,0.003377351092044789,0.006950677124329381,7635,svm_iris,PBM,0.004466021751865394
0.6190280657471352,3.6783616153002185e-09,0.006283705747153201,0.000208503559176375,0.0001,2.6176109102493683e-07,0.0033779130225039533,0.006951559430655752,8121,svm_iris,PBM,0.004466131215114999
0.6190280657540514,2.950720223715564e-09,0.006283791284410478,0.000208503558988624,0.0001,2.6176800727029104e-07,0.0033782694099488975,0.006952121755156712,8637,svm_iris,PBM,0.004466192010548482
0.6190280657656869,6.54212239936669e-11,0.006283803083206307,0.00020850355818576418,0.0001,2.61779642740656e-07,0.003378354709855702,0.006952256664537975,9187,svm_iris,PBM,0.004466200396518875
0.6190280657678221,1.9045653942839635e-10,0.00628378470632196,0.0002085035580632835,0.0001,2.61781777921577e-07,0.0033782858766161494,0.006952148173325139,9771,svm_iris,PBM,0.004466187335185305
0.6190280657656597,1.3498091533392653e-10,0.006283787063334656,0.00020850355820650068,0.0001,2.617796155401919e-07,0.003378288723832723,0.006952152654439131,10393,svm_iris,PBM,0.004466189010427336
0.6190280657663885,2.1082358081514485e-11,0.006283787418714271,0.00020850355815729777,0.0001,2.617803442905853e-07,0.00337829247757776,0.006952158567945884,11054,svm_iris,PBM,0.004466189263012682
0.6190280657661622,1.2425394046999827e-11,0.006283787375934602,0.0002085035581724522,0.0001,2.6178011802713286e-07,0.003378291593245708,0.0069521571725299925,11757,svm_iris,PBM,0.004466189232607118
0.619028065766215,2.304822999121825e-13,0.006283787262081897,0.00020850355816887594,0.0001,2.6178017087374883e-07,0.003378291298945957,0.006952156708229259,12504,svm_iris,PBM,0.004466189151686537
0.619028065766217,4.3309800190627357e-13,0.006283787307779787,0.00020850355816876253,0.0001,2.617801728721503e-07,0.003378291489744334,0.006952157009198612,13300,svm_iris,PBM,0.00446618918416622
0.6190280657662142,9.259260025373806e-14,0.006283787311816558,0.00020850355816895145,0.0001,2.617801699855704e-07,0.003378291497281638,0.006952157021089863,14146,svm_iris,PBM,0.004466189187035347
0.6190280657662133,2.0761170560490427e-14,0.006283787311060052,0.0002085035581689914,0.0001,2.61780169097392e-07,0.0033782914922954044,0.006952157013230223,15045,svm_iris,PBM,0.004466189186497662
0.6190280657662137,2.55351295663786e-15,0.006283787310925049,0.00020850355816900135,0.0001,2.617801695414812e-07,0.0033782914912495743,0.0069521570115744025,16002,svm_iris,PBM,0.004466189186401709
0.6190280657662135,3.3306690738754696e-16,0.006283787310971345,0.00020850355816900314,0.0001,2.617801693194366e-07,0.0033782914914249895,0.006952157011859703,17020,svm_iris,PBM,0.004466189186434614
0.6190280657662135,0.0,0.006283787311004541,0.00020850355816900314,0.0001,2.617801693194366e-07,0.003378291491552332,0.006952157012056295,18102,svm_iris,PBM,0.004466189186458207
0.6190280657662135,0.0,0.006283787311004541,0.00020850355816900314,0.0001,2.617801693194366e-07,0.003378291491552332,0.006952157012056295,19254,svm_iris,PBM,0.004466189186458207
0.6190280657662135,0.0,0.006283787311004541,0.00020850355816900314,0.0001,2.617801693194366e-07,0.003378291491552332,0.006952157012056295,20478,svm_iris,PBM,0.004466189186458207
0.6190280657662135,0.0,0.006283787311004541,0.00020850355816900314,0.0001,2.617801693194366e-07,0.003378291491552332,0.006952157012056295,21781,svm_iris,PBM,0.004466189186458207
0.6190280657662135,0.0,0.006283787311004541,0.00020850355816900314,0.0001,2.617801693194366e-07,0.003378291491552332,0.006952157012056295,23166,svm_iris,PBM,0.004466189186458207
0.6190280657662135,0.0,0.006283787311004541,0.00020850355816900314,0.0001,2.617801693194366e-07,0.003378291491552332,0.006952157012056295,24639,svm_iris,PBM,0.004466189186458207
0.6190280657662135,0.0,0.006283787311004541,0.00020850355816900314,0.0001,2.617801693194366e-07,0.003378291491552332,0.006952157012056295,26206,svm_iris,PBM,0.004466189186458207
0.6190280657662135,0.0,0.006283787311004541,0.00020850355816900314,0.0001,2.617801693194366e-07,0.003378291491552332,0.006952157012056295,27873,svm_iris,PBM,0.004466189186458207
0.6190280657662135,0.0,0.006283787311004541,0.00020850355816900314,0.0001,2.617801693194366e-07,0.003378291491552332,0.006952157012056295,29646,svm_iris,PBM,0.004466189186458207
0.6190280657662135,0.0,0.006283787311004541,0.00020850355816900314,0.0001,2.617801693194366e-07,0.003378291491552332,0.006952157012056295,31532,svm_iris,PBM,0.004466189186458207
0.6190280657662135,0.0,0.006283787311004541,0.00020850355816900314,0.0001,2.617801693194366e-07,0.003378291491552332,0.006952157012056295,33537,svm_iris,PBM,0.004466189186458207
0.6190280657662135,0.0,0.006283787311004541,0.00020850355816900314,0.0001,2.617801693194366e-07,0.003378291491552332,0.006952157012056295,35670,svm_iris,PBM,0.004466189186458207
0.6190280657662135,0.0,0.006283787311004541,0.00020850355816900314,0.0001,2.617801693194366e-07,0.003378291491552332,0.006952157012056295,37939,svm_iris,PBM,0.004466189186458207
0.6190280657662135,0.0,0.006283787311004541,0.00020850355816900314,0.0001,2.617801693194366e-07,0.003378291491552332,0.006952157012056295,40352,svm_iris,PBM,0.004466189186458207
0.6190280657662135,0.0,0.006283787311004541,0.00020850355816900314,0.0001,2.617801693194366e-07,0.003378291491552332,0.006952157012056295,42918,svm_iris,PBM,0.004466189186458207
0.6190280657662135,0.0,0.006283787311004541,0.00020850355816900314,0.0001,2.617801693194366e-07,0.003378291491552332,0.006952157012056295,45647,svm_iris,PBM,0.004466189186458207
0.6190280657662135,0.0,0.006283787311004541,0.00020850355816900314,0.0001,2.617801693194366e-07,0.003378291491552332,0.006952157012056295,48551,svm_iris,PBM,0.004466189186458207
0.6190280657662135,0.0,0.006283787311004541,0.00020850355816900314,0.0001,2.617801693194366e-07,0.003378291491552332,0.006952157012056295,51639,svm_iris,PBM,0.004466189186458207
0.6190280657662135,0.0,0.006283787311004541,0.00020850355816900314,0.0001,2.617801693194366e-07,0.003378291491552332,0.006952157012056295,54923,svm_iris,PBM,0.004466189186458207
0.6190280657662135,0.0,0.006283787311004541,0.00020850355816900314,0.0001,2.617801693194366e-07,0.003378291491552332,0.006952157012056295,58416,svm_iris,PBM,0.004466189186458207
0.6190280657662135,0.0,0.006283787311004541,0.00020850355816900314,0.0001,2.617801693194366e-07,0.003378291491552332,0.006952157012056295,62131,svm_iris,PBM,0.004466189186458207
0.6190280657662135,0.0,0.006283787311004541,0.00020850355816900314,0.0001,2.617801693194366e-07,0.003378291491552332,0.006952157012056295,66083,svm_iris,PBM,0.004466189186458207
0.6190280657662135,0.0,0.006283787311004541,0.00020850355816900314,0.0001,2.617801693194366e-07,0.003378291491552332,0.006952157012056295,70286,svm_iris,PBM,0.004466189186458207
0.6190280657662135,0.0,0.006283787311004541,0.00020850355816900314,0.0001,2.617801693194366e-07,0.003378291491552332,0.006952157012056295,74756,svm_iris,PBM,0.004466189186458207
0.6190280657662135,0.0,0.006283787311004541,0.00020850355816900314,0.0001,2.617801693194366e-07,0.003378291491552332,0.006952157012056295,79510,svm_iris,PBM,0.004466189186458207
0.6190280657662135,0.0,0.006283787311004541,0.00020850355816900314,0.0001,2.617801693194366e-07,0.003378291491552332,0.006952157012056295,84567,svm_iris,PBM,0.004466189186458207
0.6190280657662135,0.0,0.006283787311004541,0.00020850355816900314,0.0001,2.617801693194366e-07,0.003378291491552332,0.006952157012056295,89946,svm_iris,PBM,0.004466189186458207
0.6190280657662135,0.0,0.006283787311004541,0.00020850355816900314,0.0001,2.617801693194366e-07,0.003378291491552332,0.006952157012056295,95666,svm_iris,PBM,0.004466189186458207
0.6190280657662135,0.0,0.006283787311004541,0.00020850355816900314,0.0001,2.617801693194366e-07,0.003378291491552332,0.006952157012056295,101751,svm_iris,PBM,0.004466189186458207
0.6190280657662135,0.0,0.006283787311004541,0.00020850355816900314,0.0001,2.617801693194366e-07,0.003378291491552332,0.006952157012056295,108222,svm_iris,PBM,0.004466189186458207
0.6190280657662135,0.0,0.006283787311004541,0.00020850355816900314,0.0001,2.617801693194366e-07,0.003378291491552332,0.006952157012056295,115105,svm_iris,PBM,0.004466189186458207
0.6190280657662135,0.0,0.006283787311004541,0.00020850355816900314,0.0001,2.617801693194366e-07,0.003378291491552332,0.006952157012056295,122426,svm_iris,PBM,0.004466189186458207
0.6190280657662135,0.0,0.006283787311004541,0.00020850355816900314,0.0001,2.617801693194366e-07,0.003378291491552332,0.006952157012056295,130212,svm_iris,PBM,0.004466189186458207
0.6190280657662135,0.0,0.006283787311004541,0.00020850355816900314,0.0001,2.617801693194366e-07,0.003378291491552332,0.006952157012056295,138493,svm_iris,PBM,0.004466189186458207
0.6190280657662135,0.0,0.006283787311004541,0.00020850355816900314,0.0001,2.617801693194366e-07,0.003378291491552332,0.006952157012056295,147302,svm_iris,PBM,0.004466189186458207
0.6190280657662135,0.0,0.006283787311004541,0.00020850355816900314,0.0001,2.617801693194366e-07,0.003378291491552332,0.006952157012056295,156670,svm_iris,PBM,0.004466189186458207
0.6190280657662135,0.0,0.006283787311004541,0.00020850355816900314,0.0001,2.617801693194366e-07,0.003378291491552332,0.006952157012056295,166634,svm_iris,PBM,0.004466189186458207
0.6190280657662135,0.0,0.006283787311004541,0.00020850355816900314,0.0001,2.617801693194366e-07,0.003378291491552332,0.006952157012056295,177232,svm_iris,PBM,0.004466189186458207
0.6190280657662135,0.0,0.006283787311004541,0.00020850355816900314,0.0001,2.617801693194366e-07,0.003378291491552332,0.006952157012056295,188504,svm_iris,PBM,0.004466189186458207
0.6190280657662135,0.0,0.006283787311004541,0.00020850355816900314,0.0001,2.617801693194366e-07,0.003378291491552332,0.006952157012056295,200493,svm_iris,PBM,0.004466189186458207
0.6190280657662135,0.0,0.006283787311004541,0.00020850355816900314,0.0001,2.617801693194366e-07,0.003378291491552332,0.006952157012056295,213245,svm_iris,PBM,0.004466189186458207
0.0,0.0,2.0567028183423686,0.0,0.0,,,,0,qp_nonconvex,ALM (rho=0),2.0567028183423686
-6.851856932434529,0.0,2.6224322914714593,0.0,0.0,,,,1,qp_nonconvex,ALM (rho=0),2.6224322914714593
-19.964410353642613,1.126348865810138,3.48594454014139,0.0,0.0,,,,2,qp_nonconvex,ALM (rho=0),3.48594454014139
-41.77931698871792,2.424030664439071,4.287984607529667,1.3651520947899711,0.0,,,,3,qp_nonconvex,ALM (rho=0),4.287984607529667
-71.03356921935423,3.6897347191822067,4.6423549561581305,6.407050713414188,0.0,,,,4,qp_nonconvex,ALM (rho=0),4.6423549561581305
-100.10180015694282,4.894013077626651,4.202891103205678,16.57361474577969,0.0,,,,5,qp_nonconvex,ALM (rho=0),4.894013077626651
-115.22099538360177,5.691943264373868,2.8140559884091,32.469090446047474,0.0,,,,6,qp_nonconvex,ALM (rho=0),5.691943264373868
-103.13189862343819,5.677439773588517,2.5400385353361465,48.54418935054877,0.0,,,,7,qp_nonconvex,ALM (rho=0),5.677439773588517
-64.48145133177238,4.640396063883916,7.366451917001985,52.8498704183379,0.0,,,,8,qp_nonconvex,ALM (rho=0),7.366451917001985
-28.58121864097234,2.598304943060271,13.417208706072381,35.62090078668632,0.0,,,,9,qp_nonconvex,ALM (rho=0),13.417208706072381
-58.89593868339338,5.072622983485954,19.642445794982706,81.5002130965364,0.0,,,,10,qp_nonconvex,ALM (rho=0),19.642445794982706
-202.42115018775905,11.23918510817286,21.623850823620923,105.74169977788348,0.0,,,,11,qp_nonconvex,ALM (rho=0),21.623850823620923
-381.33551133314523,15.503877798537221,15.855083143970761,126.44813966313443,0.0,,,,12,qp_nonconvex,ALM (rho=0),15.855083143970761
-551.079815051681,18.564801074951646,11.055458008478302,295.3259398073176,0.0,,,,13,qp_nonconvex,ALM (rho=0),18.564801074951646
-684.1109968651942,18.766823317168416,15.965410257543091,472.74084875391634,0.0,,,,14,qp_nonconvex,ALM (rho=0),18.766823317168416
-742.0579907867516,15.264502712734437,21.86300566567843,527.7496526913518,0.0,,,,15,qp_nonconvex,ALM (rho=0),21.86300566567843
-737.8667822792037,16.370166277010426,24.665879811371568,477.6578127087165,0.0,,,,16,qp_nonconvex,ALM (rho=0),24.665879811371568
-741.4958878468111,23.859568162306957,42.11708900086821,577.4807610842803,0.0,,,,17,qp_nonconvex,ALM (rho=0),42.11708900086821
-978.0388625358648,26.693182830815633,58.97768456598617,974.5028308278069,0.0,,,,18,qp_nonconvex,ALM (rho=0),58.97768456598617
-1978.7433183228172,37.574617196687015,67.3312973730216,1261.1709540743127,0.0,,,,19,qp_nonconvex,ALM (rho=0),67.3312973730216
-5226.108008118441,50.109419721139254,119.61371930482562,1544.0652588327914,0.0,,,,20,qp_nonconvex,ALM (rho=0),119.61371930482562
-15531.737047315888,66.32495885568945,204.9421603946243,3329.9646415540283,0.0,,,,21,qp_nonconvex,ALM (rho=0),204.9421603946243
-40087.99952884069,123.88559752416865,268.1300414558283,5982.22176266167,0.0,,,,22,qp_nonconvex,ALM (rho=0),268.1300414558283
-95403.32722002243,206.11803515718816,347.6590465236024,19286.201486456284,0.0,,,,23,qp_nonconvex,ALM (rho=0),347.6590465236024
-271250.6006079086,361.18286342646024,655.113951697457,36118.286342646024,0.0,,,,24,qp_nonconvex,ALM (rho=0),655.113951697457
-890601.3617330332,658.8876262674951,1273.6555870489738,65888.7626267495,0.0,,,,25,qp_nonconvex,ALM (rho=0),1273.6555870489738
-3194387.8327335543,1237.677519996827,2493.1201555833454,123767.75199968269,0.0,,,,26,qp_nonconvex,ALM (rho=0),2493.1201555833454
-12054764.232478177,2370.631172913245,4906.781180723219,237063.11729132448,0.0,,,,27,qp_nonconvex,ALM (rho=0),4906.781180723219
-46776462.69715916,4600.429704809982,9698.16450505117,460042.97048099816,0.0,,,,28,qp_nonconvex,ALM (rho=0),9698.16450505117
-184209727.63900894,9007.586286483509,19229.918361029115,900758.628648351,0.0,,,,29,qp_nonconvex,ALM (rho=0),19229.918361029115
-731017075.8784081,17746.277120786584,38221.12467996791,1774627.7120786584,0.0,,,,30,qp_nonconvex,ALM (rho=0),38221.12467996791
-2912370497.667769,35115.18039156032,76101.1856336486,3511518.0391560323,0.0,,,,31,qp_nonconvex,ALM (rho=0),76101.1856336486
-11626000934.424019,69697.99665166909,151716.55522568623,6969799.665166909,0.0,,,,32,qp_nonconvex,ALM (rho=0),151716.55522568623
-185733338929.68588,276218.85449852067,604506.2004988823,27621885.449852068,0.0,,,,34,qp_nonconvex,ALM (rho=0),604506.2004988823
-742744489208.4132,550925.8342371624,1207625.338110114,55092583.42371624,0.0,,,,35,qp_nonconvex,ALM (rho=0),1207625.338110114
-2970600028405.872,1099709.4679109063,2413288.2259469405,109970946.79109064,0.0,,,,36,qp_nonconvex,ALM (rho=0),2413288.2259469405
-47525064960102.81,4388475.257511517,9643686.352885041,438847525.7511517,0.0,,,,38,qp_nonconvex,ALM (rho=0),9643686.352885041
-190097237553873.94,8770875.221914703,19281840.793022897,877087522.1914703,0.0,,,,39,qp_nonconvex,ALM (rho=0),19281840.793022897
-760382908638866.5,17533161.272382516,38555875.44664037,1753316127.2382517,0.0,,,,40,qp_nonconvex,ALM (rho=0),38555875.44664037
-1.2166054098504058e+16,70091231.60356884,154185951.2038198,7009123160.356884,0.0,,,,42,qp_nonconvex,ALM (rho=0),154185951.2038198
-1.9465657622327347e+17,280282387.46733606,616669161.9617499,28028238746.733604,0.0,,,,44,qp_nonconvex,ALM (rho=0),616669161.9617499
0.0,0.0,2.0567028183423686,0.0,0.0,,,,0,qp_nonconvex,ALM (rho=1),2.0567028183423686
-3.329406752390251,0.0,2.353072520660911,0.0,0.0,,,,1,qp_nonconvex,ALM (rho=1),2.353072520660911
-8.094476976345883,0.0498092560654777,2.7127353795771967,0.0,0.0,,,,2,qp_nonconvex,ALM (rho=1),2.7127353795771967
-14.952600600727063,0.6778275043328568,3.1277792836962885,0.016881041865769476,0.0,,,,3,qp_nonconvex,ALM (rho=1),3.1277792836962885
-22.323684783897704,1.178749723311793,3.415322518400938,0.42885081499551303,0.0,,,,4,qp_nonconvex,ALM (rho=1),3.415322518400938
-28.546663097131034,1.5086521639662789,3.4577079205551815,1.4380370470026742,0.0,,,,5,qp_nonconvex,ALM (rho=1),3.4577079205551815
-32.300279219006356,1.7548432887255645,3.200194633182768,2.7985796395097933,0.0,,,,6,qp_nonconvex,ALM (rho=1),3.200194633182768
-32.84630725773804,1.8900469692124653,2.7222250598934763,4.354718776708743,0.0,,,,7,qp_nonconvex,ALM (rho=1),2.7222250598934763
-30.26160664314744,1.863182530564253,2.067286529331795,6.053573638918213,0.0,,,,8,qp_nonconvex,ALM (rho=1),2.067286529331795
-25.412168781211932,1.6899939195024016,1.4378851482952735,7.065258715223659,0.0,,,,9,qp_nonconvex,ALM (rho=1),1.6899939195024016
-19.617436813894397,1.3987862247146974,2.530464379441996,7.029793848396507,0.0,,,,10,qp_nonconvex,ALM (rho=1),2.530464379441996
-14.148951116678935,1.0288615240230286,3.5114759346116298,5.890264708727428,0.0,,,,11,qp_nonconvex,ALM (rho=1),3.5114759346116298
-9.704587259835918,0.9029073437907922,4.111950315551593,5.035022374843892,0.0,,,,12,qp_nonconvex,ALM (rho=1),4.111950315551593
-6.672145954116593,0.976844839198421,4.369227510385398,7.238352475473486,0.0,,,,13,qp_nonconvex,ALM (rho=1),4.369227510385398
-5.550738406934624,1.0367904810912445,4.170676632800486,8.231309089394175,0.0,,,,14,qp_nonconvex,ALM (rho=1),4.170676632800486
-5.1082286330867515,1.1889901186653424,3.2353396595461548,7.777838945800073,0.0,,,,15,qp_nonconvex,ALM (rho=1),3.2353396595461548
-3.6364627117374937,1.233367604102535,1.5041923013064056,4.6285552241201335,0.0,,,,16,qp_nonconvex,ALM (rho=1),1.5041923013064056
-1.1843944763007386,1.1389766396125922,1.8046816106798458,5.871677093791155,0.0,,,,17,qp_nonconvex,ALM (rho=1),1.8046816106798458
1.5697585405452852,0.794607741360684,2.2456245211191286,7.10584065636197,0.0,,,,18,qp_nonconvex,ALM (rho=1),2.2456245211191286
3.4856035057776236,0.26019850196647143,2.886197790571603,8.109472382122835,0.0,,,,19,qp_nonconvex,ALM (rho=1),2.886197790571603
3.1315717722398255,0.13292204179138567,4.125132682698638,8.538388692766278,0.0,,,,20,qp_nonconvex,ALM (rho=1),4.125132682698638
-1.5792955142918013,0.6366429016350854,5.280676154536051,7.742977679036594,0.0,,,,21,qp_nonconvex,ALM (rho=1),5.280676154536051
-12.763407250165479,1.0610322056541235,6.249046402447362,7.9759906865735255,0.0,,,,22,qp_nonconvex,ALM (rho=1),6.249046402447362
-30.880196252611604,1.631984023539002,6.793621721610093,5.405472069344332,0.0,,,,23,qp_nonconvex,ALM (rho=1),6.793621721610093
-52.36823191181726,2.329882298152068,6.705164334995221,2.8516623464919553,0.0,,,,24,qp_nonconvex,ALM (rho=1),6.705164334995221
-75.60424487582988,3.094149255086238,6.8562475227061395,6.213824981703898,0.0,,,,25,qp_nonconvex,ALM (rho=1),6.8562475227061395
-95.50773126484823,3.62146689396669,6.293350895681234,12.875490131848705,0.0,,,,26,qp_nonconvex,ALM (rho=1),6.293350895681234
-105.82586677302679,3.8264759372226376,4.940478852811937,20.533091778596503,0.0,,,,27,qp_nonconvex,ALM (rho=1),4.940478852811937
-101.16886696076251,3.636206752982484,2.9450046053308068,26.469025123675387,0.0,,,,28,qp_nonconvex,ALM (rho=1),3.636206752982484
-79.81985664984035,3.0045457460808622,0.30778174010955084,27.333552474346067,0.0,,,,29,qp_nonconvex,ALM (rho=1),3.0045457460808622
-46.56308341246082,1.9217403922980156,3.803203654254402,20.369818228571912,0.0,,,,30,qp_nonconvex,ALM (rho=1),3.803203654254402
-14.241404173133981,0.49429812152882113,8.275525416966193,4.8651727420197455,0.0,,,,31,qp_nonconvex,ALM (rho=1),8.275525416966193
-2.5170676802497534,0.0,13.365386005725696,19.844637968202903,0.0,,,,32,qp_nonconvex,ALM (rho=1),13.365386005725696
-150.5364627215541,5.882686830415886,23.685595453880914,58.72126131625978,0.2610408295813276,,,,34,qp_nonconvex,ALM (rho=1),23.685595453880914
-282.0673576806239,8.48239974894795,22.8128043263372,48.00486103514351,1.471169672461726,,,,35,qp_nonconvex,ALM (rho=1),22.8128043263372
-364.3306613244522,10.155781929779614,18.82651737560697,86.65838491095822,0.0,,,,36,qp_nonconvex,ALM (rho=1),18.82651737560697
-329.5969359343583,10.661543643426144,8.006221102523664,203.80987181572544,0.0,,,,38,qp_nonconvex,ALM (rho=1),10.661543643426144
-208.23485316438828,8.760341170018258,6.17509444727692,214.16518693382815,0.0,,,,39,qp_nonconvex,ALM (rho=1),8.760341170018258
-69.74811465062061,5.100989716480549,15.217560719165085,147.04775656301604,0.0,,,,40,qp_nonconvex,ALM (rho=1),15.217560719165085
-178.04213700284612,5.799654863558957,46.13157193763099,232.77111860010297,0.0,,,,42,qp_nonconvex,ALM (rho=1),46.13157193763099
-1244.5594543444456,20.500950108369068,56.966912239224854,442.6953268605126,2.7319295957289285,,,,44,qp_nonconvex,ALM (rho=1),56.966912239224854
-1594.7985105065627,24.0635824264791,42.533285270298144,476.028130638947,0.0,,,,45,qp_nonconvex,ALM (rho=1),42.533285270298144
-1178.6796687917133,20.188295022716456,2.539170897052111,880.3967401065827,0.0,,,,47,qp_nonconvex,ALM (rho=1),20.188295022716456
-70.9974675523596,3.227129130527973,51.83675613524251,195.00970711354088,0.0,,,,49,qp_nonconvex,ALM (rho=1),51.83675613524251
-1477.7684187987081,23.8640842201658,108.4796713188459,1471.8972937368103,0.28156923517122595,,,,51,qp_nonconvex,ALM (rho=1),108.4796713188459
-3782.5119666237606,38.08877277308999,115.42437756808376,1762.9793656607342,3.478668793361595,,,,52,qp_nonconvex,ALM (rho=1),115.42437756808376
-6054.196757630777,47.71490524042826,50.78463288878024,2801.1647215032885,0.0,,,,54,qp_nonconvex,ALM (rho=1),50.78463288878024
-2755.6501609435104,32.29129246584116,25.495969269231907,3229.129246584116,0.0,,,,56,qp_nonconvex,ALM (rho=1),32.29129246584116
-2467.8353707785095,27.35012168863802,163.05499919157603,2834.244751183122,0.0,,,,59,qp_nonconvex,ALM (rho=1),163.05499919157603
-15743.550935605619,73.54221494139664,193.29071344353542,4579.452549633287,17.00630026058745,,,,61,qp_nonconvex,ALM (rho=1),193.29071344353542
-18151.048793862705,85.61212978624748,87.20338446524921,8561.212978624748,0.0,,,,63,qp_nonconvex,ALM (rho=1),87.20338446524921
-13244.470072829903,85.18816012831768,72.07576889039224,8518.816012831767,0.0,,,,65,qp_nonconvex,ALM (rho=1),85.18816012831768
-4190.491532228678,65.49406334767997,92.01101791267061,6549.406334767997,0.0,,,,68,qp_nonconvex,ALM (rho=1),92.01101791267061
-2009.482076051654,39.570088947722624,112.86231875894053,3087.0864861894397,0.0,,,,70,qp_nonconvex,ALM (rho=1),112.86231875894053
-10611.035210967791,64.80528762886219,218.92641473116424,5564.343480392087,4.767751097933188,,,,73,qp_nonconvex,ALM (rho=1),218.92641473116424
-7376.517704944468,79.46028137859173,80.77153150047391,7946.0281378591735,0.0,,,,76,qp_nonconvex,ALM (rho=1),80.77153150047391
-3210.1735987052866,54.2289280590492,88.73335580839009,5422.89280590492,0.0,,,,78,qp_nonconvex,ALM (rho=1),88.73335580839009
-4091.5810965470505,44.85649710903848,183.06314982378413,3793.694686957583,0.0,,,,81,qp_nonconvex,ALM (rho=1),183.06314982378413
-6932.580868881843,78.97568096299598,73.59551411108393,6174.478975385838,0.0,,,,84,qp_nonconvex,ALM (rho=1),78.97568096299598
-1811.1806298570568,35.613426387312785,133.0731062640471,2841.954901319294,0.0,,,,88,qp_nonconvex,ALM (rho=1),133.0731062640471
-10052.11486717686,79.29017930372864,172.67320499161758,4609.100845815566,1.669442556980239,,,,91,qp_nonconvex,ALM (rho=1),172.67320499161758
-3688.3685722568503,62.343150119425914,81.78954820317311,6234.315011942592,0.0,,,,94,qp_nonconvex,ALM (rho=1),81.78954820317311
-5442.217992469559,48.76701222282796,198.4794097704571,3857.5571942302,1.777515854994328,,,,98,qp_nonconvex,ALM (rho=1),198.4794097704571
-6740.460074779846,76.26695517604716,62.87822046079061,7237.170720779156,0.0,,,,101,qp_nonconvex,ALM (rho=1),76.26695517604716
-1972.3934069444438,35.47083170531136,136.15026436820204,2826.629574192262,0.0,,,,105,qp_nonconvex,ALM (rho=1),136.15026436820204
-9891.798463279714,84.57937476603438,85.42273096492956,7134.162553924565,0.0,,,,109,qp_nonconvex,ALM (rho=1),85.42273096492956
-1775.9436173201213,35.16636975928939,99.44117682390377,3451.4166441469642,0.0,,,,113,qp_nonconvex,ALM (rho=1),99.44117682390377
-9978.803396887752,77.38207762800882,175.74290596969615,4734.6086682483465,0.0,,,,117,qp_nonconvex,ALM (rho=1),175.74290596969615
-1384.7579034985533,36.12433112448669,115.83447857899479,2490.477194258241,0.0,,,,122,qp_nonconvex,ALM (rho=1),115.83447857899479
-11673.406350117857,85.94851540909261,151.85307461158558,4885.838116048628,0.0,,,,126,qp_nonconvex,ALM (rho=1),151.85307461158558
-1892.0082867487863,37.45180283316326,112.27501514679027,2595.237738494915,0.0,,,,131,qp_nonconvex,ALM (rho=1),112.27501514679027
-7845.672907774266,80.10725600889604,59.744123311052334,7440.523343503041,0.0,,,,136,qp_nonconvex,ALM (rho=1),80.10725600889604
-3950.39398782042,40.91905678416131,175.78849228533448,3774.9748861185635,0.0,,,,141,qp_nonconvex,ALM (rho=1),175.78849228533448
-5430.445892505896,72.14029607092402,81.21885852868539,7214.029607092402,0.0,,,,146,qp_nonconvex,ALM (rho=1),81.21885852868539
-9446.879581093766,72.3469479418619,189.96715556963534,5145.66826830936,0.0,,,,152,qp_nonconvex,ALM (rho=1),189.96715556963534
-1304.527359353654,35.43403900799868,109.44785011102893,2781.7263085093023,0.0,,,,157,qp_nonconvex,ALM (rho=1),109.44785011102893
-6711.051877841843,77.13504666895385,75.3259655452265,7713.504666895385,0.0,,,,163,qp_nonconvex,ALM (rho=1),77.13504666895385
-8217.551225027022,60.52018166178161,205.55731655825366,5291.44811369395,0.0,,,,169,qp_nonconvex,ALM (rho=1),205.55731655825366
-1619.1515152817733,36.69474223166572,124.78106867747782,2266.360279825178,0.0,,,,175,qp_nonconvex,ALM (rho=1),124.78106867747782
-3333.973920611837,59.5795881192827,85.53490928017101,5957.95881192827,0.0,,,,182,qp_nonconvex,ALM (rho=1),85.53490928017101
-6579.877240020941,76.05950946349897,66.56320202260662,7605.950946349897,0.0,,,,189,qp_nonconvex,ALM (rho=1),76.05950946349897
-11637.093205926145,83.40881224262108,172.92573543100627,4414.217893096394,0.0,,,,196,qp_nonconvex,ALM (rho=1),172.92573543100627
-4703.6945686488625,44.74510936909092,187.46335790729,3737.7082063692487,0.0,,,,203,qp_nonconvex,ALM (rho=1),187.46335790729
-1552.2973061365278,36.868214002253,122.36796246030109,2365.7338720219705,0.0,,,,210,qp_nonconvex,ALM (rho=1),122.36796246030109
-2142.749716378934,43.61044640231261,87.89583054249864,4361.044640231261,0.0,,,,218,qp_nonconvex,ALM (rho=1),87.89583054249864
-2124.948569920923,51.58114186536644,85.01848980607548,5158.114186536644,0.0,,,,226,qp_nonconvex,ALM (rho=1),85.01848980607548
-2793.382629149296,54.133119919492486,84.9771391125609,5413.311991949248,0.0,,,,235,qp_nonconvex,ALM (rho=1),84.9771391125609
-1598.5813600883848,43.23673910517401,87.63407679447442,4323.673910517401,0.0,,,,244,qp_nonconvex,ALM (rho=1),87.63407679447442
-2180.136928429759,44.444906319174656,86.67555626511482,4444.490631917465,0.0,,,,253,qp_nonconvex,ALM (rho=1),86.67555626511482
-1311.4887921509394,34.65657959968901,103.39698129492764,3215.751962454532,0.0,,,,262,qp_nonconvex,ALM (rho=1),103.39698129492764
-2251.0690437322023,36.92100497944236,127.11017924888888,2705.013234769536,0.0,,,,272,qp_nonconvex,ALM (rho=1),127.11017924888888
-6751.191155127261,51.529992367776934,207.87647042099064,4161.919716174614,3.2613497292303224,,,,282,qp_nonconvex,ALM (rho=1),207.87647042099064
-9310.444072445058,68.73890453687183,199.50426814403022,5346.11872284806,0.0,,,,292,qp_nonconvex,ALM (rho=1),199.50426814403022
-7425.1605378992945,79.14805634473713,69.64807970340166,7914.805634473712,0.0,,,,303,qp_nonconvex,ALM (rho=1),79.14805634473713
-1701.3418304046916,45.31774453120318,84.24691598498723,4531.774453120318,0.0,,,,314,qp_nonconvex,ALM (rho=1),84.24691598498723
-6127.232099547822,49.99741919809226,202.06319586859922,3945.991764580697,2.048922059732108,,,,326,qp_nonconvex,ALM (rho=1),202.06319586859922
-7551.095153050385,79.46675127989982,68.73696674615022,7946.675127989983,0.0,,,,338,qp_nonconvex,ALM (rho=1),79.46675127989982
-2852.890694950198,36.742760748933215,155.118335303617,3333.575712710516,0.0,,,,351,qp_nonconvex,ALM (rho=1),155.118335303617
-7429.006818059654,78.59821421050796,61.550685377602775,7450.37672697074,0.0,,,,364,qp_nonconvex,ALM (rho=1),78.59821421050796
-2094.786591356598,37.019386306388625,123.25975008854091,2485.1488432255533,0.0,,,,377,qp_nonconvex,ALM (rho=1),123.25975008854091
-6352.985596286526,75.41494780979066,76.65524714768492,7541.4947809790665,0.0,,,,391,qp_nonconvex,ALM (rho=1),76.65524714768492
-10973.29874445762,76.13931256397915,193.82560974350338,5113.341708836422,0.0,,,,406,qp_nonconvex,ALM (rho=1),193.82560974350338
-2430.6731887056476,36.71406335434643,145.35437816330074,3081.4977010728894,0.0,,,,421,qp_nonconvex,ALM (rho=1),145.35437816330074
-2850.077600715901,59.00334897267117,84.76166961042028,5900.3348972671165,0.0,,,,436,qp_nonconvex,ALM (rho=1),84.76166961042028
-3994.2368851991696,65.85893040110169,80.48673733195264,6585.893040110169,0.0,,,,453,qp_nonconvex,ALM (rho=1),80.48673733195264
-5365.161211042503,72.6205461612688,76.15548109429727,7262.05461612688,0.0,,,,470,qp_nonconvex,ALM (rho=1),76.15548109429727
-6832.566403600217,76.52657596186259,64.60426220136327,7652.657596186259,0.0,,,,487,qp_nonconvex,ALM (rho=1),76.52657596186259
-5536.194720870042,73.15799057081597,75.27300303557602,7315.799057081596,0.0,,,,505,qp_nonconvex,ALM (rho=1),75.27300303557602
-2212.6314339247338,52.54192164103289,85.38945744542627,5254.1921641032895,0.0,,,,524,qp_nonconvex,ALM (rho=1),85.38945744542627
-1440.72334709781,36.574883095909186,117.97615055498578,2462.968278838793,0.0,,,,543,qp_nonconvex,ALM (rho=1),117.97615055498578
-8826.49658087493,56.966214380597116,213.2494000184787,5142.835859302731,2.6772139080856032,,,,563,qp_nonconvex,ALM (rho=1),213.2494000184787
-6008.968300046231,73.93839919065633,78.29323230630263,7393.839919065633,0.0,,,,584,qp_nonconvex,ALM (rho=1),78.29323230630263
-4064.3044149538114,41.88881607260172,175.9686579822473,3710.376599828113,0.0,,,,606,qp_nonconvex,ALM (rho=1),175.9686579822473
-4714.850099848799,69.59412084645135,78.2577581565014,6959.412084645135,0.0,,,,628,qp_nonconvex,ALM (rho=1),78.2577581565014
-11649.071220167581,85.42806195310949,161.56337858697987,4460.416363792415,0.0,,,,652,qp_nonconvex,ALM (rho=1),161.56337858697987
-3673.84102260422,39.939358271372775,168.42078083553122,3666.6543722699926,0.0,,,,676,qp_nonconvex,ALM (rho=1),168.42078083553122
-1585.7232627487685,36.86348354454788,123.67696738418071,2320.6495792359638,0.0,,,,701,qp_nonconvex,ALM (rho=1),123.67696738418071
-1854.6007153207024,36.32062975900769,102.14440631117843,3332.853405199199,0.0,,,,727,qp_nonconvex,ALM (rho=1),102.14440631117843
-2142.877941832645,37.079168836434555,136.1804806611098,2827.948085086792,0.0,,,,754,qp_nonconvex,ALM (rho=1),136.1804806611098
-6253.243302515992,50.55998257481148,202.6020126148564,4059.8663704421997,1.873848487093989,,,,782,qp_nonconvex,ALM (rho=1),202.6020126148564
-8642.519749716957,81.19673316297568,59.63858268820499,8119.673316297568,0.0,,,,811,qp_nonconvex,ALM (rho=1),81.19673316297568
-1400.0436710850267,36.33195662189665,115.95909374268864,2487.197706243325,0.0,,,,841,qp_nonconvex,ALM (rho=1),115.95909374268864
-8876.805183572196,82.47348180783953,103.49925820507688,5879.164155163894,0.0,,,,872,qp_nonconvex,ALM (rho=1),103.49925820507688
-7021.787676008043,53.054219795917014,204.73440320962123,4611.720282781603,0.10394413877473253,,,,905,qp_nonconvex,ALM (rho=1),204.73440320962123
-1982.2457121609218,37.00066576096213,121.41669750893904,2279.076082299691,0.0,,,,938,qp_nonconvex,ALM (rho=1),121.41669750893904
-1937.1851791170193,37.16429990254156,119.57020381561038,2176.7113664632525,0.0,,,,973,qp_nonconvex,ALM (rho=1),119.57020381561038
-3304.96889953294,37.00308666407064,159.28694124563222,3520.6764494578515,0.0,,,,1009,qp_nonconvex,ALM (rho=1),159.28694124563222
-9897.100657704032,83.25523879222077,138.50678824357692,4769.686059045184,0.0,,,,1047,qp_nonconvex,ALM (rho=1),138.50678824357692
-2331.944918473322,53.82607274681178,85.5106294258268,5382.607274681178,0.0,,,,1085,qp_nonconvex,ALM (rho=1),85.5106294258268
-10386.332385085536,85.66201558870783,102.79942216810959,6627.040343687282,0.0,,,,1126,qp_nonconvex,ALM (rho=1),102.79942216810959
-3786.1673428608324,40.589806978818295,170.819132753299,3683.247618414787,0.0,,,,1167,qp_nonconvex,ALM (rho=1),170.819132753299
-5418.450726149866,46.89841187861105,198.5223303157768,3876.850932083151,0.0,,,,1211,qp_nonconvex,ALM (rho=1),198.5223303157768
-7802.017071666306,56.04253632353366,205.53437005793785,5064.238150853962,0.0,,,,1256,qp_nonconvex,ALM (rho=1),205.53437005793785
-8579.43519136259,81.16763921885794,60.22042060944062,8116.763921885794,0.0,,,,1302,qp_nonconvex,ALM (rho=1),81.16763921885794
-1973.9396391041712,37.18380214391308,130.50347544660863,2655.059389814271,0.0,,,,1350,qp_nonconvex,ALM (rho=1),130.50347544660863
-1795.939859445491,47.060582009205135,84.26522480042641,4706.058200920514,0.0,,,,1401,qp_nonconvex,ALM (rho=1),84.26522480042641
0.0,0.0,2.0567028183423686,0.0,0.0,,,,0,qp_nonconvex,nuPI (rho=0),2.0567028183423686
-6.851856932434529,0.0,2.6224322914714593,0.0,0.0,,,,1,qp_nonconvex,nuPI (rho=0),2.6224322914714593
-18.26811178720264,0.9332114003124867,3.1913432275934737,0.3966227571955327,0.0,,,,2,qp_nonconvex,nuPI (rho=0),3.1913432275934737
-33.113234387521246,1.7980773057340569,3.496559591851495,2.500205075217083,0.0,,,,3,qp_nonconvex,nuPI (rho=0),3.496559591851495
-47.16177842470777,2.704252741596571,3.23905259610775,6.580289749073338,0.0,,,,4,qp_nonconvex,nuPI (rho=0),3.23905259610775
-54.47934416179859,3.3460599394613926,2.429803567162134,14.254335814521413,0.0,,,,5,qp_nonconvex,nuPI (rho=0),3.3460599394613926
-51.167648865889824,3.5434347911920847,1.776530261615282,22.16597942741585,0.0,,,,6,qp_nonconvex,nuPI (rho=0),3.5434347911920847
-39.34286301373005,3.2599361231897133,4.344761901712911,26.497246113431608,0.0,,,,7,qp_nonconvex,nuPI (rho=0),4.344761901712911
-28.01308093347056,2.5814029368725127,6.689744658428783,24.829983957734445,0.0,,,,8,qp_nonconvex,nuPI (rho=0),6.689744658428783
-27.94347019268684,2.544480672531243,7.793580951951171,18.03347564578709,0.0,,,,9,qp_nonconvex,nuPI (rho=0),7.793580951951171
-36.08483003588853,3.135533689577258,5.734007147288983,16.199878934234576,0.0,,,,10,qp_nonconvex,nuPI (rho=0),5.734007147288983
-35.237026546856775,3.3793308281048624,2.0395150674060005,22.764234495025008,0.0,,,,11,qp_nonconvex,nuPI (rho=0),3.3793308281048624
-21.039465707571388,3.2747499104874525,3.9122591966273075,22.336421690880947,0.0,,,,12,qp_nonconvex,nuPI (rho=0),3.9122591966273075
0.4228560051971222,1.8566230698129993,7.000630192388675,20.62811792542191,0.0,,,,13,qp_nonconvex,nuPI (rho=0),7.000630192388675
-4.777215395331632,2.0863333824559347,12.198497531745604,34.326544557740775,0.0,,,,14,qp_nonconvex,nuPI (rho=0),12.198497531745604
-90.53257617226672,4.678496684254098,15.89270419233363,39.54935448549066,0.4175418609137773,,,,15,qp_nonconvex,nuPI (rho=0),15.89270419233363
-245.63839276734532,7.102457403063031,14.141931972754204,45.661342759512316,0.0,,,,16,qp_nonconvex,nuPI (rho=0),14.141931972754204
-489.9380972065387,10.338491346761417,15.198903364823403,115.7063215112763,0.0,,,,17,qp_nonconvex,nuPI (rho=0),15.198903364823403
-838.8567188143261,14.159887008663484,17.390499957590897,254.61648907513464,0.0,,,,18,qp_nonconvex,nuPI (rho=0),17.390499957590897
-1224.855560773032,17.97837061522322,16.83776039098911,484.8635888608128,0.0,,,,19,qp_nonconvex,nuPI (rho=0),17.97837061522322
-1470.109993190706,20.67740046491494,11.239296548604308,783.0053050608581,0.0,,,,20,qp_nonconvex,nuPI (rho=0),20.67740046491494
-1311.1174089893107,20.470853957833064,5.950858258363269,1014.5661902411811,0.0,,,,21,qp_nonconvex,nuPI (rho=0),20.470853957833064
-617.4302559570272,14.845672080422126,26.617343009522305,886.4088878931324,0.0,,,,22,qp_nonconvex,nuPI (rho=0),26.617343009522305
5.809697771666176,0.8499103730703588,64.60313205261393,119.21476859522829,0.0,,,,23,qp_nonconvex,nuPI (rho=0),64.60313205261393
-1495.2099475896805,21.046491571502706,105.25027139333781,1327.6743579788695,3.426612141401768,,,,24,qp_nonconvex,nuPI (rho=0),105.25027139333781
-6526.254772180374,48.13542649035022,118.68775296411945,1719.0762891900235,12.51656328729174,,,,25,qp_nonconvex,nuPI (rho=0),118.68775296411945
-12533.532217982594,69.40484351093491,91.99412501421585,4556.550695206933,0.0,,,,26,qp_nonconvex,nuPI (rho=0),91.99412501421585
-21251.77678420473,95.60098375655474,106.66602643748165,9560.098375655474,0.0,,,,27,qp_nonconvex,nuPI (rho=0),106.66602643748165
-41896.404238878735,144.07344266463647,201.93647025863618,14407.344266463648,0.0,,,,28,qp_nonconvex,nuPI (rho=0),201.93647025863618
-100577.45214958591,235.83984274134596,376.32624212622414,23583.984274134596,0.0,,,,29,qp_nonconvex,nuPI (rho=0),376.32624212622414
-288714.1811393202,406.85454082975536,708.1213786954304,40685.454082975535,0.0,,,,30,qp_nonconvex,nuPI (rho=0),708.1213786954304
-946271.8409972838,728.6475763176425,1355.427854492429,72864.75763176425,0.0,,,,31,qp_nonconvex,nuPI (rho=0),1355.427854492429
-3380092.7078744574,1344.597407525256,2625.0095170991513,134459.7407525256,0.0,,,,32,qp_nonconvex,nuPI (rho=0),2625.0095170991513
-49215872.25427836,4866.996028134458,10074.710463842339,486699.60281344585,0.0,,,,34,qp_nonconvex,nuPI (rho=0),10074.710463842339
-193568595.18354708,9445.267154186433,19895.490309674446,944526.7154186433,0.0,,,,35,qp_nonconvex,nuPI (rho=0),19895.490309674446
-767625362.0480912,18486.41520011154,39429.267682327554,1848641.520011154,0.0,,,,36,qp_nonconvex,nuPI (rho=0),39429.267682327554
-12201531639.343597,72006.61142167493,155960.12691294326,7200661.142167493,0.0,,,,38,qp_nonconvex,nuPI (rho=0),155960.12691294326
-48752126735.43934,142879.88846755546,310887.8565116046,14287988.846755546,0.0,,,,39,qp_nonconvex,nuPI (rho=0),310887.8565116046
-194900300073.37427,284157.28815219447,620315.2682541752,28415728.815219447,0.0,,,,40,qp_nonconvex,nuPI (rho=0),620315.2682541752
-3117105029661.676,1128892.66242376,2474217.5239723213,112889266.242376,0.0,,,,42,qp_nonconvex,nuPI (rho=0),2474217.5239723213
-49868483617284.15,4500113.671545092,9882833.41944952,450011367.1545092,0.0,,,,44,qp_nonconvex,nuPI (rho=0),9882833.41944952
-199470474870091.2,8991189.722835504,19757477.224025674,899118972.2835504,0.0,,,,45,qp_nonconvex,nuPI (rho=0),19757477.224025674
-3191486148339010.0,35921233.421907306,78990533.41503102,3592123342.1907306,0.0,,,,47,qp_nonconvex,nuPI (rho=0),78990533.41503102
-5.106361302282107e+16,143598291.2769368,315883903.60487044,14359829127.69368,0.0,,,,49,qp_nonconvex,nuPI (rho=0),315883903.60487044
0.0,0.0,2.0567028183423686,0.0,0.0,,,,0,qp_nonconvex,nuPI (rho=1),2.0567028183423686
-3.329406752390251,0.0,2.353072520660911,0.0,0.0,,,,1,qp_nonconvex,nuPI (rho=1),2.353072520660911
-8.094476976345883,0.0498092560654777,2.7127353795771967,0.0,0.0,,,,2,qp_nonconvex,nuPI (rho=1),2.7127353795771967
-14.369288820819207,0.6112494694596242,2.891346479800199,0.18616759891830642,0.0,,,,3,qp_nonconvex,nuPI (rho=1),2.891346479800199
-20.175188038303205,0.9921586277269996,2.944477245889525,0.8839173129717834,0.0,,,,4,qp_nonconvex,nuPI (rho=1),2.944477245889525
-24.135851000302473,1.1978230491520923,2.739602297590113,1.8708068709378707,0.0,,,,5,qp_nonconvex,nuPI (rho=1),2.739602297590113
-25.689942021316078,1.3821773374296065,2.375464262977807,2.8379180098680292,0.0,,,,6,qp_nonconvex,nuPI (rho=1),2.375464262977807
-24.940719825522407,1.4319941813008645,1.9308804188240596,4.062927806194643,0.0,,,,7,qp_nonconvex,nuPI (rho=1),1.9308804188240596
-22.465696491201996,1.3742161180260983,1.4135480380857048,4.918096103156567,0.0,,,,8,qp_nonconvex,nuPI (rho=1),1.4135480380857048
-19.076809547884267,1.2267516155490452,1.3721272368248187,5.198484181774527,0.0,,,,9,qp_nonconvex,nuPI (rho=1),1.3721272368248187
-15.517211294249083,1.0147597315732724,1.9013069632554664,4.848216238549567,0.0,,,,10,qp_nonconvex,nuPI (rho=1),1.9013069632554664
-12.258589026166174,0.7633425367883657,2.1433033588265817,3.9536638065446774,0.0,,,,11,qp_nonconvex,nuPI (rho=1),2.1433033588265817
-9.3178430625292,0.6184512726623408,2.100739636477356,2.6748458477365493,0.0,,,,12,qp_nonconvex,nuPI (rho=1),2.100739636477356
-6.7468906478715525,0.5836991346220997,1.8006526365459212,2.495899522257452,0.0,,,,13,qp_nonconvex,nuPI (rho=1),1.8006526365459212
-4.675906832706431,0.511042876828474,1.4046619471640778,2.818999050886043,0.0,,,,14,qp_nonconvex,nuPI (rho=1),1.4046619471640778
-3.063398403820308,0.3963500938694171,1.3121412175206748,2.543278742301678,0.0,,,,15,qp_nonconvex,nuPI (rho=1),1.3121412175206748
-1.7743914816007722,0.23146503171519517,1.517531487248213,2.7102142774086913,0.0,,,,16,qp_nonconvex,nuPI (rho=1),1.517531487248213
-1.0005713772518912,0.02100616197255878,1.7511998578397237,3.767058536275895,0.0,,,,17,qp_nonconvex,nuPI (rho=1),1.7511998578397237
-1.071516487275023,0.0,1.9524422862539677,4.552442060217308,0.0,,,,18,qp_nonconvex,nuPI (rho=1),1.9524422862539677
-2.458464517597305,0.0,2.329165627858935,4.851555865213707,0.0,,,,19,qp_nonconvex,nuPI (rho=1),2.329165627858935
-5.911836422835501,0.3690480444246873,2.819870555201386,4.492263388051693,0.0,,,,20,qp_nonconvex,nuPI (rho=1),2.819870555201386
-11.914700946939494,0.8467197276741318,3.6711967777643926,3.28756258266746,0.0,,,,21,qp_nonconvex,nuPI (rho=1),3.6711967777643926
-20.073819600563255,1.2289716417524934,4.330872550535666,1.5358266416714113,0.0,,,,22,qp_nonconvex,nuPI (rho=1),4.330872550535666
-29.36187946623937,1.5092113453771332,4.64093589611709,3.10259946122613,0.0,,,,23,qp_nonconvex,nuPI (rho=1),4.64093589611709
-38.69536180904281,1.9298849306302586,4.499814294063476,4.948390425249611,0.0,,,,24,qp_nonconvex,nuPI (rho=1),4.499814294063476
-46.22228182182552,2.2496824111296667,4.317800414159864,7.471909898245981,0.0,,,,25,qp_nonconvex,nuPI (rho=1),4.317800414159864
-49.9296678789156,2.324659988907931,3.7534355304517706,10.70988344571878,0.0,,,,26,qp_nonconvex,nuPI (rho=1),3.7534355304517706
-48.16844737913257,2.165866259903543,2.9672473547558873,12.494733769603634,0.0,,,,27,qp_nonconvex,nuPI (rho=1),2.9672473547558873
-40.4450982923352,2.00380993445182,1.5769432578213403,11.882815581557319,0.0,,,,28,qp_nonconvex,nuPI (rho=1),2.00380993445182
-28.07401876637649,1.5955427479925155,1.6914739511429948,9.274045455701703,0.0,,,,29,qp_nonconvex,nuPI (rho=1),1.6914739511429948
-14.2909412281593,0.9670754626682758,3.2270934991198033,5.694261500510356,0.0,,,,30,qp_nonconvex,nuPI (rho=1),3.2270934991198033
-3.518650160248837,0.037473483444427025,5.370144002690926,3.1690849215404286,0.0,,,,31,qp_nonconvex,nuPI (rho=1),5.370144002690926
0.536945170323611,0.0,7.649731257445118,9.443642310958863,0.0,,,,32,qp_nonconvex,nuPI (rho=1),7.649731257445118
-28.21092069554874,2.0988080588023768,10.074443294131022,13.388555077665744,0.28048108563055385,,,,34,qp_nonconvex,nuPI (rho=1),10.074443294131022
-44.27962435041027,3.0017594242505288,7.725453502839364,8.983910071897432,0.0,,,,35,qp_nonconvex,nuPI (rho=1),7.725453502839364
-54.351475698098255,3.660849923494786,6.999555674986148,18.114008089497847,0.0,,,,36,qp_nonconvex,nuPI (rho=1),6.999555674986148
-48.74901021502088,3.7178643933863453,2.283932157902557,34.285773611009745,0.0,,,,38,qp_nonconvex,nuPI (rho=1),3.7178643933863453
-33.30316557795903,2.9599277761942,2.0900879714428364,32.4754920881683,0.0,,,,39,qp_nonconvex,nuPI (rho=1),2.9599277761942
-15.384973848727276,1.7037823068425513,5.020445168989939,20.573873069951148,0.0,,,,40,qp_nonconvex,nuPI (rho=1),5.020445168989939
-3.488397999353137,0.0,12.048914671230165,21.30985660321218,0.0,,,,42,qp_nonconvex,nuPI (rho=1),12.048914671230165
-58.71286690668259,3.6632958295650333,12.360885435351054,36.73643803060656,0.0,,,,44,qp_nonconvex,nuPI (rho=1),12.360885435351054
-84.675267597429,4.242011867567961,7.483731114600479,23.956974992333457,0.0,,,,45,qp_nonconvex,nuPI (rho=1),7.483731114600479
-85.37033407387163,3.054378942264,3.4537656876105878,28.51195397903008,0.0,,,,47,qp_nonconvex,nuPI (rho=1),3.4537656876105878
-38.130343364337826,2.0393634436066015,7.846092074256323,17.572430871511074,0.0,,,,49,qp_nonconvex,nuPI (rho=1),7.846092074256323
-17.06752084990695,1.661681546298985,13.85841347426307,32.12534269198415,0.0,,,,51,qp_nonconvex,nuPI (rho=1),13.85841347426307
-40.26526933790816,3.4251264652882014,13.734867038962872,31.892895655802445,0.0,,,,52,qp_nonconvex,nuPI (rho=1),13.734867038962872
-87.21738922515951,4.655159274830749,6.617498932384391,36.493403952893765,0.0,,,,54,qp_nonconvex,nuPI (rho=1),6.617498932384391
-65.74685833701977,3.877547278727251,0.9923505845529927,48.37647578921793,0.0,,,,56,qp_nonconvex,nuPI (rho=1),3.877547278727251
0.6524095467221898,0.0,13.333705674395247,19.030243045336174,0.0,,,,59,qp_nonconvex,nuPI (rho=1),13.333705674395247
-70.88833656863453,4.094208959720547,16.251923753275936,57.223498809232645,0.35588142819075713,,,,61,qp_nonconvex,nuPI (rho=1),16.251923753275936
-122.6591040630312,5.040853470880018,5.556010670358443,47.14983225754254,0.0,,,,63,qp_nonconvex,nuPI (rho=1),5.556010670358443
-77.95124423907991,2.99345834039186,5.362350059541854,32.80292836064018,0.0,,,,65,qp_nonconvex,nuPI (rho=1),5.362350059541854
-24.711695486895536,2.5259352869085534,17.388714676163318,49.40491950504049,0.0,,,,68,qp_nonconvex,nuPI (rho=1),17.388714676163318
-106.54661691496455,5.598279573822705,12.073579439994074,39.255364975196315,0.2985082617482778,,,,70,qp_nonconvex,nuPI (rho=1),12.073579439994074
-67.67822668870713,3.9140814574924665,2.4128652339732017,60.30267315286685,0.0,,,,73,qp_nonconvex,nuPI (rho=1),3.9140814574924665
-8.726499926029398,1.1386869262438895,18.040425603696423,48.76820492646565,0.0,,,,76,qp_nonconvex,nuPI (rho=1),18.040425603696423
-127.91091763868461,5.860206038107772,16.267641470856574,64.08254166870363,0.38518025384508775,,,,78,qp_nonconvex,nuPI (rho=1),16.267641470856574
-105.45027304902928,3.606614025880522,4.826656927590303,54.463422226446426,0.0,,,,81,qp_nonconvex,nuPI (rho=1),4.826656927590303
-24.164908157829167,2.42497237886881,19.775327646616155,60.25565447176397,0.0,,,,84,qp_nonconvex,nuPI (rho=1),19.775327646616155
-131.82651755636454,5.789313068154154,2.5840862477093154,85.32952796073917,0.0,,,,88,qp_nonconvex,nuPI (rho=1),5.789313068154154
0.7202694530542104,0.0,15.883390531314706,10.462869836639483,0.0,,,,91,qp_nonconvex,nuPI (rho=1),15.883390531314706
-165.55407279141394,6.803304609925467,17.59955187236792,76.99409578306985,0.6804149300454639,,,,94,qp_nonconvex,nuPI (rho=1),17.59955187236792
-50.6987741754818,2.417726764139336,13.472703389303838,27.9639477031075,0.0,,,,98,qp_nonconvex,nuPI (rho=1),13.472703389303838
-115.41395849449987,6.445669545795404,21.436675165168985,84.33408966824028,0.0,,,,101,qp_nonconvex,nuPI (rho=1),21.436675165168985
-73.64394861374055,4.0874628378773625,6.869561353362808,82.98488503603238,0.0,,,,105,qp_nonconvex,nuPI (rho=1),6.869561353362808
-164.47696575912687,7.019566540286675,22.972650742520205,114.11935154031885,0.8141937238420123,,,,109,qp_nonconvex,nuPI (rho=1),22.972650742520205
-81.10598773768203,3.1060479728092387,12.466665369930281,50.240634776370484,0.0,,,,113,qp_nonconvex,nuPI (rho=1),12.466665369930281
-200.10737522020665,8.240501105303474,19.77777188644936,79.50160065216606,0.5310007053704364,,,,117,qp_nonconvex,nuPI (rho=1),19.77777188644936
2.9687378561804123,0.0,22.14932806443314,36.82203971185216,0.0,,,,122,qp_nonconvex,nuPI (rho=1),22.14932806443314
-265.61619369076817,8.51907673863622,6.379784017030229,139.9228957869277,0.0,,,,126,qp_nonconvex,nuPI (rho=1),8.51907673863622
-115.02316275532858,6.648859612080356,28.482544693023417,139.45650794193742,0.0,,,,131,qp_nonconvex,nuPI (rho=1),28.482544693023417
-39.1523642973127,2.5535001895607996,15.763561640657246,66.34096571972157,0.0,,,,136,qp_nonconvex,nuPI (rho=1),15.763561640657246
-318.1290973495073,9.520544413739941,6.830435475274694,176.6962349645328,0.0,,,,141,qp_nonconvex,nuPI (rho=1),9.520544413739941
-158.62989326184572,7.870020823610341,31.37363788942079,173.13587667529478,0.0,,,,146,qp_nonconvex,nuPI (rho=1),31.37363788942079
-1.6019618517891487,0.9954352628940701,29.874136580436776,83.41550400962825,0.0,,,,152,qp_nonconvex,nuPI (rho=1),29.874136580436776
-232.94550676083466,7.104671873997944,8.862256446265043,189.28143064687436,0.0,,,,157,qp_nonconvex,nuPI (rho=1),8.862256446265043
-406.5466887543789,11.281704138531913,8.461365554145967,257.0708586034915,1.1490404217216683,,,,163,qp_nonconvex,nuPI (rho=1),11.281704138531913
-443.1247220650119,12.08840893956438,30.41849936438456,224.07866369587816,2.809397136478926,,,,169,qp_nonconvex,nuPI (rho=1),30.41849936438456
-200.0452425436276,8.96779216210835,39.83876607581224,261.2960123890356,0.0,,,,175,qp_nonconvex,nuPI (rho=1),39.83876607581224
-176.02688849973657,7.8720255348965615,42.9296052593794,290.4751512796638,0.3573736167904745,,,,182,qp_nonconvex,nuPI (rho=1),42.9296052593794
-163.870970867411,8.29601329363093,45.574347814194766,304.57416173813436,0.0,,,,189,qp_nonconvex,nuPI (rho=1),45.574347814194766
-134.06842433534865,7.031018380634714,47.06190524711839,315.5206146990583,0.11946469660380969,,,,196,qp_nonconvex,nuPI (rho=1),47.06190524711839
-145.38061579659484,7.959303107249834,50.218980173658615,348.0248787031962,0.0,,,,203,qp_nonconvex,nuPI (rho=1),50.218980173658615
-125.16023868040986,6.8614334799400964,51.90675977734625,355.68299598955485,0.021242399747443855,,,,210,qp_nonconvex,nuPI (rho=1),51.90675977734625
-583.5431936065851,15.268030489685255,54.249749981647746,527.3970917392751,1.1009293217514604,,,,218,qp_nonconvex,nuPI (rho=1),54.249749981647746
-1105.0679077672112,19.89030944251974,44.287488851288536,506.06244857677103,5.277397123846892,,,,226,qp_nonconvex,nuPI (rho=1),44.287488851288536
-756.118225250675,15.800394979353445,10.194959101499073,785.1084958873047,0.0,,,,235,qp_nonconvex,nuPI (rho=1),15.800394979353445
-22.455592645560735,1.335242789236394,61.15259107115713,189.53646967456447,0.0,,,,244,qp_nonconvex,nuPI (rho=1),61.15259107115713
-1349.3141067485496,22.536504795882365,72.11371081017364,1013.3919445371488,4.260447212898947,,,,253,qp_nonconvex,nuPI (rho=1),72.11371081017364
-1780.2775678251537,25.24900288936775,7.944331579717888,1438.5483267046395,2.9592621193626796,,,,262,qp_nonconvex,nuPI (rho=1),25.24900288936775
-173.11050052490666,8.638818850792633,89.09629660735393,765.4404961434731,0.0,,,,272,qp_nonconvex,nuPI (rho=1),89.09629660735393
-3132.538141028072,34.0867631527097,38.47624048214114,1990.3932974063775,3.6592979973833395,,,,282,qp_nonconvex,nuPI (rho=1),38.47624048214114
-14.157181376753122,2.713720434187326,98.92818467206337,440.8936921157772,0.0,,,,292,qp_nonconvex,nuPI (rho=1),98.92818467206337
-3779.3644924523933,37.49915431216762,6.343911411953577,3302.683931235767,3.223644791286247,,,,303,qp_nonconvex,nuPI (rho=1),37.49915431216762
-2596.9340853006215,29.71676549916082,132.3536581791877,2502.864601778465,5.022612003701638,,,,314,qp_nonconvex,nuPI (rho=1),132.3536581791877
-3.7810124939366503,4.204506151239071,97.2210723418193,420.45061512390714,0.0,,,,326,qp_nonconvex,nuPI (rho=1),97.2210723418193
-2896.2127467491555,33.95222454754585,31.419542938065845,3390.596277552755,0.0,,,,338,qp_nonconvex,nuPI (rho=1),33.95222454754585
-4961.472088375712,43.36753036843248,28.754008875632834,3562.034785379239,1.6545864652499511,,,,351,qp_nonconvex,nuPI (rho=1),43.36753036843248
-6036.797311166999,46.28834492844021,82.46054466030868,2783.9537920890857,9.75424914166927,,,,364,qp_nonconvex,nuPI (rho=1),82.46054466030868
-5310.126053880223,41.430864957305644,121.91322852483871,2643.858264856878,18.33045219428007,,,,377,qp_nonconvex,nuPI (rho=1),121.91322852483871
-5611.772341373135,42.92604738076303,113.57862051794865,2471.598697728204,16.12689136278866,,,,391,qp_nonconvex,nuPI (rho=1),113.57862051794865
-5389.757983351379,44.84271952937458,42.781597634095164,3455.6389939042997,3.1675520142096,,,,406,qp_nonconvex,nuPI (rho=1),44.84271952937458
-2463.6905680155137,32.445513825955224,38.53125349885985,3244.551382595522,0.0,,,,421,qp_nonconvex,nuPI (rho=1),38.53125349885985
-260.17978256695005,14.146098629567856,80.41073685544349,1414.6098629567855,0.0,,,,436,qp_nonconvex,nuPI (rho=1),80.41073685544349
-5545.372539272453,43.37211777131853,116.98939220715017,2497.286279347016,18.003066134877596,,,,453,qp_nonconvex,nuPI (rho=1),116.98939220715017
-1011.283349049339,23.34077771645423,61.14983244698341,2334.077771645423,0.0,,,,470,qp_nonconvex,nuPI (rho=1),61.14983244698341
-4457.363107980024,36.14682861070331,130.93117415982016,2689.105855591504,14.800814186335295,,,,487,qp_nonconvex,nuPI (rho=1),130.93117415982016
-254.26089106070768,14.045136281972004,80.62220550893618,1404.5136281972004,0.0,,,,505,qp_nonconvex,nuPI (rho=1),80.62220550893618
-3786.791225631312,38.76725187544914,16.028002231761647,3729.319671195668,0.0,,,,524,qp_nonconvex,nuPI (rho=1),38.76725187544914
-5919.250748085374,44.64556044620082,102.24500593928295,2224.018753390516,13.422416784899935,,,,543,qp_nonconvex,nuPI (rho=1),102.24500593928295
-4894.86693155569,39.938042898621596,128.431679833053,2710.7896739175526,14.494237747067928,,,,563,qp_nonconvex,nuPI (rho=1),128.431679833053
-5349.097970443626,41.632654601810984,121.40084828135598,2632.0654073053706,18.477113606648228,,,,584,qp_nonconvex,nuPI (rho=1),121.40084828135598
-5630.607174115764,45.79103489475651,46.347129653516575,3567.231205053507,7.326362160627645,,,,606,qp_nonconvex,nuPI (rho=1),46.347129653516575
-2429.793515858399,32.28567976873348,39.065639346569526,3228.567976873348,0.0,,,,628,qp_nonconvex,nuPI (rho=1),39.065639346569526
-2781.3401504267486,28.134793188504727,139.21630520747402,2408.675320958602,9.100042438689767,,,,652,qp_nonconvex,nuPI (rho=1),139.21630520747402
-3183.603839597117,36.329833538265405,27.595284938880646,3632.98335382654,0.0,,,,676,qp_nonconvex,nuPI (rho=1),36.329833538265405
-4908.665183046502,40.02120879108153,128.303985999769,2710.3581709732207,14.550513193764084,,,,701,qp_nonconvex,nuPI (rho=1),128.303985999769
-605.3504644038705,14.050372870548571,126.72475384344946,1484.9228817015435,2.236327223801074,,,,727,qp_nonconvex,nuPI (rho=1),126.72475384344946
-38.39363880201675,5.44027474951261,107.56129961117297,652.88986235024,0.0,,,,754,qp_nonconvex,nuPI (rho=1),107.56129961117297
-346.43908084060104,10.865569089348737,123.05766224862303,1215.5827525531197,0.13306610841824532,,,,782,qp_nonconvex,nuPI (rho=1),123.05766224862303
-3797.3007120545813,33.55125981731769,136.63625976499625,2662.1219278761127,10.782215161021423,,,,811,qp_nonconvex,nuPI (rho=1),136.63625976499625
-4748.308247760264,42.689079674463585,15.48793867550799,3812.1747769266567,3.3807761198420296,,,,841,qp_nonconvex,nuPI (rho=1),42.689079674463585
-840.5653623124961,15.28165234428839,126.00056731715439,1585.4220707115214,2.5544051817133964,,,,872,qp_nonconvex,nuPI (rho=1),126.00056731715439
-451.4653208266624,16.957263514869936,74.51386561807313,1695.7263514869937,0.0,,,,905,qp_nonconvex,nuPI (rho=1),74.51386561807313
-3744.9264938271212,38.600487055712826,16.657132752927332,3725.105003064697,0.0,,,,938,qp_nonconvex,nuPI (rho=1),38.600487055712826
-2412.7995741814166,32.205053616576876,39.334181719072006,3220.5053616576874,0.0,,,,973,qp_nonconvex,nuPI (rho=1),39.334181719072006
-105.48897630813909,9.641427553929416,90.02525370854723,964.1427553929416,0.0,,,,1009,qp_nonconvex,nuPI (rho=1),90.02525370854723
-6191.171905032701,47.29036832003937,83.46497804355383,2935.1432865468205,13.17298968837692,,,,1047,qp_nonconvex,nuPI (rho=1),83.46497804355383
-2.220424985326943,5.31531709236421,97.15454568153494,531.531709236421,0.0,,,,1085,qp_nonconvex,nuPI (rho=1),97.15454568153494
-240.19130325976653,13.799132919156985,81.13490932456112,1379.9132919156984,0.0,,,,1126,qp_nonconvex,nuPI (rho=1),81.13490932456112
-718.2022853358425,19.791009813353757,68.00275679697303,1979.1009813353758,0.0,,,,1167,qp_nonconvex,nuPI (rho=1),68.00275679697303
-3096.158303118103,30.318715466137082,139.2645769011284,2542.861442521842,8.819367779958565,,,,1211,qp_nonconvex,nuPI (rho=1),139.2645769011284
-2249.040107171564,32.032622132659895,42.43539236912663,3203.2622132659894,0.0,,,,1256,qp_nonconvex,nuPI (rho=1),42.43539236912663
-5928.9138967987965,44.719242499997975,101.60063975995462,2222.5882012843567,13.287283790400933,,,,1302,qp_nonconvex,nuPI (rho=1),101.60063975995462
-5582.6179085339445,43.54562070739361,115.89654598633948,2473.5116322452313,18.236857008722495,,,,1350,qp_nonconvex,nuPI (rho=1),115.89654598633948
-1986.3440295761472,29.97745310282151,46.43498159210638,2997.745310282151,0.0,,,,1401,qp_nonconvex,nuPI (rho=1),46.43498159210638
0.0,0.0,2.0567028183423686,0.0,0.0,,,,0,qp_nonconvex,iALM,2.0567028183423686
-3.329406752390251,0.0,2.353072520660911,0.0,0.0,,,,1,qp_nonconvex,iALM,2.353072520660911
-8.094476976345883,0.0498092560654777,2.7127353795771967,0.0,0.0,,,,2,qp_nonconvex,iALM,2.7127353795771967
-14.980856182879165,0.6868053537804923,3.1366185056652243,0.008308530608322656,0.0,,,,3,qp_nonconvex,iALM,3.1366185056652243
-23.804613442752462,1.3213827902371094,3.633478952503335,0.18464937002376772,0.0,,,,4,qp_nonconvex,iALM,3.633478952503335
-34.480416106202924,1.9449831632691996,4.09605077810142,0.6414027344633656,0.0,,,,5,qp_nonconvex,iALM,4.09605077810142
-47.01108107604864,2.552897869008055,4.599766105728448,1.413481813530716,0.0,,,,6,qp_nonconvex,iALM,4.599766105728448
-61.38625138491162,3.25488184762375,5.114543979639359,2.5030864678116975,0.0,,,,7,qp_nonconvex,iALM,5.114543979639359
-77.57706177702721,3.992808660738886,5.643791999607147,3.897526428390313,0.0,,,,8,qp_nonconvex,iALM,5.643791999607147
-95.54323903293707,4.794670553076204,6.1916639835032194,5.846978554420461,0.0,,,,9,qp_nonconvex,iALM,6.1916639835032194
-115.24725147391081,5.627646815567934,6.776848394746885,8.459587019223564,0.0,,,,10,qp_nonconvex,iALM,6.776848394746885
-136.6604064999242,6.497357309494802,7.420542066649868,11.779595698437289,0.0,,,,11,qp_nonconvex,iALM,7.420542066649868
-159.7839179615482,7.413584578522601,8.150034548558562,15.836813100096581,0.0,,,,12,qp_nonconvex,iALM,8.150034548558562
-184.68945576078542,8.391264704094354,9.00223124038666,20.748553579212153,0.0,,,,13,qp_nonconvex,iALM,9.00223124038666
-211.59740870498558,9.452178435592531,10.02793435905152,26.68175950831674,0.0,,,,14,qp_nonconvex,iALM,10.02793435905152
-241.02753012343842,10.627446052059238,11.297539998621565,33.879146960203165,0.0,,,,15,qp_nonconvex,iALM,11.297539998621565
-274.0883838035907,11.961073679446676,12.908876170963428,42.69792693910116,0.0,,,,16,qp_nonconvex,iALM,12.908876170963428
-313.0330623856978,13.514944136139563,14.998130997168154,53.66744419632626,0.0,,,,17,qp_nonconvex,iALM,14.998130997168154
-362.32635119588315,15.375830979361176,17.755205839948133,67.57497557677722,0.0,,,,18,qp_nonconvex,iALM,17.755205839948133
-430.6963030036082,17.665275587449653,21.445425364366685,85.59265293735248,0.0,,,,19,qp_nonconvex,iALM,21.445425364366685
-535.0863763893045,20.553543949457396,26.44042171229977,109.46248440369621,0.0,,,,20,qp_nonconvex,iALM,26.44042171229977
-708.2920778503812,24.279412734622422,33.26222947984241,141.75967414449192,0.0,,,,21,qp_nonconvex,iALM,33.26222947984241
-1013.7758174235553,29.178239591977857,42.646072714558926,186.25749364359334,0.0,,,,22,qp_nonconvex,iALM,42.646072714558926
-1574.5343800014912,35.72162417930351,55.62870945239012,248.42899840083584,0.0,,,,23,qp_nonconvex,iALM,55.62870945239012
-2629.5730315583774,44.573002616311165,73.67077680368271,336.16202935121225,0.0,,,,24,qp_nonconvex,iALM,73.67077680368271
-4645.413594860691,56.6651127386102,98.8247176729075,460.834895500572,0.0,,,,25,qp_nonconvex,iALM,98.8247176729075
-8551.355080634763,73.30788983343403,133.96751929605418,638.9488018328414,0.0,,,,26,qp_nonconvex,iALM,133.96751929605418
-16153.771321753633,96.33933069520232,183.37442491341406,894.4950952998394,0.0,,,,27,qp_nonconvex,iALM,183.37442491341406
-30991.784731915388,128.39539557809695,252.59245922794707,1262.9642413334816,0.0,,,,28,qp_nonconvex,iALM,252.59245922794707
-60021.145539270554,173.1180070651037,349.62778889266383,1795.53812384612,0.0,,,,29,qp_nonconvex,iALM,349.62778889266383
-116921.54521103992,235.62120949870967,485.7178741483104,2566.5681427593736,0.0,,,,30,qp_nonconvex,iALM,485.7178741483104
-228618.96833034363,323.08545535143304,676.6449660457561,3683.8789112536924,0.0,,,,31,qp_nonconvex,iALM,676.6449660457561
-448146.3025402493,445.59371944709096,944.5779909711887,5303.652310360283,0.0,,,,32,qp_nonconvex,iALM,944.5779909711887
-1730209.7815835425,858.1125360582424,1848.6338728335286,11055.428629607639,0.0,,,,34,qp_nonconvex,iALM,1848.6338728335286
-3404970.017023723,1195.947865860076,2589.958590737702,15986.396742505753,0.0,,,,35,qp_nonconvex,iALM,2589.958590737702
-6705462.571653903,1670.0535073076687,3630.9642330147467,23126.502608633622,0.0,,,,36,qp_nonconvex,iALM,3630.9642330147467
-26042756.93559891,3269.876700141218,7146.2267500935195,48402.732564822596,0.0,,,,38,qp_nonconvex,iALM,7146.2267500935195
-51349198.45054553,4581.803550472499,10030.19917125353,70000.10765511429,0.0,,,,39,qp_nonconvex,iALM,10030.19917125353
-101269866.39583166,6424.139624129165,14081.079663300763,101193.60434671593,0.0,,,,40,qp_nonconvex,iALM,14081.079663300763
-394078334.4096483,12645.589559172426,27764.17789854689,211162.1388752991,0.0,,,,42,qp_nonconvex,iALM,27764.17789854689
-1534129912.4983459,24919.616212814668,54764.75891700205,439659.41493928724,0.0,,,,44,qp_nonconvex,iALM,54764.75891700205
-3027213232.582113,34990.79447587255,76921.71240881307,633858.2379782895,0.0,,,,45,qp_nonconvex,iALM,76921.71240881307
-11788422866.020397,69011.0996010166,151773.18701040803,1315231.1317629926,0.0,,,,47,qp_nonconvex,iALM,151773.18701040803
-45910376218.99272,136145.638692406,299491.7502842094,2723055.383792825,0.0,,,,49,qp_nonconvex,iALM,299491.7502842094
-178809134289.55908,268632.1572455177,591017.7393154674,5626115.228670009,0.0,,,,51,qp_nonconvex,iALM,591017.7393154674
-352886009789.47577,377356.32098069123,830260.8565647975,8080994.472339726,0.0,,,,52,qp_nonconvex,iALM,830260.8565647975
-1374454429048.0303,744663.4848498255,1638516.0655349074,16648484.415401485,0.0,,,,54,qp_nonconvex,iALM,1638516.0655349074
-5353421552464.106,1469558.3631226374,3233656.3195008803,34239652.687791914,0.0,,,,56,qp_nonconvex,iALM,3233656.3195008803
-41151711231057.88,4074233.187107018,8965321.445441406,100684631.59794313,0.0,,,,59,qp_nonconvex,iALM,8965321.445441406
-160285322790378.94,8040667.300544204,17693613.13629239,206280711.3494811,0.0,,,,61,qp_nonconvex,iALM,17693613.13629239
-624309867036283.5,15868696.425460318,34919526.18677972,422056591.93354833,0.0,,,,63,qp_nonconvex,iALM,34919526.18677972
-2431682975548573.5,31317866.66691225,68916124.85323231,862460301.547354,0.0,,,,65,qp_nonconvex,iALM,68916124.85323231
-1.869249927516209e+16,86830116.29660907,191073445.1308512,2513913639.6435485,0.0,,,,68,qp_nonconvex,iALM,191073445.1308512
-7.280721327836946e+16,171365423.114841,377097446.6696844,5122832975.012383,0.0,,,,70,qp_nonconvex,iALM,377097446.6696844
0.0,0.0,2.0567028183423686,0.0001,0.0001,,,,0,qp_nonconvex,PBM,2.0567028183423686
-3.329406752390251,0.0,2.353072520660911,0.000148962713283253,0.0001,,,,1,qp_nonconvex,PBM,2.353072520660911
-8.094414301353556,0.04980159014584973,2.7127307871115027,0.000204980159014585,0.0001,,,,2,qp_nonconvex,PBM,2.7127307871115027
-15.008282172651489,0.6955833511766949,3.1515599776506282,0.0002695583351176695,0.0001,,,,3,qp_nonconvex,PBM,3.1515599776506282
-25.09717114286508,1.4458173557510317,3.8086520602277885,0.00034458173557510316,0.0001,,,,4,qp_nonconvex,PBM,3.8086520602277885
-39.86979401695008,2.3239441029461894,4.668364120848784,0.0007134428625062389,0.0001,,,,5,qp_nonconvex,PBM,4.668364120848784
-61.55028310133631,3.3588005859775354,5.809510921883931,0.005271034708447136,0.0001,,,,6,qp_nonconvex,PBM,5.809510921883931
-93.28582122682613,4.584219647958249,7.210318920265383,0.1222866927988402,0.0001,,,,7,qp_nonconvex,PBM,7.210318920265383
-135.20565339348136,6.168870311483901,8.511237906340149,3.667468015299672,0.0001,,,,8,qp_nonconvex,PBM,8.511237906340149
-61.66951766484958,4.847566235277293,15.133883605551414,36.04042444839994,0.0001,,,,9,qp_nonconvex,PBM,15.133883605551414
-5819.715554954659,80.23751029905729,159.13355979399577,8223.751029905729,0.0001,,,,10,qp_nonconvex,PBM,159.13355979399577
-8577.711419472695,94.32041570254466,123.81034347776763,4817.484843550091,0.0001,,,,11,qp_nonconvex,PBM,123.81034347776763
-12499.089818370523,111.0880885185347,114.7802715605604,2835.4019201320166,0.0001,,,,12,qp_nonconvex,PBM,114.7802715605604
-64003.8829351337,328.3158313444522,366.6723948652658,33031.583134445216,0.0001,,,,13,qp_nonconvex,PBM,366.6723948652658
-203955.49904304428,618.286472777852,585.6741127218045,62028.6472777852,0.0001,,,,14,qp_nonconvex,PBM,618.286472777852
-25655691.43604555,6695.996841041107,5728.286889153182,669799.6841041107,0.002298749910718112,,,,15,qp_nonconvex,PBM,6695.996841041107
-2911163385.268212,72298.79765276659,61234.14272071607,7230079.765276659,0.0011499387521057237,,,,16,qp_nonconvex,PBM,72298.79765276659
-333574053685.10065,780786.742269932,658636.5665876414,78078874.22699319,0.3628549583760077,,,,17,qp_nonconvex,PBM,780786.742269932
-37799909316274.266,8433412.703232845,7071962.078243783,843341470.3232845,0.30831063725177166,,,,18,qp_nonconvex,PBM,8433412.703232845
-4273866600982222.5,91117004.95596755,75908156.19441116,9111700695.596754,50.00000014822162,,,,19,qp_nonconvex,PBM,91117004.95596755
-4.713998435852624e+17,984754621.8700058,819506170.9480842,98475462387.00058,50.00000001371864,,,,20,qp_nonconvex,PBM,984754621.8700058
