{
  "method": "pbm",
  "best_idx": 54,
  "val_loss": 0.9996317989127267,
  "val_max_c": 2.5734318114700727e-05,
  "n_configs": 150,
  "n_feasible": 64
}