{
  "method": "adam",
  "best_idx": 14,
  "val_loss": 0.33926589707940186,
  "val_max_c": 0.0034809184726327658,
  "n_configs": 25,
  "n_feasible": 0
}