{
  "method": "adam",
  "best_idx": 14,
  "val_loss": 0.32773406362136026,
  "val_max_c": 0.00331537751480937,
  "n_configs": 25,
  "n_feasible": 0
}