{
  "method": "ssg",
  "best_idx": 21,
  "val_loss": 0.9998505955781601,
  "val_max_c": 7.739611464785412e-05,
  "n_configs": 50,
  "n_feasible": 17
}