{
  "method": "ssg",
  "best_idx": 9,
  "val_loss": 0.9997322667933346,
  "val_max_c": 2.6970796170644462e-05,
  "n_configs": 50,
  "n_feasible": 17
}