{
  "method": "alm_max",
  "best_idx": 47,
  "val_loss": 0.9997926681521024,
  "val_max_c": 1.88016529136803e-05,
  "n_configs": 150,
  "n_feasible": 63
}