problem,direction,iteration,calls,f,gap
maxq,gradient,1,3,2401.0,2401.0
maxq,gradient,2,5,2305.9204000000004,2305.9204000000004
maxq,gradient,3,6,2304.0,2304.0
maxq,gradient,4,8,2209.0,2209.0
maxq,gradient,5,13,2116.0,2116.0
maxq,gradient,6,18,2040.5720200262044,2040.5720200262044
maxq,gradient,7,19,2025.0,2025.0
maxq,gradient,8,21,1936.0,1936.0
maxq,gradient,9,24,1849.0,1849.0
maxq,gradient,10,28,1764.0,1764.0
maxq,gradient,11,35,1759.4448131673082,1759.4448131673082
maxq,gradient,12,36,1681.0,1681.0
maxq,gradient,13,38,1600.0,1600.0
maxq,gradient,14,40,1577.437513169065,1577.437513169065
maxq,gradient,15,41,1521.0,1521.0
maxq,gradient,16,43,1444.0,1444.0
maxq,gradient,17,47,1375.7791313850537,1375.7791313850537
maxq,gradient,18,48,1369.0,1369.0
maxq,gradient,19,50,1296.0,1296.0
maxq,gradient,20,54,1225.0,1225.0
maxq,gradient,21,59,1156.0,1156.0
maxq,gradient,22,71,1155.93423806949,1155.93423806949
maxq,gradient,23,77,1089.0,1089.0
maxq,gradient,24,81,1024.0,1024.0
maxq,gradient,25,87,985.419172180828,985.419172180828
maxq,gradient,26,88,961.0,961.0
maxq,gradient,27,90,900.0,900.0
maxq,gradient,28,93,841.0,841.0
maxq,gradient,29,97,784.0,784.0
maxq,gradient,30,103,737.3874304363864,737.3874304363864
maxq,gradient,31,110,735.0746393255852,735.0746393255852
maxq,gradient,32,111,729.0,729.0
maxq,gradient,33,112,676.0,676.0
maxq,gradient,34,115,625.0,625.0
maxq,gradient,35,119,576.0,576.0
maxq,gradient,36,124,529.0,529.0
maxq,gradient,37,131,515.5642897035556,515.5642897035556
maxq,gradient,38,132,484.0,484.0
maxq,gradient,39,141,483.51854050480034,483.51854050480034
maxq,gradient,40,148,441.0,441.0
maxq,gradient,41,152,418.88437910654795,418.88437910654795
maxq,gradient,42,158,418.81657050598255,418.81657050598255
maxq,gradient,43,160,400.0,400.0
maxq,gradient,44,165,379.1103587178423,379.1103587178423
maxq,gradient,45,166,361.0,361.0
maxq,gradient,46,168,349.4340135604987,349.4340135604987
maxq,gradient,47,169,324.0,324.0
maxq,gradient,48,173,323.5799857168885,323.5799857168885
maxq,gradient,49,175,289.0,289.0
maxq,gradient,50,180,256.0,256.0
maxq,gradient,51,188,254.9984392912609,254.9984392912609
maxq,gradient,52,195,225.0,225.0
maxq,gradient,53,198,196.0,196.0
maxq,gradient,54,202,169.0,169.0
maxq,gradient,55,209,164.9865008851364,164.9865008851364
maxq,gradient,56,210,144.0,144.0
maxq,gradient,57,215,143.8581281306122,143.8581281306122
maxq,gradient,58,216,121.0,121.0
maxq,gradient,59,219,100.0,100.0
maxq,gradient,60,225,95.12547843183789,95.12547843183789
maxq,gradient,61,226,81.0,81.0
maxq,gradient,62,229,77.06929531781184,77.06929531781184
maxq,gradient,63,232,64.38426524903949,64.38426524903949
maxq,gradient,64,236,64.0,64.0
maxq,gradient,65,240,53.83415654126536,53.83415654126536
maxq,gradient,66,242,51.601544021765136,51.601544021765136
maxq,gradient,67,243,49.0,49.0
maxq,gradient,68,246,43.49473005145305,43.49473005145305
maxq,gradient,69,248,41.6361937734298,41.6361937734298
maxq,gradient,70,255,41.32609767167419,41.32609767167419
maxq,gradient,71,256,36.0,36.0
maxq,gradient,72,258,28.75649099573684,28.75649099573684
maxq,gradient,73,261,25.0,25.0
maxq,gradient,74,265,20.596632158214398,20.596632158214398
maxq,gradient,75,270,20.131985633342705,20.131985633342705
maxq,gradient,76,272,19.239577981457256,19.239577981457256
maxq,gradient,77,274,16.506809942437688,16.506809942437688
maxq,gradient,78,276,16.0,16.0
maxq,gradient,79,280,13.67789102245886,13.67789102245886
maxq,gradient,80,286,12.808988980198698,12.808988980198698
maxq,gradient,81,287,9.0,9.0
maxq,gradient,82,292,8.664581906906921,8.664581906906921
maxq,gradient,83,295,8.46865232933315,8.46865232933315
maxq,gradient,84,300,8.106307423167307,8.106307423167307
maxq,gradient,85,302,7.698647804243604,7.698647804243604
maxq,gradient,86,304,7.416654395043461,7.416654395043461
maxq,gradient,87,308,7.072464574620348,7.072464574620348
maxq,gradient,88,313,6.587270410751355,6.587270410751355
maxq,gradient,89,314,5.407834286665608,5.407834286665608
maxq,gradient,90,316,5.282434816910798,5.282434816910798
maxq,gradient,91,322,5.246682471849221,5.246682471849221
maxq,gradient,92,323,5.141830190080647,5.141830190080647
maxq,gradient,93,326,4.8315908402199526,4.8315908402199526
maxq,gradient,94,328,4.820170601472514,4.820170601472514
maxq,gradient,95,330,4.0,4.0
maxq,gradient,96,334,3.978216541064069,3.978216541064069
maxq,gradient,97,338,3.8973586633790984,3.8973586633790984
maxq,gradient,98,343,3.539955054533894,3.539955054533894
maxq,gradient,99,350,3.4669142931446975,3.4669142931446975
maxq,gradient,100,356,3.257404385374674,3.257404385374674
maxq,gradient,101,361,3.2241522125878217,3.2241522125878217
maxq,gradient,102,362,2.3383781025318475,2.3383781025318475
maxq,gradient,103,364,2.308396829260351,2.308396829260351
maxq,gradient,104,367,2.068390037267287,2.068390037267287
maxq,gradient,105,370,1.7843413470336191,1.7843413470336191
maxq,gradient,106,374,1.7738932970205834,1.7738932970205834
maxq,gradient,107,376,1.7721148451815736,1.7721148451815736
maxq,gradient,108,378,1.7108334434445807,1.7108334434445807
maxq,gradient,109,385,1.7021619587809407,1.7021619587809407
maxq,gradient,110,386,1.570882187487444,1.570882187487444
maxq,gradient,111,390,1.4685080996252902,1.4685080996252902
maxq,gradient,112,396,1.4520090599796789,1.4520090599796789
maxq,gradient,113,397,1.4073076854182078,1.4073076854182078
maxq,gradient,114,399,1.3997266734650777,1.3997266734650777
maxq,gradient,115,401,1.3017272718288906,1.3017272718288906
maxq,gradient,116,406,1.2777070842731197,1.2777070842731197
maxq,gradient,117,413,1.2771697836230713,1.2771697836230713
maxq,gradient,118,414,1.2418995296691624,1.2418995296691624
maxq,gradient,119,416,1.088118999698487,1.088118999698487
maxq,gradient,120,417,1.0,1.0
maxq,gradient,121,429,0.9999839666645034,0.9999839666645034
maxq,gradient,122,439,0.9499640672203977,0.9499640672203977
maxq,gradient,123,442,0.75817425832573,0.75817425832573
maxq,gradient,124,444,0.7434134385909676,0.7434134385909676
maxq,gradient,125,446,0.647732629848783,0.647732629848783
maxq,gradient,126,449,0.5270404066524069,0.5270404066524069
maxq,gradient,127,454,0.4455690961371143,0.4455690961371143
maxq,gradient,128,455,0.42636608106243024,0.42636608106243024
maxq,gradient,129,457,0.3527541921082748,0.3527541921082748
maxq,gradient,130,459,0.3435457573042369,0.3435457573042369
maxq,gradient,131,470,0.3432746900459219,0.3432746900459219
maxq,gradient,132,477,0.2133580024656644,0.2133580024656644
maxq,gradient,133,479,0.20127161327526716,0.20127161327526716
maxq,gradient,134,485,0.20101727185752571,0.20101727185752571
maxq,gradient,135,486,0.17260258546068158,0.17260258546068158
maxq,gradient,136,492,0.1681034669972923,0.1681034669972923
maxq,gradient,137,493,0.16408324308067124,0.16408324308067124
maxq,gradient,138,500,0.1638151862216727,0.1638151862216727
maxq,gradient,139,501,0.15424175315265307,0.15424175315265307
maxq,gradient,140,503,0.12333726055708728,0.12333726055708728
maxq,gradient,141,508,0.12089296188885133,0.12089296188885133
maxq,gradient,142,513,0.11898317648925667,0.11898317648925667
maxq,gradient,143,520,0.11755543702417909,0.11755543702417909
maxq,gradient,144,521,0.10935094068648434,0.10935094068648434
maxq,gradient,145,525,0.10870938080098563,0.10870938080098563
maxq,gradient,146,526,0.08976344955672154,0.08976344955672154
maxq,gradient,147,530,0.08173500665064067,0.08173500665064067
maxq,gradient,148,536,0.07506642014092775,0.07506642014092775
maxq,gradient,149,537,0.06360313359013849,0.06360313359013849
maxq,gradient,150,539,0.0604915374922587,0.0604915374922587
maxq,gradient,151,546,0.06034527074165193,0.06034527074165193
maxq,gradient,152,547,0.05974502040518182,0.05974502040518182
maxq,gradient,153,550,0.059393257879572045,0.059393257879572045
maxq,gradient,154,553,0.040939403412056576,0.040939403412056576
maxq,gradient,155,560,0.04078092229773516,0.04078092229773516
maxq,gradient,156,561,0.04008375076263411,0.04008375076263411
maxq,gradient,157,564,0.03830594140912167,0.03830594140912167
maxq,gradient,158,565,0.03819956593586285,0.03819956593586285
maxq,gradient,159,569,0.03393001502423569,0.03393001502423569
maxq,gradient,160,576,0.03391916055043239,0.03391916055043239
maxq,gradient,161,577,0.029046691256569987,0.029046691256569987
maxq,gradient,162,579,0.02710755826697601,0.02710755826697601
maxq,gradient,163,584,0.026712471782308532,0.026712471782308532
maxq,gradient,164,587,0.02555924019810308,0.02555924019810308
maxq,gradient,165,592,0.024336682935364784,0.024336682935364784
maxq,gradient,166,593,0.023602575565437968,0.023602575565437968
maxq,gradient,167,594,0.01733245116646954,0.01733245116646954
maxq,gradient,168,597,0.016429186355573548,0.016429186355573548
maxq,gradient,169,601,0.016082839422918344,0.016082839422918344
maxq,gradient,170,607,0.01599722769550809,0.01599722769550809
maxq,gradient,171,613,0.01572562621677601,0.01572562621677601
maxq,gradient,172,614,0.015099913307069392,0.015099913307069392
maxq,gradient,173,617,0.010960780893505082,0.010960780893505082
maxq,gradient,174,618,0.00954237106969539,0.00954237106969539
maxq,gradient,175,621,0.009476640387143142,0.009476640387143142
maxq,gradient,176,624,0.009426255515760606,0.009426255515760606
maxq,gradient,177,627,0.008487432519680194,0.008487432519680194
maxq,gradient,178,631,0.007644461570614929,0.007644461570614929
maxq,gradient,179,637,0.00727092619217107,0.00727092619217107
maxq,gradient,180,638,0.005058370973637906,0.005058370973637906
maxq,gradient,181,640,0.0030748071648706303,0.0030748071648706303
maxq,gradient,182,642,0.003011457666051294,0.003011457666051294
maxq,gradient,183,646,0.0029646377763558407,0.0029646377763558407
maxq,gradient,184,649,0.0028698978270785547,0.0028698978270785547
maxq,gradient,185,652,0.002722793412157139,0.002722793412157139
maxq,gradient,186,653,0.0025143361826565273,0.0025143361826565273
maxq,gradient,187,655,0.0023341612220977707,0.0023341612220977707
maxq,gradient,188,659,0.0019412699598746932,0.0019412699598746932
maxq,gradient,189,665,0.0018884067028989498,0.0018884067028989498
maxq,gradient,190,671,0.0018467276037182384,0.0018467276037182384
maxq,gradient,191,674,0.0018376887496250854,0.0018376887496250854
maxq,gradient,192,678,0.0018289297327453032,0.0018289297327453032
maxq,gradient,193,679,0.001788113934517704,0.001788113934517704
maxq,gradient,194,681,0.001651596991078866,0.001651596991078866
maxq,gradient,195,687,0.0016205274727505157,0.0016205274727505157
maxq,gradient,196,689,0.0014043445430728994,0.0014043445430728994
maxq,gradient,197,694,0.0013594818531725316,0.0013594818531725316
maxq,gradient,198,704,0.0013584301262513899,0.0013584301262513899
maxq,gradient,199,711,0.0012458920289088384,0.0012458920289088384
maxq,gradient,200,715,0.001233328634764762,0.001233328634764762
maxq,gradient,201,718,0.0011405104360627488,0.0011405104360627488
maxq,gradient,202,722,0.0010066472207338935,0.0010066472207338935
maxq,gradient,203,728,0.0009273397772390945,0.0009273397772390945
maxq,gradient,204,729,0.0007705052278340747,0.0007705052278340747
maxq,gradient,205,731,0.0006507754202901575,0.0006507754202901575
maxq,gradient,206,734,0.0005905928770940595,0.0005905928770940595
maxq,gradient,207,737,0.000560346164429355,0.000560346164429355
maxq,gradient,208,739,0.0005457013445277929,0.0005457013445277929
maxq,gradient,209,749,0.0005455826734159839,0.0005455826734159839
maxq,gradient,210,759,0.0004807117570937026,0.0004807117570937026
maxq,gradient,211,760,0.0004780802319473754,0.0004780802319473754
maxq,gradient,212,768,0.0004730603230104298,0.0004730603230104298
maxq,gradient,213,769,0.0004404246155218803,0.0004404246155218803
maxq,gradient,214,770,0.0003469708781276924,0.0003469708781276924
maxq,gradient,215,774,0.00033811947988340266,0.00033811947988340266
maxq,gradient,216,780,0.00032356705014034037,0.00032356705014034037
maxq,gradient,217,784,0.0003204201514132421,0.0003204201514132421
maxq,gradient,218,785,0.00031397554720365606,0.00031397554720365606
maxq,gradient,219,787,0.0002599157900583941,0.0002599157900583941
maxq,gradient,220,795,0.0002595746891578396,0.0002595746891578396
maxq,gradient,221,796,0.00024630398192510017,0.00024630398192510017
maxq,gradient,222,798,0.00020741997015894084,0.00020741997015894084
maxq,gradient,223,805,0.00020591665741049778,0.00020591665741049778
maxq,gradient,224,807,0.0002034229598116219,0.0002034229598116219
maxq,gradient,225,808,0.00017079875224686923,0.00017079875224686923
maxq,gradient,226,811,0.00015332427865067915,0.00015332427865067915
maxq,gradient,227,816,0.00014893864075929354,0.00014893864075929354
maxq,gradient,228,819,0.00014339063232011518,0.00014339063232011518
maxq,gradient,229,821,0.0001177867715308612,0.0001177867715308612
maxq,gradient,230,828,0.00011670108498572879,0.00011670108498572879
maxq,gradient,231,829,0.0001161352548552447,0.0001161352548552447
maxq,gradient,232,833,0.00011303612989776451,0.00011303612989776451
maxq,gradient,233,837,0.00011273003644892196,0.00011273003644892196
maxq,gradient,234,839,8.463963280539825e-05,8.463963280539825e-05
maxq,gradient,235,842,7.904717006157675e-05,7.904717006157675e-05
maxq,gradient,236,845,7.600929143181229e-05,7.600929143181229e-05
maxq,gradient,237,849,6.948235644752857e-05,6.948235644752857e-05
maxq,gradient,238,850,6.225385509747131e-05,6.225385509747131e-05
maxq,gradient,239,854,5.596192953693047e-05,5.596192953693047e-05
maxq,gradient,240,856,5.483822248948829e-05,5.483822248948829e-05
maxq,gradient,241,861,5.314521973586122e-05,5.314521973586122e-05
maxq,gradient,242,864,4.369760467319085e-05,4.369760467319085e-05
maxq,gradient,243,870,4.313765924307761e-05,4.313765924307761e-05
maxq,gradient,244,876,4.3073230808191264e-05,4.3073230808191264e-05
maxq,gradient,245,877,3.762495237522368e-05,3.762495237522368e-05
maxq,gradient,246,879,3.7466163732695815e-05,3.7466163732695815e-05
maxq,gradient,247,882,3.4857494721077454e-05,3.4857494721077454e-05
maxq,gradient,248,887,3.4857002182947144e-05,3.4857002182947144e-05
maxq,gradient,249,889,3.148841790724559e-05,3.148841790724559e-05
maxq,gradient,250,895,2.9679345812642693e-05,2.9679345812642693e-05
maxq,gradient,251,896,2.3238180894994344e-05,2.3238180894994344e-05
maxq,gradient,251,896,2.3238180894994344e-05,2.3238180894994344e-05
maxq,cutting_plane,1,4,2401.0,2401.0
maxq,cutting_plane,2,7,2305.9204000000004,2305.9204000000004
maxq,cutting_plane,3,9,2304.0,2304.0
maxq,cutting_plane,4,12,2209.0,2209.0
maxq,cutting_plane,5,18,2116.0,2116.0
maxq,cutting_plane,6,24,2040.5720200262044,2040.5720200262044
maxq,cutting_plane,7,26,2025.0,2025.0
maxq,cutting_plane,8,29,1936.0,1936.0
maxq,cutting_plane,9,33,1849.0,1849.0
maxq,cutting_plane,10,38,1764.0,1764.0
maxq,cutting_plane,11,46,1759.4448131673082,1759.4448131673082
maxq,cutting_plane,12,48,1681.0,1681.0
maxq,cutting_plane,13,51,1600.0,1600.0
maxq,cutting_plane,14,54,1577.437513169065,1577.437513169065
maxq,cutting_plane,15,56,1521.0,1521.0
maxq,cutting_plane,16,59,1444.0,1444.0
maxq,cutting_plane,17,64,1375.7791313850537,1375.7791313850537
maxq,cutting_plane,18,66,1369.0,1369.0
maxq,cutting_plane,19,69,1296.0,1296.0
maxq,cutting_plane,20,74,1225.0,1225.0
maxq,cutting_plane,21,80,1156.0,1156.0
maxq,cutting_plane,22,95,1155.93423806949,1155.93423806949
maxq,cutting_plane,23,102,1089.0,1089.0
maxq,cutting_plane,24,107,1024.0,1024.0
maxq,cutting_plane,25,114,985.419172180828,985.419172180828
maxq,cutting_plane,26,116,961.0,961.0
maxq,cutting_plane,27,119,900.0,900.0
maxq,cutting_plane,28,123,841.0,841.0
maxq,cutting_plane,29,128,784.0,784.0
maxq,cutting_plane,30,135,737.3874304363864,737.3874304363864
maxq,cutting_plane,31,143,735.0746393255852,735.0746393255852
maxq,cutting_plane,32,145,729.0,729.0
maxq,cutting_plane,33,147,676.0,676.0
maxq,cutting_plane,34,151,625.0,625.0
maxq,cutting_plane,35,156,576.0,576.0
maxq,cutting_plane,36,162,529.0,529.0
maxq,cutting_plane,37,170,515.5642897035556,515.5642897035556
maxq,cutting_plane,38,172,484.0,484.0
maxq,cutting_plane,39,182,483.51854050480034,483.51854050480034
maxq,cutting_plane,40,190,441.0,441.0
maxq,cutting_plane,41,195,418.88437910654795,418.88437910654795
maxq,cutting_plane,42,202,418.81657050598255,418.81657050598255
maxq,cutting_plane,43,205,400.0,400.0
maxq,cutting_plane,44,211,379.1103587178423,379.1103587178423
maxq,cutting_plane,45,213,361.0,361.0
maxq,cutting_plane,46,216,349.4340135604987,349.4340135604987
maxq,cutting_plane,47,218,324.0,324.0
maxq,cutting_plane,48,223,323.5799857168885,323.5799857168885
maxq,cutting_plane,49,226,289.0,289.0
maxq,cutting_plane,50,232,256.0,256.0
maxq,cutting_plane,51,241,254.9984392912609,254.9984392912609
maxq,cutting_plane,52,249,225.0,225.0
maxq,cutting_plane,53,253,196.0,196.0
maxq,cutting_plane,54,258,169.0,169.0
maxq,cutting_plane,55,266,164.9865008851364,164.9865008851364
maxq,cutting_plane,56,268,144.0,144.0
maxq,cutting_plane,57,274,143.8581281306122,143.8581281306122
maxq,cutting_plane,58,276,121.0,121.0
maxq,cutting_plane,59,280,100.0,100.0
maxq,cutting_plane,60,287,95.12547843183789,95.12547843183789
maxq,cutting_plane,61,289,81.0,81.0
maxq,cutting_plane,62,293,77.06929531781184,77.06929531781184
maxq,cutting_plane,63,297,64.38426524903949,64.38426524903949
maxq,cutting_plane,64,302,64.0,64.0
maxq,cutting_plane,65,307,53.83415654126536,53.83415654126536
maxq,cutting_plane,66,310,51.601544021765136,51.601544021765136
maxq,cutting_plane,67,312,49.0,49.0
maxq,cutting_plane,68,316,43.49473005145305,43.49473005145305
maxq,cutting_plane,69,319,41.6361937734298,41.6361937734298
maxq,cutting_plane,70,327,41.32609767167419,41.32609767167419
maxq,cutting_plane,71,329,36.0,36.0
maxq,cutting_plane,72,332,28.75649099573684,28.75649099573684
maxq,cutting_plane,73,336,25.0,25.0
maxq,cutting_plane,74,341,20.596632158214398,20.596632158214398
maxq,cutting_plane,75,347,20.131985633342705,20.131985633342705
maxq,cutting_plane,76,350,19.239577981457256,19.239577981457256
maxq,cutting_plane,77,353,16.506809942437688,16.506809942437688
maxq,cutting_plane,78,356,16.0,16.0
maxq,cutting_plane,79,361,13.67789102245886,13.67789102245886
maxq,cutting_plane,80,368,12.808988980198698,12.808988980198698
maxq,cutting_plane,81,370,9.0,9.0
maxq,cutting_plane,82,376,8.664581906906921,8.664581906906921
maxq,cutting_plane,83,380,8.46865232933315,8.46865232933315
maxq,cutting_plane,84,386,8.106307423167307,8.106307423167307
maxq,cutting_plane,85,389,7.698647804243604,7.698647804243604
maxq,cutting_plane,86,392,7.416654395043461,7.416654395043461
maxq,cutting_plane,87,397,7.072464574620348,7.072464574620348
maxq,cutting_plane,88,403,6.587270410751355,6.587270410751355
maxq,cutting_plane,89,405,5.407834286665608,5.407834286665608
maxq,cutting_plane,90,408,5.282434816910798,5.282434816910798
maxq,cutting_plane,91,415,5.246682471849221,5.246682471849221
maxq,cutting_plane,92,417,5.141830190080647,5.141830190080647
maxq,cutting_plane,93,421,4.8315908402199526,4.8315908402199526
maxq,cutting_plane,94,424,4.820170601472514,4.820170601472514
maxq,cutting_plane,95,427,4.0,4.0
maxq,cutting_plane,96,432,3.978216541064069,3.978216541064069
maxq,cutting_plane,97,437,3.8973586633790984,3.8973586633790984
maxq,cutting_plane,98,443,3.539955054533894,3.539955054533894
maxq,cutting_plane,99,451,3.4669142931446975,3.4669142931446975
maxq,cutting_plane,100,458,3.257404385374674,3.257404385374674
maxq,cutting_plane,101,464,3.2241522125878217,3.2241522125878217
maxq,cutting_plane,102,466,2.3383781025318475,2.3383781025318475
maxq,cutting_plane,103,469,2.308396829260351,2.308396829260351
maxq,cutting_plane,104,473,2.068390037267287,2.068390037267287
maxq,cutting_plane,105,477,1.7843413470336191,1.7843413470336191
maxq,cutting_plane,106,482,1.7738932970205834,1.7738932970205834
maxq,cutting_plane,107,485,1.7721148451815736,1.7721148451815736
maxq,cutting_plane,108,488,1.7108334434445807,1.7108334434445807
maxq,cutting_plane,109,496,1.7021619587809407,1.7021619587809407
maxq,cutting_plane,110,498,1.570882187487444,1.570882187487444
maxq,cutting_plane,111,503,1.4685080996252902,1.4685080996252902
maxq,cutting_plane,112,510,1.4520090599796789,1.4520090599796789
maxq,cutting_plane,113,512,1.4073076854182078,1.4073076854182078
maxq,cutting_plane,114,515,1.3997266734650777,1.3997266734650777
maxq,cutting_plane,115,518,1.3017272718288906,1.3017272718288906
maxq,cutting_plane,116,524,1.2777070842731197,1.2777070842731197
maxq,cutting_plane,117,532,1.2771697836230713,1.2771697836230713
maxq,cutting_plane,118,534,1.2418995296691624,1.2418995296691624
maxq,cutting_plane,119,537,1.088118999698487,1.088118999698487
maxq,cutting_plane,120,539,1.0,1.0
maxq,cutting_plane,121,554,0.9999839666645034,0.9999839666645034
maxq,cutting_plane,122,565,0.9499640672203977,0.9499640672203977
maxq,cutting_plane,123,569,0.75817425832573,0.75817425832573
maxq,cutting_plane,124,572,0.7434134385909676,0.7434134385909676
maxq,cutting_plane,125,575,0.647732629848783,0.647732629848783
maxq,cutting_plane,126,579,0.5270404066524069,0.5270404066524069
maxq,cutting_plane,127,585,0.4455690961371143,0.4455690961371143
maxq,cutting_plane,128,587,0.42636608106243024,0.42636608106243024
maxq,cutting_plane,129,590,0.3527541921082748,0.3527541921082748
maxq,cutting_plane,130,593,0.3435457573042369,0.3435457573042369
maxq,cutting_plane,131,605,0.3432746900459219,0.3432746900459219
maxq,cutting_plane,132,613,0.2133580024656644,0.2133580024656644
maxq,cutting_plane,133,616,0.20127161327526716,0.20127161327526716
maxq,cutting_plane,134,623,0.20101727185752571,0.20101727185752571
maxq,cutting_plane,135,625,0.17260258546068158,0.17260258546068158
maxq,cutting_plane,136,632,0.1681034669972923,0.1681034669972923
maxq,cutting_plane,137,634,0.16408324308067124,0.16408324308067124
maxq,cutting_plane,138,642,0.1638151862216727,0.1638151862216727
maxq,cutting_plane,139,644,0.15424175315265307,0.15424175315265307
maxq,cutting_plane,140,647,0.12333726055708728,0.12333726055708728
maxq,cutting_plane,141,653,0.12089296188885133,0.12089296188885133
maxq,cutting_plane,142,659,0.11898317648925667,0.11898317648925667
maxq,cutting_plane,143,667,0.11755543702417909,0.11755543702417909
maxq,cutting_plane,144,669,0.10935094068648434,0.10935094068648434
maxq,cutting_plane,145,674,0.10870938080098563,0.10870938080098563
maxq,cutting_plane,146,676,0.08976344955672154,0.08976344955672154
maxq,cutting_plane,147,681,0.08173500665064067,0.08173500665064067
maxq,cutting_plane,148,688,0.07506642014092775,0.07506642014092775
maxq,cutting_plane,149,690,0.06360313359013849,0.06360313359013849
maxq,cutting_plane,150,693,0.0604915374922587,0.0604915374922587
maxq,cutting_plane,151,701,0.06034527074165193,0.06034527074165193
maxq,cutting_plane,152,703,0.05974502040518182,0.05974502040518182
maxq,cutting_plane,153,707,0.059393257879572045,0.059393257879572045
maxq,cutting_plane,154,711,0.040939403412056576,0.040939403412056576
maxq,cutting_plane,155,719,0.04078092229773516,0.04078092229773516
maxq,cutting_plane,156,721,0.04008375076263411,0.04008375076263411
maxq,cutting_plane,157,725,0.03830594140912167,0.03830594140912167
maxq,cutting_plane,158,727,0.03819956593586285,0.03819956593586285
maxq,cutting_plane,159,732,0.03393001502423569,0.03393001502423569
maxq,cutting_plane,160,740,0.03391916055043239,0.03391916055043239
maxq,cutting_plane,161,742,0.029046691256569987,0.029046691256569987
maxq,cutting_plane,162,745,0.02710755826697601,0.02710755826697601
maxq,cutting_plane,163,751,0.026712471782308532,0.026712471782308532
maxq,cutting_plane,164,755,0.02555924019810308,0.02555924019810308
maxq,cutting_plane,165,761,0.024336682935364784,0.024336682935364784
maxq,cutting_plane,166,763,0.023602575565437968,0.023602575565437968
maxq,cutting_plane,167,765,0.01733245116646954,0.01733245116646954
maxq,cutting_plane,168,769,0.016429186355573548,0.016429186355573548
maxq,cutting_plane,169,774,0.016082839422918344,0.016082839422918344
maxq,cutting_plane,170,781,0.01599722769550809,0.01599722769550809
maxq,cutting_plane,171,788,0.01572562621677601,0.01572562621677601
maxq,cutting_plane,172,790,0.015099913307069392,0.015099913307069392
maxq,cutting_plane,173,794,0.010960780893505082,0.010960780893505082
maxq,cutting_plane,174,796,0.00954237106969539,0.00954237106969539
maxq,cutting_plane,175,800,0.009476640387143142,0.009476640387143142
maxq,cutting_plane,176,804,0.009426255515760606,0.009426255515760606
maxq,cutting_plane,177,808,0.008487432519680194,0.008487432519680194
maxq,cutting_plane,178,813,0.007644461570614929,0.007644461570614929
maxq,cutting_plane,179,820,0.00727092619217107,0.00727092619217107
maxq,cutting_plane,180,822,0.005058370973637906,0.005058370973637906
maxq,cutting_plane,181,825,0.0030748071648706303,0.0030748071648706303
maxq,cutting_plane,182,828,0.003011457666051294,0.003011457666051294
maxq,cutting_plane,183,833,0.0029646377763558407,0.0029646377763558407
maxq,cutting_plane,184,837,0.0028698978270785547,0.0028698978270785547
maxq,cutting_plane,185,841,0.002722793412157139,0.002722793412157139
maxq,cutting_plane,186,843,0.0025143361826565273,0.0025143361826565273
maxq,cutting_plane,187,846,0.0023341612220977707,0.0023341612220977707
maxq,cutting_plane,188,851,0.0019412699598746932,0.0019412699598746932
maxq,cutting_plane,189,858,0.0018884067028989498,0.0018884067028989498
maxq,cutting_plane,190,865,0.0018467276037182384,0.0018467276037182384
maxq,cutting_plane,191,869,0.0018376887496250854,0.0018376887496250854
maxq,cutting_plane,192,874,0.0018289297327453032,0.0018289297327453032
maxq,cutting_plane,193,876,0.001788113934517704,0.001788113934517704
maxq,cutting_plane,194,879,0.001651596991078866,0.001651596991078866
maxq,cutting_plane,195,886,0.0016205274727505157,0.0016205274727505157
maxq,cutting_plane,196,889,0.0014043445430728994,0.0014043445430728994
maxq,cutting_plane,197,895,0.0013594818531725316,0.0013594818531725316
maxq,cutting_plane,198,906,0.0013584301262513899,0.0013584301262513899
maxq,cutting_plane,199,914,0.0012458920289088384,0.0012458920289088384
maxq,cutting_plane,200,919,0.001233328634764762,0.001233328634764762
maxq,cutting_plane,201,923,0.0011405104360627488,0.0011405104360627488
maxq,cutting_plane,202,928,0.0010066472207338935,0.0010066472207338935
maxq,cutting_plane,203,935,0.0009273397772390945,0.0009273397772390945
maxq,cutting_plane,204,937,0.0007705052278340747,0.0007705052278340747
maxq,cutting_plane,205,940,0.0006507754202901575,0.0006507754202901575
maxq,cutting_plane,206,944,0.0005905928770940595,0.0005905928770940595
maxq,cutting_plane,207,948,0.000560346164429355,0.000560346164429355
maxq,cutting_plane,208,951,0.0005457013445277929,0.0005457013445277929
maxq,cutting_plane,209,962,0.0005455826734159839,0.0005455826734159839
maxq,cutting_plane,210,973,0.0004807117570937026,0.0004807117570937026
maxq,cutting_plane,211,975,0.0004780802319473754,0.0004780802319473754
maxq,cutting_plane,212,984,0.0004730603230104298,0.0004730603230104298
maxq,cutting_plane,213,986,0.0004404246155218803,0.0004404246155218803
maxq,cutting_plane,214,988,0.0003469708781276924,0.0003469708781276924
maxq,cutting_plane,215,993,0.00033811947988340266,0.00033811947988340266
maxq,cutting_plane,216,1000,0.00032356705014034037,0.00032356705014034037
maxq,cutting_plane,217,1005,0.0003204201514132421,0.0003204201514132421
maxq,cutting_plane,218,1007,0.00031397554720365606,0.00031397554720365606
maxq,cutting_plane,219,1010,0.0002599157900583941,0.0002599157900583941
maxq,cutting_plane,220,1019,0.0002595746891578396,0.0002595746891578396
maxq,cutting_plane,221,1021,0.00024630398192510017,0.00024630398192510017
maxq,cutting_plane,222,1024,0.00020741997015894084,0.00020741997015894084
maxq,cutting_plane,223,1032,0.00020591665741049778,0.00020591665741049778
maxq,cutting_plane,224,1035,0.0002034229598116219,0.0002034229598116219
maxq,cutting_plane,225,1037,0.00017079875224686923,0.00017079875224686923
maxq,cutting_plane,226,1041,0.00015332427865067915,0.00015332427865067915
maxq,cutting_plane,227,1047,0.00014893864075929354,0.00014893864075929354
maxq,cutting_plane,228,1051,0.00014339063232011518,0.00014339063232011518
maxq,cutting_plane,229,1054,0.0001177867715308612,0.0001177867715308612
maxq,cutting_plane,230,1062,0.00011670108498572879,0.00011670108498572879
maxq,cutting_plane,231,1064,0.0001161352548552447,0.0001161352548552447
maxq,cutting_plane,232,1069,0.00011303612989776451,0.00011303612989776451
maxq,cutting_plane,233,1074,0.00011273003644892196,0.00011273003644892196
maxq,cutting_plane,234,1077,8.463963280539825e-05,8.463963280539825e-05
maxq,cutting_plane,235,1081,7.904717006157675e-05,7.904717006157675e-05
maxq,cutting_plane,236,1085,7.600929143181229e-05,7.600929143181229e-05
maxq,cutting_plane,237,1090,6.948235644752857e-05,6.948235644752857e-05
maxq,cutting_plane,238,1092,6.225385509747131e-05,6.225385509747131e-05
maxq,cutting_plane,239,1097,5.596192953693047e-05,5.596192953693047e-05
maxq,cutting_plane,240,1100,5.483822248948829e-05,5.483822248948829e-05
maxq,cutting_plane,241,1106,5.314521973586122e-05,5.314521973586122e-05
maxq,cutting_plane,242,1110,4.369760467319085e-05,4.369760467319085e-05
maxq,cutting_plane,243,1117,4.313765924307761e-05,4.313765924307761e-05
maxq,cutting_plane,244,1124,4.3073230808191264e-05,4.3073230808191264e-05
maxq,cutting_plane,245,1126,3.762495237522368e-05,3.762495237522368e-05
maxq,cutting_plane,246,1129,3.7466163732695815e-05,3.7466163732695815e-05
maxq,cutting_plane,247,1133,3.4857494721077454e-05,3.4857494721077454e-05
maxq,cutting_plane,248,1139,3.4857002182947144e-05,3.4857002182947144e-05
maxq,cutting_plane,249,1142,3.148841790724559e-05,3.148841790724559e-05
maxq,cutting_plane,250,1149,2.9679345812642693e-05,2.9679345812642693e-05
maxq,cutting_plane,251,1151,2.3238180894994344e-05,2.3238180894994344e-05
maxq,cutting_plane,251,1152,2.3238180894994344e-05,2.3238180894994344e-05
maxq,gradient_combination,1,4,2401.0,2401.0
maxq,gradient_combination,2,7,2305.9204000000004,2305.9204000000004
maxq,gradient_combination,3,9,2304.0,2304.0
maxq,gradient_combination,4,12,2209.0,2209.0
maxq,gradient_combination,5,18,2116.0,2116.0
maxq,gradient_combination,6,24,2040.5720200262044,2040.5720200262044
maxq,gradient_combination,7,26,2025.0,2025.0
maxq,gradient_combination,8,29,1936.0,1936.0
maxq,gradient_combination,9,33,1849.0,1849.0
maxq,gradient_combination,10,38,1764.0,1764.0
maxq,gradient_combination,11,46,1759.4448131673082,1759.4448131673082
maxq,gradient_combination,12,48,1681.0,1681.0
maxq,gradient_combination,13,51,1600.0,1600.0
maxq,gradient_combination,14,54,1577.437513169065,1577.437513169065
maxq,gradient_combination,15,56,1521.0,1521.0
maxq,gradient_combination,16,59,1444.0,1444.0
maxq,gradient_combination,17,64,1375.7791313850537,1375.7791313850537
maxq,gradient_combination,18,66,1369.0,1369.0
maxq,gradient_combination,19,69,1296.0,1296.0
maxq,gradient_combination,20,74,1225.0,1225.0
maxq,gradient_combination,21,80,1156.0,1156.0
maxq,gradient_combination,22,93,1089.0,1089.0
maxq,gradient_combination,23,96,1024.0,1024.0
maxq,gradient_combination,24,100,961.0,961.0
maxq,gradient_combination,25,105,900.0,900.0
maxq,gradient_combination,26,113,898.0416691053654,898.0416691053654
maxq,gradient_combination,27,121,893.2773602182074,893.2773602182074
maxq,gradient_combination,28,129,841.0,841.0
maxq,gradient_combination,29,132,840.6316189268204,840.6316189268204
maxq,gradient_combination,30,134,784.0,784.0
maxq,gradient_combination,31,137,729.0,729.0
maxq,gradient_combination,32,142,676.0,676.0
maxq,gradient_combination,33,153,674.0922487540364,674.0922487540364
maxq,gradient_combination,34,160,625.0,625.0
maxq,gradient_combination,35,165,576.0,576.0
maxq,gradient_combination,36,174,571.1150163731655,571.1150163731655
maxq,gradient_combination,37,178,564.6045978096447,564.6045978096447
maxq,gradient_combination,38,180,529.0,529.0
maxq,gradient_combination,39,183,484.0,484.0
maxq,gradient_combination,40,187,441.0,441.0
maxq,gradient_combination,41,192,414.03079456245996,414.03079456245996
maxq,gradient_combination,42,195,400.0,400.0
maxq,gradient_combination,43,200,393.7654267153383,393.7654267153383
maxq,gradient_combination,44,202,361.0,361.0
maxq,gradient_combination,45,207,326.3662955888905,326.3662955888905
maxq,gradient_combination,46,216,324.6212670169056,324.6212670169056
maxq,gradient_combination,47,218,324.0,324.0
maxq,gradient_combination,48,220,289.0,289.0
maxq,gradient_combination,49,225,256.0,256.0
maxq,gradient_combination,50,233,243.87767083657633,243.87767083657633
maxq,gradient_combination,51,235,225.0,225.0
maxq,gradient_combination,52,238,196.0,196.0
maxq,gradient_combination,53,241,170.73777777777778,170.73777777777778
maxq,gradient_combination,54,243,169.0,169.0
maxq,gradient_combination,55,247,167.90332853453964,167.90332853453964
maxq,gradient_combination,56,250,156.93067225677737,156.93067225677737
maxq,gradient_combination,57,252,144.0,144.0
maxq,gradient_combination,58,255,121.0,121.0
maxq,gradient_combination,59,260,100.0,100.0
maxq,gradient_combination,60,267,96.92882467914833,96.92882467914833
maxq,gradient_combination,61,269,81.0,81.0
maxq,gradient_combination,62,272,75.69228944978055,75.69228944978055
maxq,gradient_combination,63,276,64.0,64.0
maxq,gradient_combination,64,281,57.82427712622557,57.82427712622557
maxq,gradient_combination,65,286,53.01211900545727,53.01211900545727
maxq,gradient_combination,66,288,49.0,49.0
maxq,gradient_combination,67,292,43.4189654869319,43.4189654869319
maxq,gradient_combination,68,296,36.0,36.0
maxq,gradient_combination,69,302,35.008279346335684,35.008279346335684
maxq,gradient_combination,70,306,33.45100891047211,33.45100891047211
maxq,gradient_combination,71,308,25.0,25.0
maxq,gradient_combination,72,312,23.61688914415773,23.61688914415773
maxq,gradient_combination,73,321,23.475643593030647,23.475643593030647
maxq,gradient_combination,74,323,22.362920933437984,22.362920933437984
maxq,gradient_combination,75,325,21.051291152233663,21.051291152233663
maxq,gradient_combination,76,327,17.083655690941697,17.083655690941697
maxq,gradient_combination,77,331,16.0,16.0
maxq,gradient_combination,78,336,15.033646596836308,15.033646596836308
maxq,gradient_combination,79,340,14.887639512780607,14.887639512780607
maxq,gradient_combination,80,349,14.799264518006716,14.799264518006716
maxq,gradient_combination,81,357,11.657555645194082,11.657555645194082
maxq,gradient_combination,82,362,11.599005001067475,11.599005001067475
maxq,gradient_combination,83,366,10.69481884902738,10.69481884902738
maxq,gradient_combination,84,370,9.0,9.0
maxq,gradient_combination,85,375,8.653932668700737,8.653932668700737
maxq,gradient_combination,86,377,6.84082710757895,6.84082710757895
maxq,gradient_combination,87,383,6.6897176784334755,6.6897176784334755
maxq,gradient_combination,88,394,6.6822181966358,6.6822181966358
maxq,gradient_combination,89,403,6.423115409761426,6.423115409761426
maxq,gradient_combination,90,408,5.674360488099687,5.674360488099687
maxq,gradient_combination,91,410,5.25595540257568,5.25595540257568
maxq,gradient_combination,92,414,4.976363129961921,4.976363129961921
maxq,gradient_combination,93,418,4.627914294703338,4.627914294703338
maxq,gradient_combination,94,421,4.1249366328107095,4.1249366328107095
maxq,gradient_combination,95,427,4.0289191571838785,4.0289191571838785
maxq,gradient_combination,96,429,4.0,4.0
maxq,gradient_combination,97,436,3.9616470573531855,3.9616470573531855
maxq,gradient_combination,98,438,3.6691879036641475,3.6691879036641475
maxq,gradient_combination,99,445,3.6036895563471156,3.6036895563471156
maxq,gradient_combination,100,450,3.580269092164821,3.580269092164821
maxq,gradient_combination,101,452,2.0235984782659715,2.0235984782659715
maxq,gradient_combination,102,456,1.3656988599566784,1.3656988599566784
maxq,gradient_combination,103,459,1.0503782529720522,1.0503782529720522
maxq,gradient_combination,104,465,1.0,1.0
maxq,gradient_combination,105,472,0.9758394812293945,0.9758394812293945
maxq,gradient_combination,106,474,0.9619607162755831,0.9619607162755831
maxq,gradient_combination,107,478,0.9161772949860004,0.9161772949860004
maxq,gradient_combination,108,482,0.8845083146901129,0.8845083146901129
maxq,gradient_combination,109,488,0.8630785526149597,0.8630785526149597
maxq,gradient_combination,110,492,0.8150415601127972,0.8150415601127972
maxq,gradient_combination,111,496,0.7391685361044146,0.7391685361044146
maxq,gradient_combination,112,498,0.6662209813063087,0.6662209813063087
maxq,gradient_combination,113,502,0.6405824490860874,0.6405824490860874
maxq,gradient_combination,114,509,0.615647638233977,0.615647638233977
maxq,gradient_combination,115,511,0.5973100345700616,0.5973100345700616
maxq,gradient_combination,116,516,0.4282372607727367,0.4282372607727367
maxq,gradient_combination,117,518,0.315178329341024,0.315178329341024
maxq,gradient_combination,118,522,0.29854738588844065,0.29854738588844065
maxq,gradient_combination,119,529,0.2826447806476341,0.2826447806476341
maxq,gradient_combination,120,531,0.26119599129079113,0.26119599129079113
maxq,gradient_combination,121,534,0.23362704989536856,0.23362704989536856
maxq,gradient_combination,122,541,0.22948557373059658,0.22948557373059658
maxq,gradient_combination,123,543,0.2065454761949432,0.2065454761949432
maxq,gradient_combination,124,548,0.20451995628873038,0.20451995628873038
maxq,gradient_combination,125,550,0.18323062323886327,0.18323062323886327
maxq,gradient_combination,126,557,0.18128833981624826,0.18128833981624826
maxq,gradient_combination,127,559,0.18007859801414886,0.18007859801414886
maxq,gradient_combination,128,562,0.17142592695141945,0.17142592695141945
maxq,gradient_combination,129,566,0.1238610287791672,0.1238610287791672
maxq,gradient_combination,130,578,0.12373432317663936,0.12373432317663936
maxq,gradient_combination,131,580,0.11867497858890745,0.11867497858890745
maxq,gradient_combination,132,582,0.092876985578157,0.092876985578157
maxq,gradient_combination,133,586,0.09219314351547725,0.09219314351547725
maxq,gradient_combination,134,592,0.0913517069916927,0.0913517069916927
maxq,gradient_combination,135,594,0.08897354132772203,0.08897354132772203
maxq,gradient_combination,136,597,0.08448102782324023,0.08448102782324023
maxq,gradient_combination,137,604,0.08237797637144932,0.08237797637144932
maxq,gradient_combination,138,606,0.07692356643187567,0.07692356643187567
maxq,gradient_combination,139,610,0.07489144409176515,0.07489144409176515
maxq,gradient_combination,140,615,0.073999962138468,0.073999962138468
maxq,gradient_combination,141,618,0.06498580942736591,0.06498580942736591
maxq,gradient_combination,142,622,0.056158824019789895,0.056158824019789895
maxq,gradient_combination,143,635,0.05452385069112213,0.05452385069112213
maxq,gradient_combination,144,638,0.05058577319914227,0.05058577319914227
maxq,gradient_combination,145,642,0.044480475699270224,0.044480475699270224
maxq,gradient_combination,146,648,0.042967006191668565,0.042967006191668565
maxq,gradient_combination,147,650,0.0381611086853747,0.0381611086853747
maxq,gradient_combination,148,653,0.032276938259536966,0.032276938259536966
maxq,gradient_combination,149,658,0.028709429953869093,0.028709429953869093
maxq,gradient_combination,150,662,0.028387444361997055,0.028387444361997055
maxq,gradient_combination,151,665,0.026864371502844618,0.026864371502844618
maxq,gradient_combination,152,671,0.02638766585791657,0.02638766585791657
maxq,gradient_combination,153,679,0.02605867978260696,0.02605867978260696
maxq,gradient_combination,154,681,0.025609274051199393,0.025609274051199393
maxq,gradient_combination,155,686,0.022482110583236486,0.022482110583236486
maxq,gradient_combination,156,690,0.022368919172437524,0.022368919172437524
maxq,gradient_combination,157,694,0.021482392469305327,0.021482392469305327
maxq,gradient_combination,158,696,0.020424804453780226,0.020424804453780226
maxq,gradient_combination,159,700,0.020061219038946577,0.020061219038946577
maxq,gradient_combination,160,706,0.018168200644743265,0.018168200644743265
maxq,gradient_combination,161,709,0.017729029839263593,0.017729029839263593
maxq,gradient_combination,162,713,0.016628911938250245,0.016628911938250245
maxq,gradient_combination,163,717,0.013415430276940591,0.013415430276940591
maxq,gradient_combination,164,721,0.01320733830764839,0.01320733830764839
maxq,gradient_combination,165,724,0.012266270198954005,0.012266270198954005
maxq,gradient_combination,166,727,0.011403674752753733,0.011403674752753733
maxq,gradient_combination,167,730,0.008333003928925749,0.008333003928925749
maxq,gradient_combination,168,732,0.007393900279053994,0.007393900279053994
maxq,gradient_combination,169,736,0.0061027913577607696,0.0061027913577607696
maxq,gradient_combination,170,745,0.006100457741928795,0.006100457741928795
maxq,gradient_combination,171,747,0.005390399019616069,0.005390399019616069
maxq,gradient_combination,172,750,0.003188156887288612,0.003188156887288612
maxq,gradient_combination,173,756,0.002798182938993999,0.002798182938993999
maxq,gradient_combination,174,771,0.0027310811259353483,0.0027310811259353483
maxq,gradient_combination,175,773,0.002704574346767876,0.002704574346767876
maxq,gradient_combination,176,777,0.0022077016655984273,0.0022077016655984273
maxq,gradient_combination,177,783,0.002018856853543616,0.002018856853543616
maxq,gradient_combination,178,788,0.001890578419852041,0.001890578419852041
maxq,gradient_combination,179,790,0.0017982443169604354,0.0017982443169604354
maxq,gradient_combination,180,793,0.0016006497039770483,0.0016006497039770483
maxq,gradient_combination,181,798,0.0015466499078123689,0.0015466499078123689
maxq,gradient_combination,182,803,0.0014222976880312755,0.0014222976880312755
maxq,gradient_combination,183,805,0.0010638530872934674,0.0010638530872934674
maxq,gradient_combination,184,808,0.0008641088474456456,0.0008641088474456456
maxq,gradient_combination,185,813,0.0008101108924737831,0.0008101108924737831
maxq,gradient_combination,186,817,0.0007355989156660626,0.0007355989156660626
maxq,gradient_combination,187,825,0.0007194305761392345,0.0007194305761392345
maxq,gradient_combination,188,834,0.0007180534621413233,0.0007180534621413233
maxq,gradient_combination,189,836,0.000715795233531934,0.000715795233531934
maxq,gradient_combination,190,841,0.0007065233337097953,0.0007065233337097953
maxq,gradient_combination,191,843,0.0005960148299103219,0.0005960148299103219
maxq,gradient_combination,192,848,0.0005923364091711281,0.0005923364091711281
maxq,gradient_combination,193,850,0.0005093846758021395,0.0005093846758021395
maxq,gradient_combination,194,854,0.0005036483324178075,0.0005036483324178075
maxq,gradient_combination,195,857,0.00048172730608427966,0.00048172730608427966
maxq,gradient_combination,196,863,0.0004682011579247664,0.0004682011579247664
maxq,gradient_combination,197,865,0.0003713079622007005,0.0003713079622007005
maxq,gradient_combination,198,869,0.0003692443352507943,0.0003692443352507943
maxq,gradient_combination,199,876,0.00035194790556817294,0.00035194790556817294
maxq,gradient_combination,200,878,0.0002914082374421363,0.0002914082374421363
maxq,gradient_combination,201,881,0.0002814783442359051,0.0002814783442359051
maxq,gradient_combination,202,887,0.000279453562993274,0.000279453562993274
maxq,gradient_combination,203,891,0.0002720007490516314,0.0002720007490516314
maxq,gradient_combination,204,895,0.0002557303588105271,0.0002557303588105271
maxq,gradient_combination,205,903,0.00024919760717758294,0.00024919760717758294
maxq,gradient_combination,206,910,0.00018904616091031766,0.00018904616091031766
maxq,gradient_combination,207,912,0.00018609186656186872,0.00018609186656186872
maxq,gradient_combination,208,915,0.000179406191233621,0.000179406191233621
maxq,gradient_combination,209,917,0.00017608814948826869,0.00017608814948826869
maxq,gradient_combination,210,920,0.00016408409505092635,0.00016408409505092635
maxq,gradient_combination,211,926,0.00014908150775883809,0.00014908150775883809
maxq,gradient_combination,212,933,0.00014538510954585258,0.00014538510954585258
maxq,gradient_combination,213,935,0.0001421225553834463,0.0001421225553834463
maxq,gradient_combination,214,938,0.00013167538569674718,0.00013167538569674718
maxq,gradient_combination,215,942,0.00012747625169205146,0.00012747625169205146
maxq,gradient_combination,216,946,0.00011427577260698642,0.00011427577260698642
maxq,gradient_combination,217,954,0.0001097767693640311,0.0001097767693640311
maxq,gradient_combination,218,962,6.65217136449603e-05,6.65217136449603e-05
maxq,gradient_combination,219,967,6.484289152565015e-05,6.484289152565015e-05
maxq,gradient_combination,220,976,6.400164544248894e-05,6.400164544248894e-05
maxq,gradient_combination,221,978,6.151192034867943e-05,6.151192034867943e-05
maxq,gradient_combination,222,980,5.569435794594344e-05,5.569435794594344e-05
maxq,gradient_combination,223,985,5.019972384991782e-05,5.019972384991782e-05
maxq,gradient_combination,224,993,4.892470392095788e-05,4.892470392095788e-05
maxq,gradient_combination,225,995,4.822493838041503e-05,4.822493838041503e-05
maxq,gradient_combination,226,998,3.0857026499700186e-05,3.0857026499700186e-05
maxq,gradient_combination,227,1002,2.8219509941313533e-05,2.8219509941313533e-05
maxq,gradient_combination,228,1006,2.678852199716034e-05,2.678852199716034e-05
maxq,gradient_combination,228,1018,2.678852199716034e-05,2.678852199716034e-05
mxhilb,gradient,1,7,2.153681789933711,2.153681789933711
mxhilb,gradient,2,8,1.5426365930428485,1.5426365930428485
mxhilb,gradient,3,9,1.1207679962130561,1.1207679962130561
mxhilb,gradient,4,11,1.0668512462934978,1.0668512462934978
mxhilb,gradient,5,12,0.975035650933631,0.975035650933631
mxhilb,gradient,6,18,0.8409562352757893,0.8409562352757893
mxhilb,gradient,7,19,0.806259877505028,0.806259877505028
mxhilb,gradient,8,25,0.6435420078655931,0.6435420078655931
mxhilb,gradient,9,26,0.4849499533962601,0.4849499533962601
mxhilb,gradient,10,27,0.2968450246926108,0.2968450246926108
mxhilb,gradient,11,30,0.2476483955125013,0.2476483955125013
mxhilb,gradient,12,31,0.14264428334515122,0.14264428334515122
mxhilb,gradient,13,32,0.137107093336639,0.137107093336639
mxhilb,gradient,14,33,0.10505406644086737,0.10505406644086737
mxhilb,gradient,15,36,0.10152108303645312,0.10152108303645312
mxhilb,gradient,16,38,0.10077043338258163,0.10077043338258163
mxhilb,gradient,17,39,0.09653016388947741,0.09653016388947741
mxhilb,gradient,18,46,0.09336406862954788,0.09336406862954788
mxhilb,gradient,19,47,0.09129864951991465,0.09129864951991465
mxhilb,gradient,20,48,0.09026353787574229,0.09026353787574229
mxhilb,gradient,21,51,0.05968088490373419,0.05968088490373419
mxhilb,gradient,22,52,0.041904500126135405,0.041904500126135405
mxhilb,gradient,23,53,0.030360643551448647,0.030360643551448647
mxhilb,gradient,24,55,0.026381188941967514,0.026381188941967514
mxhilb,gradient,25,56,0.013587501896569397,0.013587501896569397
mxhilb,gradient,26,57,0.013300858085102538,0.013300858085102538
mxhilb,gradient,27,60,0.013042738396727666,0.013042738396727666
mxhilb,gradient,28,62,0.008843044508921621,0.008843044508921621
mxhilb,gradient,29,67,0.008666811289344135,0.008666811289344135
mxhilb,gradient,30,68,0.008273036681363064,0.008273036681363064
mxhilb,gradient,31,73,0.008266219971032829,0.008266219971032829
mxhilb,gradient,32,80,0.00794452370423774,0.00794452370423774
mxhilb,gradient,33,81,0.007691257115611264,0.007691257115611264
mxhilb,gradient,34,84,0.007631858440541359,0.007631858440541359
mxhilb,gradient,35,85,0.0075568130385013955,0.0075568130385013955
mxhilb,gradient,36,86,0.007510190824821551,0.007510190824821551
mxhilb,gradient,37,87,0.007305455280559886,0.007305455280559886
mxhilb,gradient,38,90,0.004554619666211811,0.004554619666211811
mxhilb,gradient,39,91,0.002670846010013227,0.002670846010013227
mxhilb,gradient,40,92,0.0009611207747464608,0.0009611207747464608
mxhilb,gradient,41,95,0.0009098700112732316,0.0009098700112732316
mxhilb,gradient,42,96,0.0008171621076047382,0.0008171621076047382
mxhilb,gradient,43,98,0.0006511532881699304,0.0006511532881699304
mxhilb,gradient,44,103,0.0006444494884241449,0.0006444494884241449
mxhilb,gradient,45,104,0.0005180160838562323,0.0005180160838562323
mxhilb,gradient,46,107,0.00048262989786344076,0.00048262989786344076
mxhilb,gradient,47,108,0.00044805190378211825,0.00044805190378211825
mxhilb,gradient,48,111,0.00044442119636427485,0.00044442119636427485
mxhilb,gradient,49,112,0.00043715621048241726,0.00043715621048241726
mxhilb,gradient,50,113,0.00042590884770850324,0.00042590884770850324
mxhilb,gradient,51,114,0.00041828142756260636,0.00041828142756260636
mxhilb,gradient,52,123,0.000415716599232719,0.000415716599232719
mxhilb,gradient,53,124,0.0004143002630405961,0.0004143002630405961
mxhilb,gradient,54,125,0.0003887231794617099,0.0003887231794617099
mxhilb,gradient,55,130,0.00015998725099696832,0.00015998725099696832
mxhilb,gradient,56,132,0.00013871894665087403,0.00013871894665087403
mxhilb,gradient,57,133,8.497353177950055e-05,8.497353177950055e-05
mxhilb,gradient,58,136,5.7732717082548514e-05,5.7732717082548514e-05
mxhilb,gradient,59,137,4.266242367482152e-05,4.266242367482152e-05
mxhilb,gradient,60,145,4.243879540177163e-05,4.243879540177163e-05
mxhilb,gradient,61,152,3.28285422574142e-05,3.28285422574142e-05
mxhilb,gradient,62,153,2.7197230904161315e-05,2.7197230904161315e-05
mxhilb,gradient,63,155,2.392511329591014e-05,2.392511329591014e-05
mxhilb,gradient,64,157,2.338165518595307e-05,2.338165518595307e-05
mxhilb,gradient,65,170,2.3203155392251544e-05,2.3203155392251544e-05
mxhilb,gradient,66,178,2.164409893181047e-05,2.164409893181047e-05
mxhilb,gradient,67,183,2.098232153521166e-05,2.098232153521166e-05
mxhilb,gradient,68,186,1.946053327811525e-05,1.946053327811525e-05
mxhilb,gradient,69,190,1.730113777518162e-05,1.730113777518162e-05
mxhilb,gradient,70,194,8.86118705091635e-06,8.86118705091635e-06
mxhilb,gradient,71,195,7.566995568446125e-06,7.566995568446125e-06
mxhilb,gradient,72,204,6.195760278936233e-06,6.195760278936233e-06
mxhilb,gradient,73,212,3.2677860848542406e-06,3.2677860848542406e-06
mxhilb,gradient,74,224,3.2568965107770574e-06,3.2568965107770574e-06
mxhilb,gradient,75,237,3.0881230247906263e-06,3.0881230247906263e-06
mxhilb,gradient,76,242,2.991536843600592e-06,2.991536843600592e-06
mxhilb,gradient,77,243,2.7910493527900373e-06,2.7910493527900373e-06
mxhilb,gradient,78,244,2.559642039530848e-06,2.559642039530848e-06
mxhilb,gradient,79,246,2.3093189860542128e-06,2.3093189860542128e-06
mxhilb,gradient,80,248,2.1014180491696214e-06,2.1014180491696214e-06
mxhilb,gradient,81,260,2.080777144522895e-06,2.080777144522895e-06
mxhilb,gradient,82,261,1.7483062671663698e-06,1.7483062671663698e-06
mxhilb,gradient,83,263,1.635549953928853e-06,1.635549953928853e-06
mxhilb,gradient,84,268,1.6270484265067586e-06,1.6270484265067586e-06
mxhilb,gradient,85,275,1.4917839606767066e-06,1.4917839606767066e-06
mxhilb,gradient,86,282,1.289627030957776e-06,1.289627030957776e-06
mxhilb,gradient,87,288,1.2345336348835913e-06,1.2345336348835913e-06
mxhilb,gradient,88,296,1.076634117133722e-06,1.076634117133722e-06
mxhilb,gradient,89,297,6.107362978167259e-07,6.107362978167259e-07
mxhilb,gradient,90,308,5.971035810801631e-07,5.971035810801631e-07
mxhilb,gradient,91,309,5.719921996206329e-07,5.719921996206329e-07
mxhilb,gradient,92,312,4.514013739488474e-07,4.514013739488474e-07
mxhilb,gradient,93,319,4.3751520317682896e-07,4.3751520317682896e-07
mxhilb,gradient,94,326,3.8561068881916554e-07,3.8561068881916554e-07
mxhilb,gradient,95,333,3.826441841910946e-07,3.826441841910946e-07
mxhilb,gradient,96,334,2.741263771231534e-07,2.741263771231534e-07
mxhilb,gradient,97,337,1.9544925963933785e-07,1.9544925963933785e-07
mxhilb,gradient,98,340,1.5169523307425486e-07,1.5169523307425486e-07
mxhilb,gradient,99,343,1.0108530499845515e-07,1.0108530499845515e-07
mxhilb,gradient,100,345,8.656211402335666e-08,8.656211402335666e-08
mxhilb,gradient,101,358,8.548583562579539e-08,8.548583562579539e-08
mxhilb,gradient,102,369,7.312889069386458e-08,7.312889069386458e-08
mxhilb,gradient,103,373,5.392061769334661e-08,5.392061769334661e-08
mxhilb,gradient,103,373,5.392061769334661e-08,5.392061769334661e-08
mxhilb,cutting_plane,1,8,2.153681789933711,2.153681789933711
mxhilb,cutting_plane,2,10,1.5426365930428485,1.5426365930428485
mxhilb,cutting_plane,3,12,1.1207679962130561,1.1207679962130561
mxhilb,cutting_plane,4,15,1.0668512462934978,1.0668512462934978
mxhilb,cutting_plane,5,17,0.975035650933631,0.975035650933631
mxhilb,cutting_plane,6,24,0.8409562352757893,0.8409562352757893
mxhilb,cutting_plane,7,26,0.806259877505028,0.806259877505028
mxhilb,cutting_plane,8,33,0.6435420078655931,0.6435420078655931
mxhilb,cutting_plane,9,35,0.4849499533962601,0.4849499533962601
mxhilb,cutting_plane,10,37,0.2968450246926108,0.2968450246926108
mxhilb,cutting_plane,11,41,0.2476483955125013,0.2476483955125013
mxhilb,cutting_plane,12,43,0.14264428334515122,0.14264428334515122
mxhilb,cutting_plane,13,45,0.137107093336639,0.137107093336639
mxhilb,cutting_plane,14,47,0.10505406644086737,0.10505406644086737
mxhilb,cutting_plane,15,51,0.10152108303645312,0.10152108303645312
mxhilb,cutting_plane,16,54,0.10077043338258163,0.10077043338258163
mxhilb,cutting_plane,17,56,0.09653016388947741,0.09653016388947741
mxhilb,cutting_plane,18,64,0.09336406862954788,0.09336406862954788
mxhilb,cutting_plane,19,66,0.09129864951991465,0.09129864951991465
mxhilb,cutting_plane,20,68,0.09026353787574229,0.09026353787574229
mxhilb,cutting_plane,21,72,0.05968088490373419,0.05968088490373419
mxhilb,cutting_plane,22,74,0.041904500126135405,0.041904500126135405
mxhilb,cutting_plane,23,76,0.030360643551448647,0.030360643551448647
mxhilb,cutting_plane,24,79,0.026381188941967514,0.026381188941967514
mxhilb,cutting_plane,25,81,0.013587501896569397,0.013587501896569397
mxhilb,cutting_plane,26,83,0.013300858085102538,0.013300858085102538
mxhilb,cutting_plane,27,87,0.013042738396727666,0.013042738396727666
mxhilb,cutting_plane,28,90,0.008843044508921621,0.008843044508921621
mxhilb,cutting_plane,29,96,0.008666811289344135,0.008666811289344135
mxhilb,cutting_plane,30,98,0.008273036681363064,0.008273036681363064
mxhilb,cutting_plane,31,104,0.008266219971032829,0.008266219971032829
mxhilb,cutting_plane,32,112,0.00794452370423774,0.00794452370423774
mxhilb,cutting_plane,33,114,0.007691257115611264,0.007691257115611264
mxhilb,cutting_plane,34,118,0.007631858440541359,0.007631858440541359
mxhilb,cutting_plane,35,120,0.0075568130385013955,0.0075568130385013955
mxhilb,cutting_plane,36,122,0.007510190824821551,0.007510190824821551
mxhilb,cutting_plane,37,124,0.007305455280559886,0.007305455280559886
mxhilb,cutting_plane,38,128,0.004554619666211811,0.004554619666211811
mxhilb,cutting_plane,39,130,0.002670846010013227,0.002670846010013227
mxhilb,cutting_plane,40,132,0.0009611207747464608,0.0009611207747464608
mxhilb,cutting_plane,41,136,0.0009098700112732316,0.0009098700112732316
mxhilb,cutting_plane,42,138,0.0008171621076047382,0.0008171621076047382
mxhilb,cutting_plane,43,141,0.0006511532881699304,0.0006511532881699304
mxhilb,cutting_plane,44,147,0.0006444494884241449,0.0006444494884241449
mxhilb,cutting_plane,45,149,0.0005180160838562323,0.0005180160838562323
mxhilb,cutting_plane,46,153,0.00048262989786344076,0.00048262989786344076
mxhilb,cutting_plane,47,155,0.00044805190378211825,0.00044805190378211825
mxhilb,cutting_plane,48,159,0.00044442119636427485,0.00044442119636427485
mxhilb,cutting_plane,49,161,0.00043715621048241726,0.00043715621048241726
mxhilb,cutting_plane,50,163,0.00042590884770850324,0.00042590884770850324
mxhilb,cutting_plane,51,165,0.00041828142756260636,0.00041828142756260636
mxhilb,cutting_plane,52,175,0.000415716599232719,0.000415716599232719
mxhilb,cutting_plane,53,177,0.0004143002630405961,0.0004143002630405961
mxhilb,cutting_plane,54,179,0.0003887231794617099,0.0003887231794617099
mxhilb,cutting_plane,55,185,0.00015998725099696832,0.00015998725099696832
mxhilb,cutting_plane,56,188,0.00013871894665087403,0.00013871894665087403
mxhilb,cutting_plane,57,190,8.497353177950055e-05,8.497353177950055e-05
mxhilb,cutting_plane,58,194,5.7732717082548514e-05,5.7732717082548514e-05
mxhilb,cutting_plane,59,196,4.266242367482152e-05,4.266242367482152e-05
mxhilb,cutting_plane,60,205,4.243879540177163e-05,4.243879540177163e-05
mxhilb,cutting_plane,61,213,3.28285422574142e-05,3.28285422574142e-05
mxhilb,cutting_plane,62,215,2.7197230904161315e-05,2.7197230904161315e-05
mxhilb,cutting_plane,63,218,2.392511329591014e-05,2.392511329591014e-05
mxhilb,cutting_plane,64,221,2.338165518595307e-05,2.338165518595307e-05
mxhilb,cutting_plane,65,235,2.3309054359768806e-05,2.3309054359768806e-05
mxhilb,cutting_plane,66,244,2.1720354818357125e-05,2.1720354818357125e-05
mxhilb,cutting_plane,67,250,2.140948279324783e-05,2.140948279324783e-05
mxhilb,cutting_plane,68,253,1.613688099515523e-05,1.613688099515523e-05
mxhilb,cutting_plane,69,257,1.416698724446047e-05,1.416698724446047e-05
mxhilb,cutting_plane,70,259,7.424265698012002e-06,7.424265698012002e-06
mxhilb,cutting_plane,71,264,6.816474648553192e-06,6.816474648553192e-06
mxhilb,cutting_plane,72,277,5.461320362631504e-06,5.461320362631504e-06
mxhilb,cutting_plane,73,286,5.109970127187562e-06,5.109970127187562e-06
mxhilb,cutting_plane,74,289,4.502640280834298e-06,4.502640280834298e-06
mxhilb,cutting_plane,75,295,4.30113640034562e-06,4.30113640034562e-06
mxhilb,cutting_plane,76,297,3.7904322445737816e-06,3.7904322445737816e-06
mxhilb,cutting_plane,77,300,3.6519794873028665e-06,3.6519794873028665e-06
mxhilb,cutting_plane,78,304,3.355615909966743e-06,3.355615909966743e-06
mxhilb,cutting_plane,79,307,2.9971239385050467e-06,2.9971239385050467e-06
mxhilb,cutting_plane,80,309,2.022215599643297e-06,2.022215599643297e-06
mxhilb,cutting_plane,81,317,1.945873567585235e-06,1.945873567585235e-06
mxhilb,cutting_plane,82,322,1.9088679719184154e-06,1.9088679719184154e-06
mxhilb,cutting_plane,83,325,1.8700807658847103e-06,1.8700807658847103e-06
mxhilb,cutting_plane,84,335,1.819813763855472e-06,1.819813763855472e-06
mxhilb,cutting_plane,85,342,1.7488243572066128e-06,1.7488243572066128e-06
mxhilb,cutting_plane,86,344,1.5981681986495144e-06,1.5981681986495144e-06
mxhilb,cutting_plane,87,352,1.5981680824709904e-06,1.5981680824709904e-06
mxhilb,cutting_plane,88,355,1.5500124955728379e-06,1.5500124955728379e-06
mxhilb,cutting_plane,89,357,1.0232143730713305e-06,1.0232143730713305e-06
mxhilb,cutting_plane,90,361,6.498343223180743e-07,6.498343223180743e-07
mxhilb,cutting_plane,91,363,3.7508180824368724e-07,3.7508180824368724e-07
mxhilb,cutting_plane,92,374,3.5736081630090624e-07,3.5736081630090624e-07
mxhilb,cutting_plane,93,378,2.5685439907668136e-07,2.5685439907668136e-07
mxhilb,cutting_plane,94,380,1.6003730159425274e-07,1.6003730159425274e-07
mxhilb,cutting_plane,95,402,1.599280652480066e-07,1.599280652480066e-07
mxhilb,cutting_plane,96,415,1.482272278245276e-07,1.482272278245276e-07
mxhilb,cutting_plane,97,424,1.4485190799889432e-07,1.4485190799889432e-07
mxhilb,cutting_plane,98,428,1.1922682083127215e-07,1.1922682083127215e-07
mxhilb,cutting_plane,99,430,1.0593125849710141e-07,1.0593125849710141e-07
mxhilb,cutting_plane,100,440,1.055354893002812e-07,1.055354893002812e-07
mxhilb,cutting_plane,101,450,1.0064767309823377e-07,1.0064767309823377e-07
mxhilb,cutting_plane,102,460,6.978270077323868e-08,6.978270077323868e-08
mxhilb,cutting_plane,103,464,5.312334389674959e-08,5.312334389674959e-08
mxhilb,cutting_plane,103,465,5.312334389674959e-08,5.312334389674959e-08
mxhilb,gradient_combination,1,8,2.153681789933711,2.153681789933711
mxhilb,gradient_combination,2,10,1.5426365930428485,1.5426365930428485
mxhilb,gradient_combination,3,12,1.1207679962130561,1.1207679962130561
mxhilb,gradient_combination,4,15,1.0668512462934978,1.0668512462934978
mxhilb,gradient_combination,5,17,0.975035650933631,0.975035650933631
mxhilb,gradient_combination,6,24,0.8409562352757893,0.8409562352757893
mxhilb,gradient_combination,7,26,0.806259877505028,0.806259877505028
mxhilb,gradient_combination,8,33,0.6435420078655931,0.6435420078655931
mxhilb,gradient_combination,9,35,0.4849499533962601,0.4849499533962601
mxhilb,gradient_combination,10,37,0.2968450246926108,0.2968450246926108
mxhilb,gradient_combination,11,41,0.2476483955125013,0.2476483955125013
mxhilb,gradient_combination,12,43,0.14264428334515122,0.14264428334515122
mxhilb,gradient_combination,13,45,0.137107093336639,0.137107093336639
mxhilb,gradient_combination,14,47,0.10505406644086737,0.10505406644086737
mxhilb,gradient_combination,15,51,0.10152108303645312,0.10152108303645312
mxhilb,gradient_combination,16,54,0.10077043338258163,0.10077043338258163
mxhilb,gradient_combination,17,56,0.09653016388947741,0.09653016388947741
mxhilb,gradient_combination,18,64,0.09336406862954788,0.09336406862954788
mxhilb,gradient_combination,19,66,0.09129864951991465,0.09129864951991465
mxhilb,gradient_combination,20,68,0.09026353787574229,0.09026353787574229
mxhilb,gradient_combination,21,72,0.05968088490373419,0.05968088490373419
mxhilb,gradient_combination,22,74,0.041904500126135405,0.041904500126135405
mxhilb,gradient_combination,23,76,0.030360643551448647,0.030360643551448647
mxhilb,gradient_combination,24,79,0.026381188941967514,0.026381188941967514
mxhilb,gradient_combination,25,81,0.013587501896569397,0.013587501896569397
mxhilb,gradient_combination,26,83,0.013300858085102538,0.013300858085102538
mxhilb,gradient_combination,27,87,0.013042738396727666,0.013042738396727666
mxhilb,gradient_combination,28,90,0.008843044508921621,0.008843044508921621
mxhilb,gradient_combination,29,96,0.008666811289344135,0.008666811289344135
mxhilb,gradient_combination,30,98,0.008273036681363064,0.008273036681363064
mxhilb,gradient_combination,31,104,0.008266219971032829,0.008266219971032829
mxhilb,gradient_combination,32,112,0.00794452370423774,0.00794452370423774
mxhilb,gradient_combination,33,114,0.007691257115611264,0.007691257115611264
mxhilb,gradient_combination,34,118,0.007631858440541359,0.007631858440541359
mxhilb,gradient_combination,35,120,0.0075568130385013955,0.0075568130385013955
mxhilb,gradient_combination,36,122,0.007510190824821551,0.007510190824821551
mxhilb,gradient_combination,37,124,0.007305455280559886,0.007305455280559886
mxhilb,gradient_combination,38,128,0.004554619666211811,0.004554619666211811
mxhilb,gradient_combination,39,130,0.002670846010013227,0.002670846010013227
mxhilb,gradient_combination,40,132,0.0009611207747464608,0.0009611207747464608
mxhilb,gradient_combination,41,136,0.0009098700112732316,0.0009098700112732316
mxhilb,gradient_combination,42,138,0.0008171621076047382,0.0008171621076047382
mxhilb,gradient_combination,43,141,0.0006511532881699304,0.0006511532881699304
mxhilb,gradient_combination,44,147,0.0006444494884241449,0.0006444494884241449
mxhilb,gradient_combination,45,149,0.0005180160838562323,0.0005180160838562323
mxhilb,gradient_combination,46,153,0.00048262989786344076,0.00048262989786344076
mxhilb,gradient_combination,47,155,0.00044805190378211825,0.00044805190378211825
mxhilb,gradient_combination,48,159,0.00044442119636427485,0.00044442119636427485
mxhilb,gradient_combination,49,161,0.00043715621048241726,0.00043715621048241726
mxhilb,gradient_combination,50,163,0.00042590884770850324,0.00042590884770850324
mxhilb,gradient_combination,51,165,0.00041828142756260636,0.00041828142756260636
mxhilb,gradient_combination,52,175,0.000415716599232719,0.000415716599232719
mxhilb,gradient_combination,53,177,0.0004143002630405961,0.0004143002630405961
mxhilb,gradient_combination,54,179,0.0003887231794617099,0.0003887231794617099
mxhilb,gradient_combination,55,185,0.00015998725099696832,0.00015998725099696832
mxhilb,gradient_combination,56,188,0.00013871894665087403,0.00013871894665087403
mxhilb,gradient_combination,57,190,8.497353177950055e-05,8.497353177950055e-05
mxhilb,gradient_combination,58,194,5.7732717082548514e-05,5.7732717082548514e-05
mxhilb,gradient_combination,59,196,4.266242367482152e-05,4.266242367482152e-05
mxhilb,gradient_combination,60,205,4.243879540177163e-05,4.243879540177163e-05
mxhilb,gradient_combination,61,213,3.28285422574142e-05,3.28285422574142e-05
mxhilb,gradient_combination,62,215,2.7197230904161315e-05,2.7197230904161315e-05
mxhilb,gradient_combination,63,218,2.392511329591014e-05,2.392511329591014e-05
mxhilb,gradient_combination,64,221,2.338165518595307e-05,2.338165518595307e-05
mxhilb,gradient_combination,65,242,2.3357447023080553e-05,2.3357447023080553e-05
mxhilb,gradient_combination,66,244,2.318831766138981e-05,2.318831766138981e-05
mxhilb,gradient_combination,67,246,1.9337786300365443e-05,1.9337786300365443e-05
mxhilb,gradient_combination,68,252,1.9048905679226193e-05,1.9048905679226193e-05
mxhilb,gradient_combination,69,255,8.840896440628953e-06,8.840896440628953e-06
mxhilb,gradient_combination,70,261,6.44184894595031e-06,6.44184894595031e-06
mxhilb,gradient_combination,71,264,3.3772306709077408e-06,3.3772306709077408e-06
mxhilb,gradient_combination,72,286,3.0857044527030954e-06,3.0857044527030954e-06
mxhilb,gradient_combination,73,289,3.0617904384214797e-06,3.0617904384214797e-06
mxhilb,gradient_combination,74,291,3.051798333297373e-06,3.051798333297373e-06
mxhilb,gradient_combination,75,295,3.0457942873147895e-06,3.0457942873147895e-06
mxhilb,gradient_combination,76,298,2.617113609591521e-06,2.617113609591521e-06
mxhilb,gradient_combination,77,303,2.5273744780812462e-06,2.5273744780812462e-06
mxhilb,gradient_combination,78,305,2.09666061334681e-06,2.09666061334681e-06
mxhilb,gradient_combination,79,315,2.0901087879860543e-06,2.0901087879860543e-06
mxhilb,gradient_combination,80,320,2.0887668093249375e-06,2.0887668093249375e-06
mxhilb,gradient_combination,81,330,2.0405990614230814e-06,2.0405990614230814e-06
mxhilb,gradient_combination,82,332,1.8036311838925153e-06,1.8036311838925153e-06
mxhilb,gradient_combination,83,336,1.7929432226561207e-06,1.7929432226561207e-06
mxhilb,gradient_combination,84,339,1.7878052401160702e-06,1.7878052401160702e-06
mxhilb,gradient_combination,85,347,1.7500573562759941e-06,1.7500573562759941e-06
mxhilb,gradient_combination,86,349,1.7016774297958556e-06,1.7016774297958556e-06
mxhilb,gradient_combination,87,354,1.6095947608096037e-06,1.6095947608096037e-06
mxhilb,gradient_combination,88,363,1.5840337647159077e-06,1.5840337647159077e-06
mxhilb,gradient_combination,89,373,1.546252447800784e-06,1.546252447800784e-06
mxhilb,gradient_combination,90,385,1.5452214326675982e-06,1.5452214326675982e-06
mxhilb,gradient_combination,91,388,6.873851972718408e-07,6.873851972718408e-07
mxhilb,gradient_combination,92,400,6.619101957689062e-07,6.619101957689062e-07
mxhilb,gradient_combination,93,404,4.650565678032334e-07,4.650565678032334e-07
mxhilb,gradient_combination,94,409,3.2273102200879684e-07,3.2273102200879684e-07
mxhilb,gradient_combination,95,412,2.4823821704201415e-07,2.4823821704201415e-07
mxhilb,gradient_combination,96,419,2.3414860421720014e-07,2.3414860421720014e-07
mxhilb,gradient_combination,97,422,1.4351243302583713e-07,1.4351243302583713e-07
mxhilb,gradient_combination,98,427,9.265074344088882e-08,9.265074344088882e-08
mxhilb,gradient_combination,99,436,6.96482666307199e-08,6.96482666307199e-08
mxhilb,gradient_combination,100,443,6.90177269283259e-08,6.90177269283259e-08
mxhilb,gradient_combination,101,461,6.80225118791203e-08,6.80225118791203e-08
mxhilb,gradient_combination,102,478,3.905301095680734e-08,3.905301095680734e-08
mxhilb,gradient_combination,103,488,3.890471937050791e-08,3.890471937050791e-08
mxhilb,gradient_combination,104,495,3.774462793992183e-08,3.774462793992183e-08
mxhilb,gradient_combination,105,507,3.594918752112915e-08,3.594918752112915e-08
mxhilb,gradient_combination,105,520,3.594918752112915e-08,3.594918752112915e-08
chained_lq,gradient,1,2,22.5,91.79646455628166
chained_lq,gradient,2,3,-17.006130194801482,52.29033436148018
chained_lq,gradient,3,11,-51.513993577320015,17.782470978961648
chained_lq,gradient,4,12,-58.01295674584993,11.283507810431736
chained_lq,gradient,5,13,-64.18269851500636,5.113766041275298
chained_lq,gradient,6,15,-65.22641281160986,4.070051744671801
chained_lq,gradient,7,17,-65.46107135052077,3.8353932057608944
chained_lq,gradient,8,19,-67.11491313691218,2.181551419369484
chained_lq,gradient,9,22,-68.49393327981436,0.802531276467306
chained_lq,gradient,10,26,-68.54207171850311,0.7543928377785534
chained_lq,gradient,11,27,-68.58976006901601,0.7067044872656538
chained_lq,gradient,12,28,-68.83630631093638,0.4601582453452835
chained_lq,gradient,13,31,-69.02231880189566,0.274145754385998
chained_lq,gradient,14,32,-69.03498013563943,0.2614844206422333
chained_lq,gradient,15,36,-69.11858979565136,0.17787476063030283
chained_lq,gradient,16,44,-69.12010884611112,0.1763557101705402
chained_lq,gradient,17,49,-69.12280490831557,0.17365964796609035
chained_lq,gradient,18,54,-69.12981626990296,0.16664828637870244
chained_lq,gradient,19,59,-69.13112164827871,0.16534290800295537
chained_lq,gradient,20,61,-69.13697170745954,0.15949284882212567
chained_lq,gradient,21,65,-69.17446693605999,0.12199762022167704
chained_lq,gradient,22,72,-69.18777199288107,0.10869256340059508
chained_lq,gradient,23,73,-69.19056958332844,0.10589497295322303
chained_lq,gradient,24,76,-69.20376553487708,0.09269902140458441
chained_lq,gradient,25,81,-69.21216433887423,0.08430021740743143
chained_lq,gradient,26,85,-69.21310089272677,0.08336366355489133
chained_lq,gradient,27,92,-69.21405840963868,0.08240614664298107
chained_lq,gradient,28,97,-69.2191433484647,0.07732120781696494
chained_lq,gradient,29,106,-69.25523868130303,0.04122587497863606
chained_lq,gradient,30,115,-69.25581732376355,0.04064723251811131
chained_lq,gradient,31,119,-69.25739750644217,0.03906704983948828
chained_lq,gradient,32,120,-69.26080388065546,0.0356606756262039
chained_lq,gradient,33,130,-69.2615867407466,0.034877815535068635
chained_lq,gradient,34,134,-69.26216303255289,0.0343015237287716
chained_lq,gradient,35,138,-69.26220180795258,0.03426274832908405
chained_lq,gradient,36,143,-69.26280158886485,0.033662967416816514
chained_lq,gradient,37,150,-69.26282454770794,0.03364000857372673
chained_lq,gradient,38,155,-69.26287011162806,0.03359444465360184
chained_lq,gradient,39,159,-69.26287219638749,0.033592359894171864
chained_lq,gradient,40,162,-69.2629957419598,0.033468814321864215
chained_lq,gradient,41,164,-69.26354359378607,0.03292096249559506
chained_lq,gradient,42,165,-69.26642681898406,0.030037737297604394
chained_lq,gradient,43,169,-69.26646117540069,0.0300033808809701
chained_lq,gradient,44,171,-69.27004605083636,0.02641850544530655
chained_lq,gradient,45,175,-69.27536144602558,0.02110311025607814
chained_lq,gradient,46,180,-69.27636637435171,0.02009818192995283
chained_lq,gradient,47,183,-69.27752893303392,0.018935623247742228
chained_lq,gradient,48,186,-69.28100992942065,0.01545462686101473
chained_lq,gradient,49,188,-69.28621300899798,0.010251547283687046
chained_lq,gradient,50,190,-69.2871935065998,0.00927104968185688
chained_lq,gradient,51,193,-69.2890511181048,0.007413438176868681
chained_lq,gradient,52,197,-69.29000446714883,0.006460089132829694
chained_lq,gradient,53,200,-69.29047658169893,0.005987974582737365
chained_lq,gradient,54,204,-69.29138555374601,0.005079002535651966
chained_lq,gradient,55,208,-69.29196324989671,0.004501306384952386
chained_lq,gradient,56,213,-69.29211064425272,0.004353912028946638
chained_lq,gradient,57,215,-69.29342865206024,0.0030359042214200826
chained_lq,gradient,58,220,-69.29387813240335,0.0025864238783128712
chained_lq,gradient,59,225,-69.29388285911432,0.0025816971673435773
chained_lq,gradient,60,227,-69.29413766419223,0.0023268920894281564
chained_lq,gradient,61,232,-69.29421136704053,0.0022531892411308263
chained_lq,gradient,62,234,-69.29454936743235,0.0019151888493098568
chained_lq,gradient,63,238,-69.29455309957007,0.0019114567115963155
chained_lq,gradient,64,242,-69.29465947552853,0.0018050807531295732
chained_lq,gradient,65,245,-69.2950688027577,0.0013957535239654817
chained_lq,gradient,66,249,-69.29521410660048,0.0012504496811800436
chained_lq,gradient,67,251,-69.29533443180347,0.0011301244781947162
chained_lq,gradient,68,254,-69.29540405745477,0.0010604988268880788
chained_lq,gradient,69,260,-69.2954828413159,0.000981714965760716
chained_lq,gradient,70,263,-69.29549423113545,0.0009703251462127582
chained_lq,gradient,71,266,-69.29550091373532,0.0009636425463384057
chained_lq,gradient,72,269,-69.29565648616739,0.0008080701142745284
chained_lq,gradient,73,273,-69.29581434501284,0.0006502112688195893
chained_lq,gradient,74,276,-69.29592801100604,0.0005365452756223021
chained_lq,gradient,75,281,-69.295953594121,0.0005109621606607107
chained_lq,gradient,76,284,-69.29610913918697,0.0003554170946955537
chained_lq,gradient,77,289,-69.29610938631508,0.00035516996658202515
chained_lq,gradient,78,292,-69.29611625043664,0.0003483058450228782
chained_lq,gradient,79,295,-69.2961426661926,0.0003218900890686882
chained_lq,gradient,80,300,-69.2961467540877,0.00031780219396182474
chained_lq,gradient,81,304,-69.29616928384652,0.00029527243513882695
chained_lq,gradient,82,308,-69.29617184825725,0.0002927080244177205
chained_lq,gradient,83,311,-69.29621039651697,0.00025415976469389534
chained_lq,gradient,84,314,-69.29623285693172,0.00023169934993916286
chained_lq,gradient,85,317,-69.29625844041314,0.00020611586852226083
chained_lq,gradient,86,320,-69.29626999789716,0.00019455838450710417
chained_lq,gradient,87,324,-69.29627430899833,0.00019024728332794894
chained_lq,gradient,88,328,-69.2963109208992,0.00015363538246049302
chained_lq,gradient,89,332,-69.29631119722139,0.00015335906027758028
chained_lq,gradient,90,336,-69.29632364995851,0.00014090632315344465
chained_lq,gradient,91,339,-69.29633136147265,0.00013319480900975122
chained_lq,gradient,92,343,-69.29634617066552,0.00011838561614752052
chained_lq,gradient,93,349,-69.29634754664869,0.00011700963297300859
chained_lq,gradient,94,352,-69.29635554661462,0.00010900966704241455
chained_lq,gradient,95,355,-69.29635688668306,0.00010766959860575298
chained_lq,gradient,96,358,-69.29637454212269,9.001415897103016e-05
chained_lq,gradient,97,362,-69.29638850552683,7.605075482786106e-05
chained_lq,gradient,98,367,-69.29639330324976,7.12530319049165e-05
chained_lq,gradient,99,372,-69.29639509331378,6.946296788612472e-05
chained_lq,gradient,100,376,-69.29639657261154,6.798367012095241e-05
chained_lq,gradient,101,379,-69.29640148078434,6.307549732298412e-05
chained_lq,gradient,102,384,-69.29640686283453,5.769344713257851e-05
chained_lq,gradient,103,387,-69.2964133219311,5.1234350564755005e-05
chained_lq,gradient,104,389,-69.29641964683105,4.4909450608088264e-05
chained_lq,gradient,105,392,-69.29642156217085,4.2994110813765474e-05
chained_lq,gradient,106,395,-69.29642822669001,3.6329591651451665e-05
chained_lq,gradient,107,398,-69.29643823384063,2.6322441030401933e-05
chained_lq,gradient,108,403,-69.29644045201536,2.410426630206075e-05
chained_lq,gradient,109,406,-69.29644406000645,2.0496275212167347e-05
chained_lq,gradient,110,410,-69.29644572591718,1.883036448191433e-05
chained_lq,gradient,111,414,-69.2964458890052,1.8667276464157112e-05
chained_lq,gradient,111,414,-69.2964458890052,1.8667276464157112e-05
chained_lq,cutting_plane,1,3,22.5,91.79646455628166
chained_lq,cutting_plane,2,5,-17.006130194801482,52.29033436148018
chained_lq,cutting_plane,3,14,-51.513993577320015,17.782470978961648
chained_lq,cutting_plane,4,16,-58.01295674584993,11.283507810431736
chained_lq,cutting_plane,5,18,-64.18269851500636,5.113766041275298
chained_lq,cutting_plane,6,21,-65.22641281160986,4.070051744671801
chained_lq,cutting_plane,7,24,-65.46107135052077,3.8353932057608944
chained_lq,cutting_plane,8,27,-67.11491313691218,2.181551419369484
chained_lq,cutting_plane,9,31,-68.49393327981436,0.802531276467306
chained_lq,cutting_plane,10,36,-68.54207171850311,0.7543928377785534
chained_lq,cutting_plane,11,38,-68.58976006901601,0.7067044872656538
chained_lq,cutting_plane,12,40,-68.83630631093638,0.4601582453452835
chained_lq,cutting_plane,13,44,-69.02231880189566,0.274145754385998
chained_lq,cutting_plane,14,46,-69.03498013563943,0.2614844206422333
chained_lq,cutting_plane,15,51,-69.11858979565136,0.17787476063030283
chained_lq,cutting_plane,16,60,-69.12010884611112,0.1763557101705402
chained_lq,cutting_plane,17,66,-69.12280490831557,0.17365964796609035
chained_lq,cutting_plane,18,72,-69.12981626990296,0.16664828637870244
chained_lq,cutting_plane,19,78,-69.13112164827871,0.16534290800295537
chained_lq,cutting_plane,20,81,-69.13697170745954,0.15949284882212567
chained_lq,cutting_plane,21,86,-69.17446693605999,0.12199762022167704
chained_lq,cutting_plane,22,94,-69.18777199288107,0.10869256340059508
chained_lq,cutting_plane,23,96,-69.19056958332844,0.10589497295322303
chained_lq,cutting_plane,24,100,-69.20376553487708,0.09269902140458441
chained_lq,cutting_plane,25,106,-69.21216433887423,0.08430021740743143
chained_lq,cutting_plane,26,111,-69.21310089272677,0.08336366355489133
chained_lq,cutting_plane,27,119,-69.21405840963868,0.08240614664298107
chained_lq,cutting_plane,28,125,-69.2191433484647,0.07732120781696494
chained_lq,cutting_plane,29,135,-69.25523868130303,0.04122587497863606
chained_lq,cutting_plane,30,145,-69.25581732376355,0.04064723251811131
chained_lq,cutting_plane,31,150,-69.25739750644217,0.03906704983948828
chained_lq,cutting_plane,32,152,-69.26080388065546,0.0356606756262039
chained_lq,cutting_plane,33,163,-69.2615867407466,0.034877815535068635
chained_lq,cutting_plane,34,168,-69.26216303255289,0.0343015237287716
chained_lq,cutting_plane,35,173,-69.26220180795258,0.03426274832908405
chained_lq,cutting_plane,36,179,-69.26280158886485,0.033662967416816514
chained_lq,cutting_plane,37,185,-69.26286176519585,0.0336027910858121
chained_lq,cutting_plane,38,189,-69.26300572251894,0.033458833762722406
chained_lq,cutting_plane,39,194,-69.26383688125117,0.032627675030497016
chained_lq,cutting_plane,40,206,-69.26425179576802,0.03221276051364441
chained_lq,cutting_plane,41,211,-69.26514699846692,0.0313175578147451
chained_lq,cutting_plane,42,216,-69.2657931186633,0.030671437618366326
chained_lq,cutting_plane,43,218,-69.26696006511617,0.029504491165496916
chained_lq,cutting_plane,44,223,-69.27021172899437,0.026252827287294167
chained_lq,cutting_plane,45,233,-69.27626839408475,0.02019616219691045
chained_lq,cutting_plane,46,239,-69.27712732641106,0.019337229870600936
chained_lq,cutting_plane,47,244,-69.27891566204619,0.017548894235474677
chained_lq,cutting_plane,48,248,-69.2824551756492,0.014009380632458601
chained_lq,cutting_plane,49,253,-69.28564530045598,0.01081925582568033
chained_lq,cutting_plane,50,258,-69.28717044717787,0.00929410910379147
chained_lq,cutting_plane,51,262,-69.28797031137037,0.008494244911290139
chained_lq,cutting_plane,52,266,-69.28842113837878,0.008043417902882766
chained_lq,cutting_plane,53,269,-69.2893977574906,0.007066798791058204
chained_lq,cutting_plane,54,273,-69.29045948426501,0.006005072016648683
chained_lq,cutting_plane,55,276,-69.29151084209975,0.004953714181908708
chained_lq,cutting_plane,56,281,-69.2923939881316,0.0040705681500696755
chained_lq,cutting_plane,57,288,-69.29250721123363,0.003957345048036132
chained_lq,cutting_plane,58,291,-69.29272401685401,0.003740539427653289
chained_lq,cutting_plane,59,295,-69.29299531701463,0.003469239267033686
chained_lq,cutting_plane,60,299,-69.29331842897305,0.0031461273086108577
chained_lq,cutting_plane,61,303,-69.29420381681828,0.002260739463380901
chained_lq,cutting_plane,62,309,-69.29436724092389,0.0020973153577728
chained_lq,cutting_plane,63,313,-69.29453113665105,0.00193341963061755
chained_lq,cutting_plane,64,318,-69.29458373696806,0.001880819313598181
chained_lq,cutting_plane,65,321,-69.2947083545239,0.0017562017577574807
chained_lq,cutting_plane,66,325,-69.29499819218844,0.0014663640932184308
chained_lq,cutting_plane,67,331,-69.29503633113245,0.0014282251492119258
chained_lq,cutting_plane,68,335,-69.29517824990371,0.0012863063779491313
chained_lq,cutting_plane,69,339,-69.2952844365367,0.0011801197449585743
chained_lq,cutting_plane,70,344,-69.29541935835383,0.0010451979278371937
chained_lq,cutting_plane,71,349,-69.29543813725846,0.0010264190232049941
chained_lq,cutting_plane,72,354,-69.29552912326085,0.0009354330208140027
chained_lq,cutting_plane,73,359,-69.2955568734345,0.0009076828471563658
chained_lq,cutting_plane,74,363,-69.29575065188038,0.0007139044012802742
chained_lq,cutting_plane,75,368,-69.29581623952942,0.0006483167522475242
chained_lq,cutting_plane,76,373,-69.2958320341668,0.0006325221148557603
chained_lq,cutting_plane,77,378,-69.29583351592589,0.0006310403557705513
chained_lq,cutting_plane,78,384,-69.29584448550354,0.0006200707781260917
chained_lq,cutting_plane,79,387,-69.29588069074586,0.0005838655358019196
chained_lq,cutting_plane,80,391,-69.29590169035879,0.0005628659228733568
chained_lq,cutting_plane,81,396,-69.29591352818244,0.0005510280992240268
chained_lq,cutting_plane,82,402,-69.29593021707834,0.0005343392033267946
chained_lq,cutting_plane,83,405,-69.29604907914498,0.00041547713668421693
chained_lq,cutting_plane,84,408,-69.29612079511135,0.000343761170313428
chained_lq,cutting_plane,85,412,-69.2961375935688,0.0003269627128617003
chained_lq,cutting_plane,86,417,-69.29614570620109,0.00031885008057486175
chained_lq,cutting_plane,87,423,-69.29615780736071,0.0003067489209485075
chained_lq,cutting_plane,88,427,-69.29617601360712,0.00028854267453937155
chained_lq,cutting_plane,89,432,-69.29618366867588,0.0002808876057827092
chained_lq,cutting_plane,90,436,-69.29622540070176,0.0002391555799050593
chained_lq,cutting_plane,91,440,-69.2962521699539,0.00021238632776032773
chained_lq,cutting_plane,92,444,-69.29628225252709,0.00018230375457051196
chained_lq,cutting_plane,93,449,-69.29629346610808,0.0001710901735805237
chained_lq,cutting_plane,94,453,-69.29630305070646,0.00016150557520688835
chained_lq,cutting_plane,95,458,-69.29632618047782,0.00013837580384290504
chained_lq,cutting_plane,96,464,-69.29633452850042,0.00013002778123905046
chained_lq,cutting_plane,97,468,-69.29634414530574,0.00012041097592430106
chained_lq,cutting_plane,98,473,-69.2963685611112,9.599517046865458e-05
chained_lq,cutting_plane,99,479,-69.29637205289393,9.250338773370004e-05
chained_lq,cutting_plane,100,483,-69.29638240168839,8.215459327232111e-05
chained_lq,cutting_plane,101,488,-69.29638795962408,7.659665757842049e-05
chained_lq,cutting_plane,102,493,-69.2963935597773,7.099650436259708e-05
chained_lq,cutting_plane,103,498,-69.29640095526773,6.360101393454443e-05
chained_lq,cutting_plane,104,503,-69.29640853257945,5.602370221424735e-05
chained_lq,cutting_plane,105,507,-69.29641341165156,5.11446301061369e-05
chained_lq,cutting_plane,106,511,-69.29642318807765,4.136820400901797e-05
chained_lq,cutting_plane,107,517,-69.29642754465364,3.701162802371982e-05
chained_lq,cutting_plane,108,525,-69.29642932918694,3.522709472747465e-05
chained_lq,cutting_plane,109,527,-69.29643210238385,3.245389781625363e-05
chained_lq,cutting_plane,110,532,-69.29643421709791,3.033918375194844e-05
chained_lq,cutting_plane,111,536,-69.29643955610057,2.5000181096856977e-05
chained_lq,cutting_plane,112,542,-69.29644057588087,2.3980400797540824e-05
chained_lq,cutting_plane,113,546,-69.2964424836271,2.2072654559224247e-05
chained_lq,cutting_plane,113,547,-69.2964424836271,2.2072654559224247e-05
chained_lq,gradient_combination,1,3,22.5,91.79646455628166
chained_lq,gradient_combination,2,5,-17.006130194801482,52.29033436148018
chained_lq,gradient_combination,3,14,-51.513993577320015,17.782470978961648
chained_lq,gradient_combination,4,16,-58.01295674584993,11.283507810431736
chained_lq,gradient_combination,5,18,-64.18269851500636,5.113766041275298
chained_lq,gradient_combination,6,21,-65.22641281160986,4.070051744671801
chained_lq,gradient_combination,7,24,-65.46107135052077,3.8353932057608944
chained_lq,gradient_combination,8,27,-67.11491313691218,2.181551419369484
chained_lq,gradient_combination,9,31,-68.49393327981436,0.802531276467306
chained_lq,gradient_combination,10,36,-68.54207171850311,0.7543928377785534
chained_lq,gradient_combination,11,38,-68.58976006901601,0.7067044872656538
chained_lq,gradient_combination,12,40,-68.83630631093638,0.4601582453452835
chained_lq,gradient_combination,13,44,-69.02231880189566,0.274145754385998
chained_lq,gradient_combination,14,46,-69.03498013563943,0.2614844206422333
chained_lq,gradient_combination,15,51,-69.11858979565136,0.17787476063030283
chained_lq,gradient_combination,16,60,-69.12010884611112,0.1763557101705402
chained_lq,gradient_combination,17,66,-69.12280490831557,0.17365964796609035
chained_lq,gradient_combination,18,72,-69.12981626990296,0.16664828637870244
chained_lq,gradient_combination,19,78,-69.13112164827871,0.16534290800295537
chained_lq,gradient_combination,20,81,-69.13697170745954,0.15949284882212567
chained_lq,gradient_combination,21,86,-69.17446693605999,0.12199762022167704
chained_lq,gradient_combination,22,94,-69.18777199288107,0.10869256340059508
chained_lq,gradient_combination,23,96,-69.19056958332844,0.10589497295322303
chained_lq,gradient_combination,24,100,-69.20376553487708,0.09269902140458441
chained_lq,gradient_combination,25,106,-69.21216433887423,0.08430021740743143
chained_lq,gradient_combination,26,111,-69.21310089272677,0.08336366355489133
chained_lq,gradient_combination,27,119,-69.21405840963868,0.08240614664298107
chained_lq,gradient_combination,28,125,-69.2191433484647,0.07732120781696494
chained_lq,gradient_combination,29,135,-69.25523868130303,0.04122587497863606
chained_lq,gradient_combination,30,145,-69.25581732376355,0.04064723251811131
chained_lq,gradient_combination,31,150,-69.25739750644217,0.03906704983948828
chained_lq,gradient_combination,32,152,-69.26080388065546,0.0356606756262039
chained_lq,gradient_combination,33,163,-69.2615867407466,0.034877815535068635
chained_lq,gradient_combination,34,168,-69.26216303255289,0.0343015237287716
chained_lq,gradient_combination,35,173,-69.26220180795258,0.03426274832908405
chained_lq,gradient_combination,36,179,-69.26280158886485,0.033662967416816514
chained_lq,gradient_combination,37,204,-69.26289679829554,0.03356775798611977
chained_lq,gradient_combination,38,226,-69.26297203845324,0.03349251782842089
chained_lq,gradient_combination,39,245,-69.26298298011477,0.03348157616689207
chained_lq,gradient_combination,40,271,-69.26300538908058,0.033459167201087325
chained_lq,gradient_combination,41,291,-69.26312435553425,0.033340200747417725
chained_lq,gradient_combination,42,307,-69.2634107197558,0.03305383652586613
chained_lq,gradient_combination,43,325,-69.26348708090028,0.03297747538138651
chained_lq,gradient_combination,44,343,-69.26356565846288,0.0328988978187823
chained_lq,gradient_combination,45,367,-69.26444613037361,0.03201842590804915
chained_lq,gradient_combination,46,386,-69.2647154542934,0.03174910198826808
chained_lq,gradient_combination,47,403,-69.26473279430127,0.031731761980395845
chained_lq,gradient_combination,48,417,-69.26519721852105,0.0312673377606103
chained_lq,gradient_combination,49,434,-69.26686770512026,0.02959685116140065
chained_lq,gradient_combination,50,455,-69.26691869066312,0.029545865618544553
chained_lq,gradient_combination,51,469,-69.26856612432661,0.027898431955051706
chained_lq,gradient_combination,52,486,-69.26879377164197,0.027670784639695967
chained_lq,gradient_combination,53,504,-69.26958047250332,0.026884083778341505
chained_lq,gradient_combination,54,520,-69.26967403883373,0.026790517447935258
chained_lq,gradient_combination,55,534,-69.27082472430757,0.02563983197408959
chained_lq,gradient_combination,56,555,-69.27086562520887,0.025598931072792652
chained_lq,gradient_combination,57,572,-69.27094506028843,0.025519495993236774
chained_lq,gradient_combination,58,591,-69.27118251500244,0.025282041279226064
chained_lq,gradient_combination,59,607,-69.27135307380544,0.02511148247621975
chained_lq,gradient_combination,60,626,-69.27150847068674,0.024956085594922683
chained_lq,gradient_combination,61,642,-69.27197221604558,0.024492340236079713
chained_lq,gradient_combination,62,659,-69.27198009947979,0.024484456801872057
chained_lq,gradient_combination,63,675,-69.27201798969439,0.0244465665872724
chained_lq,gradient_combination,64,691,-69.27323356381292,0.02323099246873994
chained_lq,gradient_combination,65,715,-69.27333246653895,0.023132089742716744
chained_lq,gradient_combination,66,738,-69.27349611640267,0.022968439878994218
chained_lq,gradient_combination,67,756,-69.27353127721463,0.022933279067032686
chained_lq,gradient_combination,68,779,-69.27373641800054,0.02272813828112419
chained_lq,gradient_combination,69,796,-69.27389325719477,0.022571299086891372
chained_lq,gradient_combination,70,814,-69.27498568407839,0.021478872203275046
chained_lq,gradient_combination,71,828,-69.27518047115626,0.021284085125401475
chained_lq,gradient_combination,72,842,-69.27632850113457,0.02013605514709127
chained_lq,gradient_combination,73,858,-69.2770892103984,0.01937534588326173
chained_lq,gradient_combination,74,880,-69.27889345661039,0.01757109967127235
chained_lq,gradient_combination,75,894,-69.28147598779337,0.014988568488291776
chained_lq,gradient_combination,76,908,-69.28550224819415,0.010962308087513861
chained_lq,gradient_combination,77,935,-69.28567370440717,0.010790851874489249
chained_lq,gradient_combination,78,958,-69.2862084268246,0.010256129457062002
chained_lq,gradient_combination,79,974,-69.28675419968249,0.009710356599171632
chained_lq,gradient_combination,80,987,-69.28757606920698,0.008888487074685258
chained_lq,gradient_combination,81,1006,-69.28761300270077,0.00885155358089662
chained_lq,gradient_combination,82,1020,-69.28923798971648,0.007226566565179837
chained_lq,gradient_combination,83,1036,-69.28936366324429,0.0071008930373750445
chained_lq,gradient_combination,84,1052,-69.29022860509605,0.006235951185615818
chained_lq,gradient_combination,85,1070,-69.29027645628065,0.006188100001011776
chained_lq,gradient_combination,86,1079,-69.29028241099148,0.006182145290182461
chained_lq,gradient_combination,87,1081,-69.29092800669548,0.005536549586182105
chained_lq,gradient_combination,88,1095,-69.29093830867461,0.005526247607051005
chained_lq,gradient_combination,89,1110,-69.29115873493689,0.005305821344776973
chained_lq,gradient_combination,90,1127,-69.29135424282683,0.005110313454835591
chained_lq,gradient_combination,91,1138,-69.29144027987175,0.0050242764099124315
chained_lq,gradient_combination,92,1149,-69.29216516526107,0.004299391020595067
chained_lq,gradient_combination,93,1153,-69.29225746321546,0.004207093066199263
chained_lq,gradient_combination,94,1157,-69.29230092367524,0.00416363260642072
chained_lq,gradient_combination,95,1161,-69.29285442557419,0.003610130707471626
chained_lq,gradient_combination,96,1166,-69.29348507227085,0.0029794840108081644
chained_lq,gradient_combination,97,1171,-69.29365401522365,0.00281054105801104
chained_lq,gradient_combination,98,1175,-69.294193830203,0.0022707260786631878
chained_lq,gradient_combination,99,1180,-69.29438942219542,0.002075134086240382
chained_lq,gradient_combination,100,1184,-69.29483398694465,0.0016305693370100016
chained_lq,gradient_combination,101,1190,-69.29493779989821,0.001526756383455563
chained_lq,gradient_combination,102,1193,-69.29532238289204,0.0011421733896241903
chained_lq,gradient_combination,103,1199,-69.295403952204,0.0010606040776650616
chained_lq,gradient_combination,104,1205,-69.2954507665697,0.0010137897119619765
chained_lq,gradient_combination,105,1210,-69.29554908708346,0.0009154691982047325
chained_lq,gradient_combination,106,1214,-69.2956225205804,0.0008420357012681734
chained_lq,gradient_combination,107,1220,-69.2956993803611,0.0007651759205629105
chained_lq,gradient_combination,108,1226,-69.29571159880342,0.0007529574782410009
chained_lq,gradient_combination,109,1230,-69.29575020953708,0.0007143467445871465
chained_lq,gradient_combination,110,1235,-69.29575911599247,0.0007054402891952805
chained_lq,gradient_combination,111,1239,-69.29576064982837,0.0007039064532960992
chained_lq,gradient_combination,112,1244,-69.2958601108932,0.0006044453884612722
chained_lq,gradient_combination,113,1250,-69.29586641636237,0.0005981399192904746
chained_lq,gradient_combination,114,1253,-69.29595439466343,0.0005101616182372481
chained_lq,gradient_combination,115,1258,-69.29600388727927,0.00046066900239338793
chained_lq,gradient_combination,116,1264,-69.2960270017835,0.00043755449816273995
chained_lq,gradient_combination,117,1269,-69.29604613178687,0.0004184244947964544
chained_lq,gradient_combination,117,1270,-69.29604613178687,0.0004184244947964544
chained_cb3_1,gradient,1,6,499.71561219786133,401.71561219786133
chained_cb3_1,gradient,2,9,474.39420599437085,376.39420599437085
chained_cb3_1,gradient,3,11,380.78306854448863,282.78306854448863
chained_cb3_1,gradient,4,17,335.5288068457904,237.52880684579043
chained_cb3_1,gradient,5,20,258.432962422942,160.432962422942
chained_cb3_1,gradient,6,27,240.83905021984503,142.83905021984503
chained_cb3_1,gradient,7,28,230.3655044121702,132.3655044121702
chained_cb3_1,gradient,8,32,169.54076060357409,71.54076060357409
chained_cb3_1,gradient,9,36,154.25118272378288,56.251182723782875
chained_cb3_1,gradient,10,38,149.27806364931016,51.278063649310155
chained_cb3_1,gradient,11,42,147.46997954680378,49.469979546803785
chained_cb3_1,gradient,12,50,147.44246582358446,49.442465823584456
chained_cb3_1,gradient,13,51,125.84798095074738,27.847980950747385
chained_cb3_1,gradient,14,56,122.07333371973013,24.07333371973013
chained_cb3_1,gradient,15,61,121.03221046253263,23.032210462532632
chained_cb3_1,gradient,16,65,119.40742128351455,21.40742128351455
chained_cb3_1,gradient,17,68,118.94958778804323,20.94958778804323
chained_cb3_1,gradient,18,76,118.68529100394909,20.68529100394909
chained_cb3_1,gradient,19,77,112.66413302265606,14.66413302265606
chained_cb3_1,gradient,20,83,111.07235026620579,13.072350266205788
chained_cb3_1,gradient,21,88,109.6426925844127,11.6426925844127
chained_cb3_1,gradient,22,92,109.11714410384477,11.117144103844765
chained_cb3_1,gradient,23,98,108.8883973947541,10.888397394754094
chained_cb3_1,gradient,24,102,108.75428504664919,10.754285046649187
chained_cb3_1,gradient,25,105,108.07222166128571,10.07222166128571
chained_cb3_1,gradient,26,109,107.1910999124182,9.191099912418196
chained_cb3_1,gradient,27,115,107.09047005749136,9.090470057491359
chained_cb3_1,gradient,28,118,106.35333562425086,8.35333562425086
chained_cb3_1,gradient,29,122,106.09937367983159,8.099373679831587
chained_cb3_1,gradient,30,128,106.03644438208171,8.036444382081712
chained_cb3_1,gradient,31,132,105.81145732769852,7.81145732769852
chained_cb3_1,gradient,32,134,105.26749159241564,7.267491592415638
chained_cb3_1,gradient,33,143,105.24813150279218,7.248131502792177
chained_cb3_1,gradient,34,144,105.15394422250003,7.15394422250003
chained_cb3_1,gradient,35,148,105.04906228047267,7.049062280472668
chained_cb3_1,gradient,36,152,104.96282241278796,6.962822412787958
chained_cb3_1,gradient,37,157,104.81882132416914,6.818821324169136
chained_cb3_1,gradient,38,162,104.81764270923,6.81764270923
chained_cb3_1,gradient,39,167,104.55141981849003,6.551419818490032
chained_cb3_1,gradient,40,171,104.10333992370411,6.103339923704112
chained_cb3_1,gradient,41,176,104.07221513355375,6.072215133553755
chained_cb3_1,gradient,42,180,103.80553681878216,5.8055368187821585
chained_cb3_1,gradient,43,186,103.80125698751395,5.801256987513952
chained_cb3_1,gradient,44,189,103.773284455968,5.773284455967996
chained_cb3_1,gradient,45,192,103.5342503097728,5.534250309772801
chained_cb3_1,gradient,46,199,103.50393181239868,5.503931812398676
chained_cb3_1,gradient,47,208,103.50014045250533,5.500140452505335
chained_cb3_1,gradient,48,209,103.49292615405412,5.492926154054118
chained_cb3_1,gradient,49,211,103.47305917378804,5.4730591737880445
chained_cb3_1,gradient,50,214,103.30338401765702,5.303384017657024
chained_cb3_1,gradient,51,224,103.30213966841764,5.302139668417638
chained_cb3_1,gradient,52,228,103.30091693065607,5.300916930656072
chained_cb3_1,gradient,53,232,103.29975236305897,5.299752363058971
chained_cb3_1,gradient,54,234,103.29514200710989,5.295142007109888
chained_cb3_1,gradient,55,235,103.0443263221072,5.044326322107196
chained_cb3_1,gradient,56,241,102.96575722610203,4.965757226102028
chained_cb3_1,gradient,57,243,102.86860525527126,4.868605255271262
chained_cb3_1,gradient,58,248,102.70378034415623,4.703780344156229
chained_cb3_1,gradient,59,249,102.25985794745301,4.259857947453014
chained_cb3_1,gradient,60,260,102.25011360764078,4.250113607640785
chained_cb3_1,gradient,61,263,102.24351709997833,4.243517099978334
chained_cb3_1,gradient,62,266,102.24095621256157,4.240956212561571
chained_cb3_1,gradient,63,269,102.1953988825318,4.195398882531805
chained_cb3_1,gradient,64,273,101.68080577838728,3.680805778387281
chained_cb3_1,gradient,65,275,101.44162588038594,3.441625880385942
chained_cb3_1,gradient,66,278,100.73214319034368,2.7321431903436775
chained_cb3_1,gradient,67,281,100.29724668786704,2.2972466878670446
chained_cb3_1,gradient,68,284,100.17734054663644,2.1773405466364437
chained_cb3_1,gradient,69,287,99.9034952716701,1.9034952716700957
chained_cb3_1,gradient,70,290,99.50202510349999,1.5020251034999887
chained_cb3_1,gradient,71,293,99.24009812418834,1.2400981241883358
chained_cb3_1,gradient,72,296,99.11717434827509,1.1171743482750855
chained_cb3_1,gradient,73,300,98.99838180495564,0.9983818049556419
chained_cb3_1,gradient,74,304,98.97882498941881,0.9788249894188112
chained_cb3_1,gradient,75,309,98.94319059089548,0.9431905908954832
chained_cb3_1,gradient,76,312,98.85210034982745,0.8521003498274524
chained_cb3_1,gradient,77,316,98.78131591173312,0.7813159117331168
chained_cb3_1,gradient,78,320,98.75319891861648,0.7531989186164765
chained_cb3_1,gradient,79,323,98.63179377178199,0.6317937717819859
chained_cb3_1,gradient,80,328,98.59608275315153,0.5960827531515349
chained_cb3_1,gradient,81,331,98.54605088434967,0.5460508843496683
chained_cb3_1,gradient,82,335,98.49200182529394,0.49200182529394
chained_cb3_1,gradient,83,339,98.48458468596343,0.4845846859634264
chained_cb3_1,gradient,84,343,98.48081312357057,0.48081312357057016
chained_cb3_1,gradient,85,347,98.45003239776513,0.4500323977651277
chained_cb3_1,gradient,86,351,98.41488923238373,0.41488923238372877
chained_cb3_1,gradient,87,354,98.36454740465336,0.364547404653365
chained_cb3_1,gradient,88,359,98.34580098361715,0.3458009836171527
chained_cb3_1,gradient,89,362,98.31172752648146,0.3117275264814623
chained_cb3_1,gradient,90,366,98.3091875691945,0.3091875691945063
chained_cb3_1,gradient,91,371,98.28138010891345,0.2813801089134529
chained_cb3_1,gradient,92,374,98.27287797251475,0.272877972514749
chained_cb3_1,gradient,93,378,98.2619688690783,0.2619688690783022
chained_cb3_1,gradient,94,382,98.24686096094891,0.24686096094890786
chained_cb3_1,gradient,95,386,98.23478430778891,0.2347843077889138
chained_cb3_1,gradient,96,390,98.21305860188663,0.21305860188662962
chained_cb3_1,gradient,97,395,98.20287634760673,0.20287634760673257
chained_cb3_1,gradient,98,398,98.18553219046527,0.18553219046526692
chained_cb3_1,gradient,99,402,98.18082046155759,0.18082046155758746
chained_cb3_1,gradient,100,406,98.17405124312266,0.17405124312266196
chained_cb3_1,gradient,101,411,98.1621562750743,0.1621562750742953
chained_cb3_1,gradient,102,415,98.14880506406962,0.14880506406962013
chained_cb3_1,gradient,103,419,98.14050578091599,0.1405057809159871
chained_cb3_1,gradient,104,424,98.13781857141979,0.13781857141978548
chained_cb3_1,gradient,105,428,98.12916566594022,0.12916566594022072
chained_cb3_1,gradient,106,433,98.12485386317104,0.1248538631710403
chained_cb3_1,gradient,107,436,98.12432834188148,0.12432834188147979
chained_cb3_1,gradient,108,440,98.11676022215326,0.11676022215326043
chained_cb3_1,gradient,109,446,98.11228340415548,0.11228340415547677
chained_cb3_1,gradient,110,448,98.10743661591741,0.10743661591740761
chained_cb3_1,gradient,111,452,98.09586138816755,0.09586138816754897
chained_cb3_1,gradient,112,455,98.08646241100509,0.08646241100508689
chained_cb3_1,gradient,113,459,98.07210451312127,0.07210451312127475
chained_cb3_1,gradient,114,463,98.06504291718718,0.06504291718718491
chained_cb3_1,gradient,115,469,98.06205128247305,0.062051282473049696
chained_cb3_1,gradient,116,472,98.05942331039876,0.05942331039875626
chained_cb3_1,gradient,117,477,98.0562781240792,0.05627812407919919
chained_cb3_1,gradient,118,480,98.05047102936686,0.050471029366860876
chained_cb3_1,gradient,119,485,98.05020318807854,0.05020318807854096
chained_cb3_1,gradient,120,488,98.04839094223627,0.048390942236267165
chained_cb3_1,gradient,121,493,98.04374640330619,0.043746403306187176
chained_cb3_1,gradient,122,498,98.04372575760478,0.043725757604775595
chained_cb3_1,gradient,123,501,98.04342432237314,0.04342432237314142
chained_cb3_1,gradient,124,505,98.04328218910848,0.04328218910848136
chained_cb3_1,gradient,125,510,98.04078917581978,0.04078917581978203
chained_cb3_1,gradient,126,513,98.03462161919629,0.0346216191962867
chained_cb3_1,gradient,127,518,98.0326976217135,0.03269762171349555
chained_cb3_1,gradient,128,523,98.03102375972546,0.031023759725457012
chained_cb3_1,gradient,129,526,98.02958708414303,0.02958708414303146
chained_cb3_1,gradient,130,530,98.02884156152163,0.028841561521630865
chained_cb3_1,gradient,131,535,98.02643764696411,0.026437646964112105
chained_cb3_1,gradient,132,539,98.02570226080476,0.025702260804763455
chained_cb3_1,gradient,133,543,98.02524252338502,0.025242523385017535
chained_cb3_1,gradient,134,548,98.02276543679629,0.022765436796291283
chained_cb3_1,gradient,135,552,98.0223600302062,0.02236003020620103
chained_cb3_1,gradient,136,555,98.02193221402582,0.021932214025824237
chained_cb3_1,gradient,137,560,98.02122164208083,0.02122164208083177
chained_cb3_1,gradient,138,565,98.02062049513324,0.02062049513324382
chained_cb3_1,gradient,139,568,98.01887694150622,0.0188769415062211
chained_cb3_1,gradient,140,573,98.01700287756084,0.01700287756084151
chained_cb3_1,gradient,141,576,98.01651015707108,0.01651015707108172
chained_cb3_1,gradient,142,580,98.01473820450725,0.014738204507253272
chained_cb3_1,gradient,143,585,98.01399920904106,0.013999209041060112
chained_cb3_1,gradient,144,589,98.01346396470785,0.013463964707852938
chained_cb3_1,gradient,145,593,98.01271045347036,0.012710453470361927
chained_cb3_1,gradient,146,598,98.01182340080857,0.011823400808566475
chained_cb3_1,gradient,147,603,98.01148680661272,0.011486806612722944
chained_cb3_1,gradient,148,605,98.01068025481528,0.01068025481528423
chained_cb3_1,gradient,149,609,98.01049859767237,0.010498597672366827
chained_cb3_1,gradient,150,613,98.0100711594347,0.010071159434701826
chained_cb3_1,gradient,151,617,98.00910039636138,0.009100396361375829
chained_cb3_1,gradient,152,621,98.0084301168017,0.008430116801704912
chained_cb3_1,gradient,153,625,98.00741345397034,0.007413453970343653
chained_cb3_1,gradient,154,630,98.00694205204043,0.006942052040429303
chained_cb3_1,gradient,155,634,98.00623955436812,0.006239554368121958
chained_cb3_1,gradient,156,639,98.0058350008369,0.005835000836896143
chained_cb3_1,gradient,157,643,98.00534198835751,0.005341988357514538
chained_cb3_1,gradient,158,648,98.00516898109527,0.005168981095266645
chained_cb3_1,gradient,159,652,98.0047842641292,0.0047842641291993004
chained_cb3_1,gradient,160,658,98.00464448573818,0.00464448573818288
chained_cb3_1,gradient,161,660,98.00431904651683,0.004319046516826575
chained_cb3_1,gradient,162,665,98.00408810332954,0.004088103329536352
chained_cb3_1,gradient,163,668,98.00367883021232,0.0036788302123227368
chained_cb3_1,gradient,164,674,98.0034527461095,0.0034527461095024137
chained_cb3_1,gradient,165,677,98.00296086871901,0.0029608687190147975
chained_cb3_1,gradient,166,681,98.00284852690872,0.0028485269087212828
chained_cb3_1,gradient,167,685,98.00262524919395,0.0026252491939544598
chained_cb3_1,gradient,168,691,98.00252517562515,0.0025251756251520874
chained_cb3_1,gradient,169,694,98.00233817634165,0.0023381763416523427
chained_cb3_1,gradient,170,698,98.00204237619897,0.0020423761989718514
chained_cb3_1,gradient,171,703,98.00182325777409,0.0018232577740917577
chained_cb3_1,gradient,172,708,98.00167020661623,0.0016702066162253004
chained_cb3_1,gradient,173,711,98.0015349317022,0.0015349317021957631
chained_cb3_1,gradient,174,716,98.001400057447,0.0014000574470003357
chained_cb3_1,gradient,175,722,98.00137361325847,0.0013736132584654115
chained_cb3_1,gradient,176,725,98.00123438440727,0.0012343844072688626
chained_cb3_1,gradient,177,730,98.00110475057895,0.001104750578946323
chained_cb3_1,gradient,178,734,98.00102584835209,0.0010258483520857453
chained_cb3_1,gradient,179,739,98.00095626221086,0.0009562622108632013
chained_cb3_1,gradient,180,742,98.00090470923078,0.000904709230781009
chained_cb3_1,gradient,181,748,98.00086566134922,0.000865661349223501
chained_cb3_1,gradient,182,752,98.00086186325038,0.0008618632503782919
chained_cb3_1,gradient,183,756,98.00082875029932,0.0008287502993198359
chained_cb3_1,gradient,184,761,98.00077586371955,0.0007758637195536267
chained_cb3_1,gradient,185,765,98.00070218778191,0.0007021877819113342
chained_cb3_1,gradient,185,765,98.00070218778191,0.0007021877819113342
chained_cb3_1,cutting_plane,1,7,499.71561219786133,401.71561219786133
chained_cb3_1,cutting_plane,2,11,474.39420599437085,376.39420599437085
chained_cb3_1,cutting_plane,3,14,380.78306854448863,282.78306854448863
chained_cb3_1,cutting_plane,4,21,335.5288068457904,237.52880684579043
chained_cb3_1,cutting_plane,5,25,258.432962422942,160.432962422942
chained_cb3_1,cutting_plane,6,33,240.83905021984503,142.83905021984503
chained_cb3_1,cutting_plane,7,35,230.3655044121702,132.3655044121702
chained_cb3_1,cutting_plane,8,40,169.54076060357409,71.54076060357409
chained_cb3_1,cutting_plane,9,45,154.25118272378288,56.251182723782875
chained_cb3_1,cutting_plane,10,48,149.27806364931016,51.278063649310155
chained_cb3_1,cutting_plane,11,53,147.46997954680378,49.469979546803785
chained_cb3_1,cutting_plane,12,62,147.44246582358446,49.442465823584456
chained_cb3_1,cutting_plane,13,64,125.84798095074738,27.847980950747385
chained_cb3_1,cutting_plane,14,70,122.07333371973013,24.07333371973013
chained_cb3_1,cutting_plane,15,76,121.03221046253263,23.032210462532632
chained_cb3_1,cutting_plane,16,81,119.40742128351455,21.40742128351455
chained_cb3_1,cutting_plane,17,85,118.94958778804323,20.94958778804323
chained_cb3_1,cutting_plane,18,94,118.68529100394909,20.68529100394909
chained_cb3_1,cutting_plane,19,96,112.66413302265606,14.66413302265606
chained_cb3_1,cutting_plane,20,103,111.07235026620579,13.072350266205788
chained_cb3_1,cutting_plane,21,109,109.6426925844127,11.6426925844127
chained_cb3_1,cutting_plane,22,114,109.11714410384477,11.117144103844765
chained_cb3_1,cutting_plane,23,121,108.8883973947541,10.888397394754094
chained_cb3_1,cutting_plane,24,126,108.75428504664919,10.754285046649187
chained_cb3_1,cutting_plane,25,130,108.07222166128571,10.07222166128571
chained_cb3_1,cutting_plane,26,135,107.1910999124182,9.191099912418196
chained_cb3_1,cutting_plane,27,142,107.09047005749136,9.090470057491359
chained_cb3_1,cutting_plane,28,146,106.35333562425086,8.35333562425086
chained_cb3_1,cutting_plane,29,151,106.09937367983159,8.099373679831587
chained_cb3_1,cutting_plane,30,158,106.03644438208171,8.036444382081712
chained_cb3_1,cutting_plane,31,163,105.81145732769852,7.81145732769852
chained_cb3_1,cutting_plane,32,166,105.26749159241564,7.267491592415638
chained_cb3_1,cutting_plane,33,176,105.24813150279218,7.248131502792177
chained_cb3_1,cutting_plane,34,178,105.15394422250003,7.15394422250003
chained_cb3_1,cutting_plane,35,183,105.04906228047267,7.049062280472668
chained_cb3_1,cutting_plane,36,188,104.96282241278796,6.962822412787958
chained_cb3_1,cutting_plane,37,194,104.81882132416914,6.818821324169136
chained_cb3_1,cutting_plane,38,200,104.81764270923,6.81764270923
chained_cb3_1,cutting_plane,39,206,104.55141981849003,6.551419818490032
chained_cb3_1,cutting_plane,40,211,104.10333992370411,6.103339923704112
chained_cb3_1,cutting_plane,41,217,104.07221513355375,6.072215133553755
chained_cb3_1,cutting_plane,42,222,103.80553681878216,5.8055368187821585
chained_cb3_1,cutting_plane,43,229,103.80125698751395,5.801256987513952
chained_cb3_1,cutting_plane,44,233,103.773284455968,5.773284455967996
chained_cb3_1,cutting_plane,45,237,103.5342503097728,5.534250309772801
chained_cb3_1,cutting_plane,46,245,103.50393181239868,5.503931812398676
chained_cb3_1,cutting_plane,47,257,103.50014045250533,5.500140452505335
chained_cb3_1,cutting_plane,48,259,103.49292615405412,5.492926154054118
chained_cb3_1,cutting_plane,49,262,103.47305917378804,5.4730591737880445
chained_cb3_1,cutting_plane,50,266,103.30338401765702,5.303384017657024
chained_cb3_1,cutting_plane,51,279,103.30213966841764,5.302139668417638
chained_cb3_1,cutting_plane,52,286,103.30091698295905,5.300916982959052
chained_cb3_1,cutting_plane,53,293,103.29975294877957,5.29975294877957
chained_cb3_1,cutting_plane,54,296,103.295142352765,5.295142352764998
chained_cb3_1,cutting_plane,55,298,103.04436606445118,5.044366064451182
chained_cb3_1,cutting_plane,56,305,102.96577876025088,4.965778760250885
chained_cb3_1,cutting_plane,57,308,102.86863853264965,4.868638532649655
chained_cb3_1,cutting_plane,58,314,102.70377333957497,4.7037733395749655
chained_cb3_1,cutting_plane,59,316,102.2598650523184,4.259865052318403
chained_cb3_1,cutting_plane,60,328,102.25012140037894,4.250121400378944
chained_cb3_1,cutting_plane,61,332,102.24352505265276,4.243525052652757
chained_cb3_1,cutting_plane,62,336,102.2409869968437,4.240986996843702
chained_cb3_1,cutting_plane,63,340,102.19540317040668,4.195403170406678
chained_cb3_1,cutting_plane,64,345,101.68078939231211,3.680789392312107
chained_cb3_1,cutting_plane,65,348,101.44160786469706,3.441607864697062
chained_cb3_1,cutting_plane,66,352,100.73212985110382,2.732129851103821
chained_cb3_1,cutting_plane,67,356,100.29730296803508,2.2973029680350834
chained_cb3_1,cutting_plane,68,360,100.17728348562477,2.17728348562477
chained_cb3_1,cutting_plane,69,364,99.90341914254716,1.9034191425471647
chained_cb3_1,cutting_plane,70,368,99.50192825462238,1.5019282546223849
chained_cb3_1,cutting_plane,71,372,99.24019019164287,1.240190191642867
chained_cb3_1,cutting_plane,72,376,99.11724998921866,1.1172499892186636
chained_cb3_1,cutting_plane,73,381,98.99838701041675,0.9983870104167494
chained_cb3_1,cutting_plane,74,386,98.97880824738047,0.9788082473804707
chained_cb3_1,cutting_plane,75,392,98.94317201268406,0.9431720126840588
chained_cb3_1,cutting_plane,76,396,98.85198431036156,0.8519843103615585
chained_cb3_1,cutting_plane,77,401,98.78123141884232,0.7812314188423244
chained_cb3_1,cutting_plane,78,406,98.75319844846486,0.7531984484648575
chained_cb3_1,cutting_plane,79,410,98.63176599088719,0.6317659908871889
chained_cb3_1,cutting_plane,80,416,98.5959847258641,0.5959847258640991
chained_cb3_1,cutting_plane,81,420,98.54605300995426,0.5460530099542638
chained_cb3_1,cutting_plane,82,425,98.4920519417255,0.4920519417255065
chained_cb3_1,cutting_plane,83,430,98.48472044397286,0.4847204439728614
chained_cb3_1,cutting_plane,84,435,98.4809502189957,0.48095021899570156
chained_cb3_1,cutting_plane,85,440,98.45009843460001,0.4500984346000081
chained_cb3_1,cutting_plane,86,445,98.41492943078887,0.4149294307888738
chained_cb3_1,cutting_plane,87,449,98.36453065327055,0.364530653270549
chained_cb3_1,cutting_plane,88,455,98.34573014531657,0.34573014531656554
chained_cb3_1,cutting_plane,89,459,98.31159773433093,0.3115977343309311
chained_cb3_1,cutting_plane,90,464,98.30910708917467,0.3091070891746739
chained_cb3_1,cutting_plane,91,470,98.28134136003892,0.2813413600389225
chained_cb3_1,cutting_plane,92,474,98.27292326919067,0.2729232691906702
chained_cb3_1,cutting_plane,93,479,98.26189013153758,0.26189013153758367
chained_cb3_1,cutting_plane,94,484,98.246763132934,0.24676313293400653
chained_cb3_1,cutting_plane,95,489,98.23469366080967,0.23469366080966836
chained_cb3_1,cutting_plane,96,494,98.21318137803526,0.21318137803525872
chained_cb3_1,cutting_plane,97,500,98.20302059837564,0.20302059837564457
chained_cb3_1,cutting_plane,98,504,98.18561051109727,0.18561051109726634
chained_cb3_1,cutting_plane,99,509,98.18083973086821,0.1808397308682146
chained_cb3_1,cutting_plane,100,514,98.17408674741446,0.17408674741446362
chained_cb3_1,cutting_plane,101,520,98.16223177904712,0.1622317790471186
chained_cb3_1,cutting_plane,102,525,98.14891866201155,0.14891866201155324
chained_cb3_1,cutting_plane,103,530,98.14053486762842,0.14053486762841771
chained_cb3_1,cutting_plane,104,536,98.13782403157879,0.13782403157878775
chained_cb3_1,cutting_plane,105,541,98.12917457801748,0.12917457801748355
chained_cb3_1,cutting_plane,106,547,98.12480587502336,0.12480587502335538
chained_cb3_1,cutting_plane,107,551,98.12419438437607,0.124194384376068
chained_cb3_1,cutting_plane,108,556,98.11964391133117,0.11964391133116692
chained_cb3_1,cutting_plane,109,562,98.11184717061494,0.11184717061493643
chained_cb3_1,cutting_plane,110,567,98.10854508597157,0.10854508597157064
chained_cb3_1,cutting_plane,111,572,98.09124589529917,0.09124589529916705
chained_cb3_1,cutting_plane,112,577,98.08919552321004,0.08919552321003721
chained_cb3_1,cutting_plane,113,582,98.08150382871364,0.08150382871363604
chained_cb3_1,cutting_plane,114,587,98.07724901623565,0.07724901623565472
chained_cb3_1,cutting_plane,115,592,98.06833489110626,0.0683348911062609
chained_cb3_1,cutting_plane,116,598,98.0640805871203,0.0640805871203014
chained_cb3_1,cutting_plane,117,603,98.06031967560011,0.06031967560011253
chained_cb3_1,cutting_plane,118,609,98.05743575819598,0.05743575819597879
chained_cb3_1,cutting_plane,119,614,98.05660913816192,0.05660913816191737
chained_cb3_1,cutting_plane,120,618,98.04940924550331,0.049409245503312604
chained_cb3_1,cutting_plane,121,623,98.048180421283,0.048180421283007036
chained_cb3_1,cutting_plane,122,627,98.0391131116569,0.03911311165690279
chained_cb3_1,cutting_plane,123,632,98.03634165703326,0.036341657033261754
chained_cb3_1,cutting_plane,124,637,98.03564508392434,0.03564508392433652
chained_cb3_1,cutting_plane,125,643,98.03385149054323,0.03385149054322767
chained_cb3_1,cutting_plane,126,648,98.03340014471871,0.033400144718712
chained_cb3_1,cutting_plane,127,653,98.03177991898458,0.03177991898458288
chained_cb3_1,cutting_plane,128,659,98.0301511183414,0.030151118341393612
chained_cb3_1,cutting_plane,129,663,98.0277604705978,0.02776047059779785
chained_cb3_1,cutting_plane,130,669,98.02591706391603,0.025917063916025995
chained_cb3_1,cutting_plane,131,674,98.02384091487593,0.023840914875933095
chained_cb3_1,cutting_plane,132,680,98.02273621030974,0.02273621030974482
chained_cb3_1,cutting_plane,133,684,98.02234112113749,0.022341121137486653
chained_cb3_1,cutting_plane,134,690,98.02141853453003,0.021418534530027955
chained_cb3_1,cutting_plane,135,696,98.01970112236434,0.01970112236433863
chained_cb3_1,cutting_plane,136,701,98.01860199913986,0.018601999139860936
chained_cb3_1,cutting_plane,137,705,98.01758840789478,0.017588407894777447
chained_cb3_1,cutting_plane,138,710,98.01668668340535,0.01668668340535362
chained_cb3_1,cutting_plane,139,716,98.01645951796036,0.016459517960356607
chained_cb3_1,cutting_plane,140,721,98.01571465067175,0.015714650671753816
chained_cb3_1,cutting_plane,141,726,98.01532414587878,0.01532414587877895
chained_cb3_1,cutting_plane,142,731,98.01516863020872,0.015168630208719946
chained_cb3_1,cutting_plane,143,736,98.01335718198752,0.013357181987515787
chained_cb3_1,cutting_plane,144,742,98.01236079407246,0.012360794072463932
chained_cb3_1,cutting_plane,145,748,98.01210873516601,0.01210873516600941
chained_cb3_1,cutting_plane,146,753,98.01155728660393,0.011557286603931516
chained_cb3_1,cutting_plane,147,757,98.01146222312207,0.011462223122066462
chained_cb3_1,cutting_plane,148,762,98.01029315540254,0.010293155402536058
chained_cb3_1,cutting_plane,149,769,98.00967908240764,0.009679082407643591
chained_cb3_1,cutting_plane,150,773,98.00888312207047,0.008883122070471927
chained_cb3_1,cutting_plane,151,779,98.00876319825365,0.008763198253646465
chained_cb3_1,cutting_plane,152,784,98.00859354237048,0.008593542370476825
chained_cb3_1,cutting_plane,153,789,98.00836802573986,0.008368025739855511
chained_cb3_1,cutting_plane,154,794,98.00779636303135,0.007796363031346232
chained_cb3_1,cutting_plane,155,800,98.00757707642646,0.007577076426457552
chained_cb3_1,cutting_plane,156,804,98.00715543229407,0.007155432294069897
chained_cb3_1,cutting_plane,157,810,98.00673722864875,0.006737228648745486
chained_cb3_1,cutting_plane,158,813,98.00640399680961,0.00640399680960968
chained_cb3_1,cutting_plane,159,818,98.00594564358755,0.0059456435875517855
chained_cb3_1,cutting_plane,160,823,98.00557252336793,0.005572523367931126
chained_cb3_1,cutting_plane,161,828,98.00452323915435,0.004523239154352154
chained_cb3_1,cutting_plane,162,834,98.00402374765561,0.004023747655608645
chained_cb3_1,cutting_plane,163,839,98.003748112526,0.0037481125259972714
chained_cb3_1,cutting_plane,164,844,98.00359387484318,0.0035938748431760814
chained_cb3_1,cutting_plane,165,850,98.00333639314755,0.003336393147549188
chained_cb3_1,cutting_plane,166,855,98.00308673927324,0.003086739273243211
chained_cb3_1,cutting_plane,167,860,98.00276873412095,0.0027687341209485794
chained_cb3_1,cutting_plane,168,866,98.0026177743861,0.0026177743860955616
chained_cb3_1,cutting_plane,169,871,98.00252307498923,0.002523074989227325
chained_cb3_1,cutting_plane,170,877,98.00240166000638,0.0024016600063845317
chained_cb3_1,cutting_plane,171,881,98.00220204053392,0.0022020405339162608
chained_cb3_1,cutting_plane,172,887,98.00217377383841,0.0021737738384075556
chained_cb3_1,cutting_plane,173,892,98.0020898781976,0.0020898781975944303
chained_cb3_1,cutting_plane,174,898,98.00195322743247,0.001953227432466065
chained_cb3_1,cutting_plane,175,903,98.0017837964708,0.0017837964708036225
chained_cb3_1,cutting_plane,176,908,98.00161321670262,0.0016132167026228217
chained_cb3_1,cutting_plane,177,914,98.00156914189384,0.0015691418938388324
chained_cb3_1,cutting_plane,178,918,98.00137566861162,0.0013756686116153105
chained_cb3_1,cutting_plane,179,925,98.0012562245135,0.0012562245134972727
chained_cb3_1,cutting_plane,180,930,98.00116884389362,0.0011688438936232615
chained_cb3_1,cutting_plane,181,935,98.00102922248125,0.0010292224812502582
chained_cb3_1,cutting_plane,182,941,98.00102184813915,0.0010218481391461864
chained_cb3_1,cutting_plane,183,945,98.00087436020908,0.0008743602090817149
chained_cb3_1,cutting_plane,184,950,98.00085069278069,0.0008506927806877229
chained_cb3_1,cutting_plane,185,956,98.00075521841784,0.0007552184178365451
chained_cb3_1,cutting_plane,186,962,98.00067046690285,0.000670466902846556
chained_cb3_1,cutting_plane,187,967,98.00059607262568,0.000596072625683064
chained_cb3_1,cutting_plane,188,972,98.00059044423043,0.0005904442304256463
chained_cb3_1,cutting_plane,189,977,98.0005569825764,0.0005569825763984682
chained_cb3_1,cutting_plane,189,978,98.0005569825764,0.0005569825763984682
chained_cb3_1,gradient_combination,1,7,499.71561219786133,401.71561219786133
chained_cb3_1,gradient_combination,2,11,474.39420599437085,376.39420599437085
chained_cb3_1,gradient_combination,3,14,380.78306854448863,282.78306854448863
chained_cb3_1,gradient_combination,4,21,335.5288068457904,237.52880684579043
chained_cb3_1,gradient_combination,5,25,258.432962422942,160.432962422942
chained_cb3_1,gradient_combination,6,33,240.83905021984503,142.83905021984503
chained_cb3_1,gradient_combination,7,35,230.3655044121702,132.3655044121702
chained_cb3_1,gradient_combination,8,40,169.54076060357409,71.54076060357409
chained_cb3_1,gradient_combination,9,45,154.25118272378288,56.251182723782875
chained_cb3_1,gradient_combination,10,48,149.27806364931016,51.278063649310155
chained_cb3_1,gradient_combination,11,53,147.46997954680378,49.469979546803785
chained_cb3_1,gradient_combination,12,62,147.44246582358446,49.442465823584456
chained_cb3_1,gradient_combination,13,64,125.84798095074738,27.847980950747385
chained_cb3_1,gradient_combination,14,70,122.07333371973013,24.07333371973013
chained_cb3_1,gradient_combination,15,76,121.03221046253263,23.032210462532632
chained_cb3_1,gradient_combination,16,81,119.40742128351455,21.40742128351455
chained_cb3_1,gradient_combination,17,85,118.94958778804323,20.94958778804323
chained_cb3_1,gradient_combination,18,94,118.68529100394909,20.68529100394909
chained_cb3_1,gradient_combination,19,96,112.66413302265606,14.66413302265606
chained_cb3_1,gradient_combination,20,103,111.07235026620579,13.072350266205788
chained_cb3_1,gradient_combination,21,109,109.6426925844127,11.6426925844127
chained_cb3_1,gradient_combination,22,114,109.11714410384477,11.117144103844765
chained_cb3_1,gradient_combination,23,121,108.8883973947541,10.888397394754094
chained_cb3_1,gradient_combination,24,126,108.75428504664919,10.754285046649187
chained_cb3_1,gradient_combination,25,130,108.07222166128571,10.07222166128571
chained_cb3_1,gradient_combination,26,135,107.1910999124182,9.191099912418196
chained_cb3_1,gradient_combination,27,142,107.09047005749136,9.090470057491359
chained_cb3_1,gradient_combination,28,146,106.35333562425086,8.35333562425086
chained_cb3_1,gradient_combination,29,151,106.09937367983159,8.099373679831587
chained_cb3_1,gradient_combination,30,158,106.03644438208171,8.036444382081712
chained_cb3_1,gradient_combination,31,163,105.81145732769852,7.81145732769852
chained_cb3_1,gradient_combination,32,166,105.26749159241564,7.267491592415638
chained_cb3_1,gradient_combination,33,176,105.24813150279218,7.248131502792177
chained_cb3_1,gradient_combination,34,178,105.15394422250003,7.15394422250003
chained_cb3_1,gradient_combination,35,183,105.04906228047267,7.049062280472668
chained_cb3_1,gradient_combination,36,188,104.96282241278796,6.962822412787958
chained_cb3_1,gradient_combination,37,194,104.81882132416914,6.818821324169136
chained_cb3_1,gradient_combination,38,200,104.81764270923,6.81764270923
chained_cb3_1,gradient_combination,39,206,104.55141981849003,6.551419818490032
chained_cb3_1,gradient_combination,40,211,104.10333992370411,6.103339923704112
chained_cb3_1,gradient_combination,41,217,104.07221513355375,6.072215133553755
chained_cb3_1,gradient_combination,42,222,103.80553681878216,5.8055368187821585
chained_cb3_1,gradient_combination,43,229,103.80125698751395,5.801256987513952
chained_cb3_1,gradient_combination,44,233,103.773284455968,5.773284455967996
chained_cb3_1,gradient_combination,45,237,103.5342503097728,5.534250309772801
chained_cb3_1,gradient_combination,46,245,103.50393181239868,5.503931812398676
chained_cb3_1,gradient_combination,47,266,103.50344957911904,5.503449579119035
chained_cb3_1,gradient_combination,48,280,103.49602580192342,5.496025801923423
chained_cb3_1,gradient_combination,49,285,103.40398352250732,5.403983522507318
chained_cb3_1,gradient_combination,50,290,103.36996992196806,5.369969921968064
chained_cb3_1,gradient_combination,51,305,103.34580011466278,5.345800114662779
chained_cb3_1,gradient_combination,52,313,103.33727451207032,5.337274512070323
chained_cb3_1,gradient_combination,53,318,103.31030716979319,5.310307169793191
chained_cb3_1,gradient_combination,54,323,103.30872531988933,5.308725319889334
chained_cb3_1,gradient_combination,55,326,103.28939261225128,5.289392612251277
chained_cb3_1,gradient_combination,56,332,102.99781108568725,4.997811085687246
chained_cb3_1,gradient_combination,57,338,102.9268809236143,4.926880923614306
chained_cb3_1,gradient_combination,58,343,102.83227450990717,4.832274509907165
chained_cb3_1,gradient_combination,59,348,102.8052885609309,4.805288560930904
chained_cb3_1,gradient_combination,60,353,102.67463124319474,4.674631243194739
chained_cb3_1,gradient_combination,61,357,102.50056453416637,4.500564534166372
chained_cb3_1,gradient_combination,62,365,102.49534042633273,4.4953404263327315
chained_cb3_1,gradient_combination,63,367,102.0322583124148,4.032258312414797
chained_cb3_1,gradient_combination,64,374,101.35509451296113,3.3550945129611307
chained_cb3_1,gradient_combination,65,376,100.79870267473069,2.7987026747306913
chained_cb3_1,gradient_combination,66,381,100.59315226820634,2.593152268206339
chained_cb3_1,gradient_combination,67,385,100.54823301359461,2.5482330135946114
chained_cb3_1,gradient_combination,68,389,100.52613291749284,2.526132917492845
chained_cb3_1,gradient_combination,69,393,100.42496000983445,2.42496000983445
chained_cb3_1,gradient_combination,70,397,99.82258083056168,1.8225808305616766
chained_cb3_1,gradient_combination,71,402,99.599096871249,1.599096871249003
chained_cb3_1,gradient_combination,72,407,99.4665752129847,1.4665752129846936
chained_cb3_1,gradient_combination,73,411,99.38315344410748,1.383153444107478
chained_cb3_1,gradient_combination,74,416,99.20547728863568,1.2054772886356773
chained_cb3_1,gradient_combination,75,421,99.15068080368664,1.1506808036866403
chained_cb3_1,gradient_combination,76,427,99.09334413206147,1.0933441320614747
chained_cb3_1,gradient_combination,77,431,99.05220329972619,1.0522032997261874
chained_cb3_1,gradient_combination,78,436,98.9331295699349,0.9331295699349056
chained_cb3_1,gradient_combination,79,441,98.82256497094662,0.8225649709466154
chained_cb3_1,gradient_combination,80,446,98.69890040510558,0.6989004051055758
chained_cb3_1,gradient_combination,81,452,98.65734606580392,0.657346065803921
chained_cb3_1,gradient_combination,82,457,98.62034245431352,0.6203424543135156
chained_cb3_1,gradient_combination,83,461,98.51640996743072,0.5164099674307181
chained_cb3_1,gradient_combination,84,466,98.48678551319504,0.4867855131950449
chained_cb3_1,gradient_combination,85,471,98.4442216396996,0.44422163969960593
chained_cb3_1,gradient_combination,86,475,98.38426061730948,0.38426061730947936
chained_cb3_1,gradient_combination,87,480,98.35040957771793,0.3504095777179259
chained_cb3_1,gradient_combination,88,485,98.31735886664254,0.317358866642536
chained_cb3_1,gradient_combination,89,491,98.31192402548012,0.3119240254801241
chained_cb3_1,gradient_combination,90,495,98.29187178755711,0.2918717875571133
chained_cb3_1,gradient_combination,91,501,98.27991127165679,0.2799112716567862
chained_cb3_1,gradient_combination,92,505,98.2787133249757,0.2787133249756977
chained_cb3_1,gradient_combination,93,509,98.23932581432038,0.23932581432038091
chained_cb3_1,gradient_combination,94,515,98.23852601718843,0.23852601718843403
chained_cb3_1,gradient_combination,95,519,98.21052235711552,0.21052235711552214
chained_cb3_1,gradient_combination,96,523,98.19297025671162,0.19297025671161805
chained_cb3_1,gradient_combination,97,528,98.1650370961326,0.16503709613259332
chained_cb3_1,gradient_combination,98,535,98.16324252641687,0.16324252641686599
chained_cb3_1,gradient_combination,99,539,98.14990243331806,0.1499024333180614
chained_cb3_1,gradient_combination,100,544,98.14377523689147,0.14377523689147154
chained_cb3_1,gradient_combination,101,550,98.140179632423,0.14017963242299913
chained_cb3_1,gradient_combination,102,555,98.13421951742771,0.13421951742770943
chained_cb3_1,gradient_combination,103,561,98.12645448603732,0.1264544860373178
chained_cb3_1,gradient_combination,104,565,98.11687579531008,0.11687579531007941
chained_cb3_1,gradient_combination,105,572,98.11506584101022,0.11506584101022099
chained_cb3_1,gradient_combination,106,577,98.11035326143485,0.11035326143485236
chained_cb3_1,gradient_combination,107,581,98.10595073367418,0.1059507336741774
chained_cb3_1,gradient_combination,108,588,98.10404029668376,0.10404029668376324
chained_cb3_1,gradient_combination,109,593,98.10317930639883,0.10317930639882888
chained_cb3_1,gradient_combination,110,598,98.09879541877946,0.09879541877945996
chained_cb3_1,gradient_combination,111,604,98.09601816389929,0.09601816389928786
chained_cb3_1,gradient_combination,112,607,98.09176467651479,0.09176467651478504
chained_cb3_1,gradient_combination,113,612,98.09000106372902,0.09000106372901939
chained_cb3_1,gradient_combination,114,616,98.08312111276368,0.08312111276367773
chained_cb3_1,gradient_combination,115,621,98.08082898479368,0.08082898479368339
chained_cb3_1,gradient_combination,116,626,98.07892318444244,0.07892318444244495
chained_cb3_1,gradient_combination,117,631,98.07450312568656,0.07450312568656159
chained_cb3_1,gradient_combination,118,637,98.072193041524,0.07219304152400241
chained_cb3_1,gradient_combination,119,641,98.0706790661983,0.070679066198295
chained_cb3_1,gradient_combination,120,646,98.0646449074735,0.06464490747349316
chained_cb3_1,gradient_combination,121,651,98.05703957891606,0.05703957891606137
chained_cb3_1,gradient_combination,122,657,98.05245695322961,0.052456953229608416
chained_cb3_1,gradient_combination,123,662,98.05076237458593,0.05076237458592914
chained_cb3_1,gradient_combination,124,669,98.04800323354326,0.04800323354325542
chained_cb3_1,gradient_combination,125,672,98.04519180713116,0.045191807131161
chained_cb3_1,gradient_combination,126,678,98.041703776222,0.041703776221993394
chained_cb3_1,gradient_combination,127,683,98.04001723514583,0.040017235145825225
chained_cb3_1,gradient_combination,128,688,98.03883045464364,0.03883045464364443
chained_cb3_1,gradient_combination,129,693,98.03715585672012,0.03715585672011912
chained_cb3_1,gradient_combination,130,699,98.03513184212555,0.035131842125551316
chained_cb3_1,gradient_combination,131,704,98.03331121943364,0.033311219433642236
chained_cb3_1,gradient_combination,132,709,98.02867027721074,0.028670277210736117
chained_cb3_1,gradient_combination,133,715,98.02649639254304,0.026496392543037928
chained_cb3_1,gradient_combination,134,720,98.02598782921716,0.02598782921715781
chained_cb3_1,gradient_combination,135,725,98.02570726272467,0.025707262724665725
chained_cb3_1,gradient_combination,136,729,98.02197699413342,0.02197699413342491
chained_cb3_1,gradient_combination,137,734,98.02168014231722,0.021680142317222817
chained_cb3_1,gradient_combination,138,739,98.0189408679484,0.018940867948401774
chained_cb3_1,gradient_combination,139,745,98.01797310031245,0.017973100312445922
chained_cb3_1,gradient_combination,140,750,98.01616562641857,0.016165626418569445
chained_cb3_1,gradient_combination,141,756,98.01402690570546,0.014026905705463832
chained_cb3_1,gradient_combination,142,761,98.01276259786012,0.012762597860117353
chained_cb3_1,gradient_combination,143,767,98.01196985243602,0.011969852436024553
chained_cb3_1,gradient_combination,144,772,98.01075629692929,0.010756296929287146
chained_cb3_1,gradient_combination,145,778,98.01001636128734,0.010016361287341624
chained_cb3_1,gradient_combination,146,782,98.00869560810729,0.008695608107288422
chained_cb3_1,gradient_combination,147,787,98.00845545296463,0.008455452964625465
chained_cb3_1,gradient_combination,148,793,98.00769827001784,0.007698270017840514
chained_cb3_1,gradient_combination,149,799,98.00678913838361,0.0067891383836098385
chained_cb3_1,gradient_combination,150,805,98.00643416862005,0.006434168620046421
chained_cb3_1,gradient_combination,151,810,98.00603696890173,0.006036968901725004
chained_cb3_1,gradient_combination,152,815,98.00579842996945,0.005798429969445351
chained_cb3_1,gradient_combination,153,820,98.00554657760404,0.005546577604036429
chained_cb3_1,gradient_combination,154,826,98.00540996125837,0.00540996125836557
chained_cb3_1,gradient_combination,155,830,98.00535144023078,0.0053514402307826
chained_cb3_1,gradient_combination,156,835,98.00521678072485,0.005216780724850878
chained_cb3_1,gradient_combination,157,842,98.0051171091605,0.005117109160494238
chained_cb3_1,gradient_combination,158,848,98.00441526605339,0.0044152660533853805
chained_cb3_1,gradient_combination,159,853,98.00374640587344,0.003746405873442882
chained_cb3_1,gradient_combination,160,860,98.00359008493356,0.0035900849335632756
chained_cb3_1,gradient_combination,161,865,98.00332527731324,0.003325277313237507
chained_cb3_1,gradient_combination,162,870,98.00321469565398,0.0032146956539804705
chained_cb3_1,gradient_combination,163,874,98.00282447539124,0.002824475391236092
chained_cb3_1,gradient_combination,164,881,98.00245678041881,0.002456780418810922
chained_cb3_1,gradient_combination,165,888,98.00237674777816,0.002376747778157551
chained_cb3_1,gradient_combination,166,890,98.00228261645998,0.002282616459979181
chained_cb3_1,gradient_combination,167,896,98.00187771834354,0.0018777183435361167
chained_cb3_1,gradient_combination,168,903,98.00184959736636,0.0018495973663590348
chained_cb3_1,gradient_combination,169,908,98.00182285989197,0.001822859891973394
chained_cb3_1,gradient_combination,170,914,98.00166168775712,0.0016616877571209443
chained_cb3_1,gradient_combination,171,920,98.00161133005403,0.0016113300540325781
chained_cb3_1,gradient_combination,172,924,98.00149534030405,0.0014953403040465219
chained_cb3_1,gradient_combination,173,929,98.00146935830199,0.001469358301989132
chained_cb3_1,gradient_combination,174,935,98.0013977210272,0.001397721027203147
chained_cb3_1,gradient_combination,175,940,98.00124182105074,0.0012418210507405547
chained_cb3_1,gradient_combination,176,946,98.0011317113798,0.0011317113797986167
chained_cb3_1,gradient_combination,177,952,98.00104209613838,0.0010420961383772465
chained_cb3_1,gradient_combination,178,957,98.00094544468351,0.0009454446835093222
chained_cb3_1,gradient_combination,179,962,98.00092246892157,0.0009224689215727722
chained_cb3_1,gradient_combination,180,967,98.00088909217564,0.0008890921756403714
chained_cb3_1,gradient_combination,181,975,98.00087402438278,0.000874024382781613
chained_cb3_1,gradient_combination,182,979,98.00080587235229,0.0008058723522879063
chained_cb3_1,gradient_combination,183,985,98.00077874787044,0.0007787478704415207
chained_cb3_1,gradient_combination,184,989,98.00071366975162,0.0007136697516187951
chained_cb3_1,gradient_combination,185,996,98.00068167218862,0.0006816721886195864
chained_cb3_1,gradient_combination,186,999,98.00060791376251,0.0006079137625079056
chained_cb3_1,gradient_combination,187,1005,98.00059814400007,0.0005981440000653038
chained_cb3_1,gradient_combination,188,1011,98.00055955359247,0.0005595535924669548
chained_cb3_1,gradient_combination,189,1017,98.00053880697826,0.0005388069782554794
chained_cb3_1,gradient_combination,190,1022,98.00050398867917,0.0005039886791706749
chained_cb3_1,gradient_combination,190,1023,98.00050398867917,0.0005039886791706749
chained_cb3_2,gradient,1,6,490.0625,392.0625
chained_cb3_2,gradient,2,7,316.85182437351085,218.85182437351085
chained_cb3_2,gradient,3,9,182.66981886391903,84.66981886391903
chained_cb3_2,gradient,4,10,181.1476261805893,83.1476261805893
chained_cb3_2,gradient,5,11,129.687236173976,31.687236173976004
chained_cb3_2,gradient,6,15,101.67722384810695,3.677223848106948
chained_cb3_2,gradient,7,18,100.14940287156111,2.149402871561108
chained_cb3_2,gradient,8,19,99.21539710782876,1.215397107828764
chained_cb3_2,gradient,9,21,98.64327151270174,0.6432715127017445
chained_cb3_2,gradient,10,24,98.49852199929097,0.49852199929097196
chained_cb3_2,gradient,11,26,98.31767108828905,0.3176710882890461
chained_cb3_2,gradient,12,28,98.1711406031468,0.1711406031467959
chained_cb3_2,gradient,13,30,98.11093813659046,0.11093813659046248
chained_cb3_2,gradient,14,31,98.04866553262656,0.048665532626557706
chained_cb3_2,gradient,15,35,98.03413142228754,0.034131422287543955
chained_cb3_2,gradient,16,38,98.02848260068362,0.028482600683616965
chained_cb3_2,gradient,17,39,98.01348518772743,0.013485187727425796
chained_cb3_2,gradient,18,43,98.00676038970954,0.006760389709540959
chained_cb3_2,gradient,19,47,98.00563902245136,0.005639022451362052
chained_cb3_2,gradient,20,48,98.00380269821679,0.003802698216787803
chained_cb3_2,gradient,21,50,98.00263122817503,0.002631228175033584
chained_cb3_2,gradient,22,52,98.00205821161664,0.0020582116166423248
chained_cb3_2,gradient,23,54,98.00193060894398,0.0019306089439794505
chained_cb3_2,gradient,24,55,98.00176447911308,0.0017644791130777548
chained_cb3_2,gradient,25,57,98.00050766859526,0.0005076685952616344
chained_cb3_2,gradient,26,61,98.00044345060543,0.0004434506054309395
chained_cb3_2,gradient,27,62,98.00024126547862,0.00024126547862124426
chained_cb3_2,gradient,28,68,98.00014149008868,0.00014149008868002966
chained_cb3_2,gradient,29,69,98.00009285250945,9.285250945367807e-05
chained_cb3_2,gradient,30,75,98.00007417316428,7.417316427904552e-05
chained_cb3_2,gradient,31,77,98.0000351365245,3.513652450237714e-05
chained_cb3_2,gradient,32,79,98.00003178113073,3.178113072976885e-05
chained_cb3_2,gradient,33,84,98.00003163385418,3.163385417792597e-05
chained_cb3_2,gradient,34,85,98.00002041388372,2.0413883717651515e-05
chained_cb3_2,gradient,35,88,98.0000172777289,1.727772890092183e-05
chained_cb3_2,gradient,36,90,98.00001503208875,1.5032088754196593e-05
chained_cb3_2,gradient,37,91,98.00001445454606,1.4454546061415385e-05
chained_cb3_2,gradient,38,92,98.00001189206495,1.1892064947005565e-05
chained_cb3_2,gradient,39,94,98.00000930181336,9.301813364004374e-06
chained_cb3_2,gradient,40,98,98.00000901201625,9.012016249698718e-06
chained_cb3_2,gradient,41,100,98.00000641960705,6.419607046836973e-06
chained_cb3_2,gradient,42,102,98.00000594807372,5.948073720674074e-06
chained_cb3_2,gradient,43,104,98.00000268909214,2.6890921418498692e-06
chained_cb3_2,gradient,44,109,98.00000157101276,1.571012759882251e-06
chained_cb3_2,gradient,45,113,98.0000009314274,9.314273938798578e-07
chained_cb3_2,gradient,46,118,98.00000081347463,8.134746281029948e-07
chained_cb3_2,gradient,47,125,98.00000075455094,7.545509390638472e-07
chained_cb3_2,gradient,48,129,98.00000074071065,7.407106465961988e-07
chained_cb3_2,gradient,49,133,98.00000070101345,7.010134481788555e-07
chained_cb3_2,gradient,50,137,98.0000006473655,6.473654963201625e-07
chained_cb3_2,gradient,51,141,98.00000062516771,6.251677149293755e-07
chained_cb3_2,gradient,52,145,98.0000005642785,5.642784941528589e-07
chained_cb3_2,gradient,53,150,98.0000004909745,4.909745001668853e-07
chained_cb3_2,gradient,54,155,98.00000043087553,4.3087553081022634e-07
chained_cb3_2,gradient,55,161,98.00000042233896,4.2233895669596677e-07
chained_cb3_2,gradient,56,165,98.00000041793096,4.1793096272613184e-07
chained_cb3_2,gradient,57,174,98.00000041534406,4.153440613663406e-07
chained_cb3_2,gradient,58,178,98.00000040055494,4.005549385510676e-07
chained_cb3_2,gradient,59,183,98.00000039688774,3.9688774222668144e-07
chained_cb3_2,gradient,60,187,98.00000038579057,3.857905710447085e-07
chained_cb3_2,gradient,61,192,98.00000038134205,3.813420477172258e-07
chained_cb3_2,gradient,62,196,98.00000037307032,3.7307032130229345e-07
chained_cb3_2,gradient,63,201,98.0000003680471,3.680470967992733e-07
chained_cb3_2,gradient,64,205,98.0000003620091,3.6200910358274996e-07
chained_cb3_2,gradient,65,210,98.0000003565568,3.56556796532459e-07
chained_cb3_2,gradient,66,214,98.0000003522987,3.5229869865816e-07
chained_cb3_2,gradient,67,219,98.00000034656051,3.465605118435633e-07
chained_cb3_2,gradient,67,219,98.00000034656051,3.465605118435633e-07
chained_cb3_2,cutting_plane,1,7,490.0625,392.0625
chained_cb3_2,cutting_plane,2,9,316.85182437351295,218.85182437351295
chained_cb3_2,cutting_plane,3,12,182.6698188639169,84.6698188639169
chained_cb3_2,cutting_plane,4,14,181.14762618058887,83.14762618058887
chained_cb3_2,cutting_plane,5,16,129.68723617397578,31.687236173975776
chained_cb3_2,cutting_plane,6,21,101.67722384810708,3.677223848107076
chained_cb3_2,cutting_plane,7,25,100.14940287156092,2.1494028715609232
chained_cb3_2,cutting_plane,8,27,99.21539710782808,1.2153971078280819
chained_cb3_2,cutting_plane,9,30,98.64327151270122,0.6432715127012187
chained_cb3_2,cutting_plane,10,34,98.49852199929097,0.49852199929097196
chained_cb3_2,cutting_plane,11,37,98.3176710882885,0.3176710882885061
chained_cb3_2,cutting_plane,12,40,98.17114060314819,0.17114060314818857
chained_cb3_2,cutting_plane,13,43,98.11093813659029,0.11093813659029195
chained_cb3_2,cutting_plane,14,45,98.04866553262087,0.048665532620873364
chained_cb3_2,cutting_plane,15,50,98.0341314222902,0.034131422290201385
chained_cb3_2,cutting_plane,16,54,98.02848260067856,0.0284826006785579
chained_cb3_2,cutting_plane,17,56,98.01348518772049,0.013485187720490899
chained_cb3_2,cutting_plane,18,61,98.00676038971281,0.006760389712809456
chained_cb3_2,cutting_plane,19,66,98.00563902245318,0.005639022453181042
chained_cb3_2,cutting_plane,20,68,98.00380269821109,0.0038026982110892504
chained_cb3_2,cutting_plane,21,71,98.0026312281694,0.0026312281694060857
chained_cb3_2,cutting_plane,22,74,98.0020583086939,0.0020583086939041095
chained_cb3_2,cutting_plane,23,77,98.00193075363114,0.001930753631143034
chained_cb3_2,cutting_plane,24,79,98.00176405710616,0.0017640571061576793
chained_cb3_2,cutting_plane,25,82,98.00050772463061,0.0005077246306086636
chained_cb3_2,cutting_plane,26,87,98.0004434268817,0.00044342688170218025
chained_cb3_2,cutting_plane,27,89,98.00024130666799,0.0002413066679878284
chained_cb3_2,cutting_plane,28,96,98.00014178163465,0.00014178163465317084
chained_cb3_2,cutting_plane,29,98,98.00009236390801,9.236390800992922e-05
chained_cb3_2,cutting_plane,30,105,98.00007241821731,7.241821731440723e-05
chained_cb3_2,cutting_plane,31,113,98.00006029615949,6.0296159489325873e-05
chained_cb3_2,cutting_plane,32,115,98.00002809617911,2.809617910770612e-05
chained_cb3_2,cutting_plane,33,129,98.00002758774187,2.75877418687287e-05
chained_cb3_2,cutting_plane,34,139,98.00002440572798,2.4405727984344594e-05
chained_cb3_2,cutting_plane,35,143,98.00002036837027,2.0368370272194625e-05
chained_cb3_2,cutting_plane,36,152,98.00001634164128,1.6341641284611796e-05
chained_cb3_2,cutting_plane,37,156,98.00001599408306,1.5994083057080388e-05
chained_cb3_2,cutting_plane,38,158,98.0000094616808,9.461680804179196e-06
chained_cb3_2,cutting_plane,39,162,98.00000808750148,8.08750148451054e-06
chained_cb3_2,cutting_plane,40,167,98.00000415991028,4.159910275802758e-06
chained_cb3_2,cutting_plane,41,177,98.00000374435147,3.7443514742108164e-06
chained_cb3_2,cutting_plane,42,179,98.00000348984916,3.489849163429426e-06
chained_cb3_2,cutting_plane,43,183,98.00000261405285,2.6140528461837675e-06
chained_cb3_2,cutting_plane,44,195,98.00000260612401,2.6061240134822583e-06
chained_cb3_2,cutting_plane,45,205,98.00000247427829,2.4742782898101723e-06
chained_cb3_2,cutting_plane,46,207,98.0000021943541,2.1943540957636287e-06
chained_cb3_2,cutting_plane,47,219,98.00000216574898,2.1657489810422703e-06
chained_cb3_2,cutting_plane,48,230,98.00000083850098,8.385009806488597e-07
chained_cb3_2,cutting_plane,49,255,98.00000083423652,8.342365163116483e-07
chained_cb3_2,cutting_plane,50,277,98.0000008245363,8.245363005698891e-07
chained_cb3_2,cutting_plane,51,287,98.00000076837588,7.683758838084032e-07
chained_cb3_2,cutting_plane,52,301,98.00000063956405,6.395640497203203e-07
chained_cb3_2,cutting_plane,53,313,98.00000063017555,6.301755490767391e-07
chained_cb3_2,cutting_plane,54,329,98.00000060040766,6.004076595900187e-07
chained_cb3_2,cutting_plane,55,335,98.00000056838206,5.683820631929848e-07
chained_cb3_2,cutting_plane,56,356,98.00000055152408,5.515240815157085e-07
chained_cb3_2,cutting_plane,57,366,98.0000004465321,4.4653209840817e-07
chained_cb3_2,cutting_plane,58,387,98.00000044588359,4.4588358605324174e-07
chained_cb3_2,cutting_plane,59,401,98.00000031752965,3.1752965412579215e-07
chained_cb3_2,cutting_plane,60,428,98.00000031420896,3.1420896107192675e-07
chained_cb3_2,cutting_plane,61,442,98.00000022821342,2.2821342327006278e-07
chained_cb3_2,cutting_plane,62,461,98.00000022660981,2.2660981358058052e-07
chained_cb3_2,cutting_plane,63,470,98.00000021722813,2.172281341472626e-07
chained_cb3_2,cutting_plane,64,485,98.00000019221747,1.9221747038500325e-07
chained_cb3_2,cutting_plane,65,493,98.00000018105126,1.8105126287082385e-07
chained_cb3_2,cutting_plane,66,502,98.00000018109586,1.8109585653292015e-07
chained_cb3_2,cutting_plane,67,518,98.00000018053706,1.8053705730380898e-07
chained_cb3_2,cutting_plane,67,519,98.00000018053706,1.8053705730380898e-07
chained_cb3_2,gradient_combination,1,7,490.0625,392.0625
chained_cb3_2,gradient_combination,2,9,316.85182437351295,218.85182437351295
chained_cb3_2,gradient_combination,3,12,182.6698188639169,84.6698188639169
chained_cb3_2,gradient_combination,4,14,181.14762618058887,83.14762618058887
chained_cb3_2,gradient_combination,5,16,129.68723617397578,31.687236173975776
chained_cb3_2,gradient_combination,6,21,101.67722384810708,3.677223848107076
chained_cb3_2,gradient_combination,7,25,100.14940287156092,2.1494028715609232
chained_cb3_2,gradient_combination,8,27,99.21539710782808,1.2153971078280819
chained_cb3_2,gradient_combination,9,30,98.64327151270122,0.6432715127012187
chained_cb3_2,gradient_combination,10,34,98.49852199929097,0.49852199929097196
chained_cb3_2,gradient_combination,11,37,98.3176710882885,0.3176710882885061
chained_cb3_2,gradient_combination,12,40,98.17114060314819,0.17114060314818857
chained_cb3_2,gradient_combination,13,43,98.11093813659029,0.11093813659029195
chained_cb3_2,gradient_combination,14,45,98.04866553262087,0.048665532620873364
chained_cb3_2,gradient_combination,15,50,98.0341314222902,0.034131422290201385
chained_cb3_2,gradient_combination,16,54,98.02848260067856,0.0284826006785579
chained_cb3_2,gradient_combination,17,56,98.01348518772049,0.013485187720490899
chained_cb3_2,gradient_combination,18,61,98.00676038971281,0.006760389712809456
chained_cb3_2,gradient_combination,19,66,98.00563902245318,0.005639022453181042
chained_cb3_2,gradient_combination,20,68,98.00380269821109,0.0038026982110892504
chained_cb3_2,gradient_combination,21,71,98.0026312281694,0.0026312281694060857
chained_cb3_2,gradient_combination,22,74,98.0020583086939,0.0020583086939041095
chained_cb3_2,gradient_combination,23,77,98.00193075363114,0.001930753631143034
chained_cb3_2,gradient_combination,24,79,98.00176405710616,0.0017640571061576793
chained_cb3_2,gradient_combination,25,82,98.00050772463061,0.0005077246306086636
chained_cb3_2,gradient_combination,26,87,98.0004434268817,0.00044342688170218025
chained_cb3_2,gradient_combination,27,89,98.00024130666799,0.0002413066679878284
chained_cb3_2,gradient_combination,28,96,98.00014178163465,0.00014178163465317084
chained_cb3_2,gradient_combination,29,98,98.00009236390801,9.236390800992922e-05
chained_cb3_2,gradient_combination,30,105,98.00007241821731,7.241821731440723e-05
chained_cb3_2,gradient_combination,31,113,98.00006029615949,6.0296159489325873e-05
chained_cb3_2,gradient_combination,32,115,98.00002809617911,2.809617910770612e-05
chained_cb3_2,gradient_combination,33,145,98.00002809625515,2.8096255149989702e-05
chained_cb3_2,gradient_combination,34,162,98.00002779651379,2.7796513791145117e-05
chained_cb3_2,gradient_combination,35,164,98.00002648400508,2.6484005076099493e-05
chained_cb3_2,gradient_combination,36,171,98.0000253673413,2.5367341294213475e-05
chained_cb3_2,gradient_combination,37,175,98.00001406752907,1.4067529065187045e-05
chained_cb3_2,gradient_combination,38,177,98.00001135085597,1.1350855970704288e-05
chained_cb3_2,gradient_combination,39,181,98.00000904075716,9.040757163347735e-06
chained_cb3_2,gradient_combination,40,186,98.00000767003408,7.670034079865218e-06
chained_cb3_2,gradient_combination,41,193,98.00000452675849,4.526758488054838e-06
chained_cb3_2,gradient_combination,42,197,98.00000412357659,4.123576587744537e-06
chained_cb3_2,gradient_combination,43,200,98.00000340248434,3.4024843387214787e-06
chained_cb3_2,gradient_combination,44,211,98.00000242332597,2.4233259665606965e-06
chained_cb3_2,gradient_combination,45,222,98.00000214008828,2.140088284363628e-06
chained_cb3_2,gradient_combination,46,226,98.00000078252715,7.825271524097843e-07
chained_cb3_2,gradient_combination,47,235,98.0000006319242,6.319241947494447e-07
chained_cb3_2,gradient_combination,48,250,98.00000057647124,5.764712369682456e-07
chained_cb3_2,gradient_combination,49,268,98.0000003968614,3.9686139530203945e-07
chained_cb3_2,gradient_combination,50,288,98.00000038242658,3.8242657751652587e-07
chained_cb3_2,gradient_combination,51,304,98.00000038072572,3.807257229482275e-07
chained_cb3_2,gradient_combination,52,318,98.00000033105633,3.3105632724073075e-07
chained_cb3_2,gradient_combination,53,357,98.00000030977849,3.0977848552993237e-07
chained_cb3_2,gradient_combination,54,374,98.00000025566248,2.556624849603395e-07
chained_cb3_2,gradient_combination,55,390,98.00000018348709,1.8348708863413776e-07
chained_cb3_2,gradient_combination,56,409,98.00000017385925,1.7385924877544312e-07
chained_cb3_2,gradient_combination,57,426,98.00000017012675,1.701267535736406e-07
chained_cb3_2,gradient_combination,58,442,98.00000014929032,1.492903152211511e-07
chained_cb3_2,gradient_combination,59,471,98.00000014905976,1.4905975831425167e-07
chained_cb3_2,gradient_combination,60,520,98.00000014876677,1.4876677312258835e-07
chained_cb3_2,gradient_combination,61,546,98.00000012698442,1.2698441764769086e-07
chained_cb3_2,gradient_combination,62,568,98.00000012616185,1.2616185074421082e-07
chained_cb3_2,gradient_combination,63,582,98.00000011723742,1.1723741977220925e-07
chained_cb3_2,gradient_combination,64,598,98.00000009669071,9.66907123256533e-08
chained_cb3_2,gradient_combination,65,629,98.00000009605236,9.605236073184642e-08
chained_cb3_2,gradient_combination,65,654,98.00000009605236,9.605236073184642e-08
active_faces,gradient,1,4,3.2098152941039233,3.2098152941039233
active_faces,gradient,2,6,0.719029642291302,0.719029642291302
active_faces,gradient,3,11,0.32246716036928624,0.32246716036928624
active_faces,gradient,4,12,0.1440302094817694,0.1440302094817694
active_faces,gradient,5,13,0.12806603217921958,0.12806603217921958
active_faces,gradient,6,14,0.010256248533922437,0.010256248533922437
active_faces,gradient,7,17,0.00909726923694474,0.00909726923694474
active_faces,gradient,8,18,0.0005905849511022273,0.0005905849511022273
active_faces,gradient,9,22,1.9922753886717257e-05,1.9922753886717257e-05
active_faces,gradient,10,26,1.8255417256317385e-05,1.8255417256317385e-05
active_faces,gradient,11,27,8.336997958378186e-07,8.336997958378186e-07
active_faces,gradient,12,31,3.593904365560075e-07,3.593904365560075e-07
active_faces,gradient,13,32,2.3715493443559554e-07,2.3715493443559554e-07
active_faces,gradient,14,34,1.2844978109709027e-08,1.2844978109709027e-08
active_faces,gradient,15,40,2.7800217644806484e-09,2.7800217644806484e-09
active_faces,gradient,16,46,2.102790828138612e-09,2.102790828138612e-09
active_faces,gradient,17,51,9.489669046063671e-10,9.489669046063671e-10
active_faces,gradient,18,56,9.5838159584621e-10,9.5838159584621e-10
active_faces,gradient,19,61,2.337112725296918e-10,2.337112725296918e-10
active_faces,gradient,20,67,1.3881784609739587e-10,1.3881784609739587e-10
active_faces,gradient,21,72,9.401279754241936e-11,9.401279754241936e-11
active_faces,gradient,22,77,5.150635473550351e-11,5.150635473550351e-11
active_faces,gradient,23,90,7.056399908584592e-11,7.056399908584592e-11
active_faces,gradient,24,94,8.202394318975738e-11,8.202394318975738e-11
active_faces,gradient,25,98,1.0871104016394196e-10,1.0871104016394196e-10
active_faces,gradient,26,102,1.2970757800314992e-10,1.2970757800314992e-10
active_faces,gradient,27,106,1.683155836787367e-10,1.683155836787367e-10
active_faces,gradient,28,110,2.0421331290567513e-10,2.0421331290567513e-10
active_faces,gradient,29,114,2.614479743470351e-10,2.614479743470351e-10
active_faces,gradient,30,118,3.206286347020601e-10,3.206286347020601e-10
active_faces,gradient,31,122,4.0696712658207e-10,4.0696712658207e-10
active_faces,gradient,32,126,5.025275749817802e-10,5.025275749817802e-10
active_faces,gradient,33,131,6.590661349786118e-11,6.590661349786118e-11
active_faces,gradient,34,144,5.616374032355531e-11,5.616374032355531e-11
active_faces,gradient,35,148,9.642420195167558e-11,9.642420195167558e-11
active_faces,gradient,36,152,9.431078140220069e-11,9.431078140220069e-11
active_faces,gradient,37,156,1.4410783676438147e-10,1.4410783676438147e-10
active_faces,gradient,38,160,1.5391532491785376e-10,1.5391532491785376e-10
active_faces,gradient,39,164,2.1861357166583377e-10,2.1861357166583377e-10
active_faces,gradient,40,168,2.4704771558749324e-10,2.4704771558749324e-10
active_faces,gradient,41,172,3.3502889346054235e-10,3.3502889346054235e-10
active_faces,gradient,42,176,3.925668678246237e-10,3.925668678246237e-10
active_faces,gradient,43,181,6.218048298285286e-11,6.218048298285286e-11
active_faces,gradient,44,187,7.992806416403972e-11,7.992806416403972e-11
active_faces,gradient,44,187,7.992806416403972e-11,7.992806416403972e-11
active_faces,cutting_plane,1,5,3.2098152941039233,3.2098152941039233
active_faces,cutting_plane,2,8,0.719029642291302,0.719029642291302
active_faces,cutting_plane,3,14,0.32246716036928624,0.32246716036928624
active_faces,cutting_plane,4,16,0.1440302094817694,0.1440302094817694
active_faces,cutting_plane,5,18,0.12806603217921958,0.12806603217921958
active_faces,cutting_plane,6,20,0.010256248533922437,0.010256248533922437
active_faces,cutting_plane,7,24,0.00909726923694474,0.00909726923694474
active_faces,cutting_plane,8,26,0.0005905849511022273,0.0005905849511022273
active_faces,cutting_plane,9,31,1.9922753886717257e-05,1.9922753886717257e-05
active_faces,cutting_plane,10,36,1.8255417256317385e-05,1.8255417256317385e-05
active_faces,cutting_plane,11,38,8.336997958378186e-07,8.336997958378186e-07
active_faces,cutting_plane,12,43,3.593904365560075e-07,3.593904365560075e-07
active_faces,cutting_plane,13,45,2.3715493443559554e-07,2.3715493443559554e-07
active_faces,cutting_plane,14,48,1.2844978109709027e-08,1.2844978109709027e-08
active_faces,cutting_plane,15,55,2.7800217644806484e-09,2.7800217644806484e-09
active_faces,cutting_plane,16,62,2.102790828138612e-09,2.102790828138612e-09
active_faces,cutting_plane,17,68,9.489669046063671e-10,9.489669046063671e-10
active_faces,cutting_plane,18,74,9.5838159584621e-10,9.5838159584621e-10
active_faces,cutting_plane,19,80,2.337112725296918e-10,2.337112725296918e-10
active_faces,cutting_plane,20,83,7.724487716102156e-12,7.724487716102156e-12
active_faces,cutting_plane,21,86,7.734923812533551e-12,7.734923812533551e-12
active_faces,cutting_plane,21,90,7.734923812533551e-12,7.734923812533551e-12
active_faces,gradient_combination,1,5,3.2098152941039233,3.2098152941039233
active_faces,gradient_combination,2,8,0.719029642291302,0.719029642291302
active_faces,gradient_combination,3,14,0.32246716036928624,0.32246716036928624
active_faces,gradient_combination,4,16,0.1440302094817694,0.1440302094817694
active_faces,gradient_combination,5,18,0.12806603217921958,0.12806603217921958
active_faces,gradient_combination,6,20,0.010256248533922437,0.010256248533922437
active_faces,gradient_combination,7,24,0.00909726923694474,0.00909726923694474
active_faces,gradient_combination,8,26,0.0005905849511022273,0.0005905849511022273
active_faces,gradient_combination,9,31,1.9922753886717257e-05,1.9922753886717257e-05
active_faces,gradient_combination,10,36,1.8255417256317385e-05,1.8255417256317385e-05
active_faces,gradient_combination,11,38,8.336997958378186e-07,8.336997958378186e-07
active_faces,gradient_combination,12,43,3.593904365560075e-07,3.593904365560075e-07
active_faces,gradient_combination,13,45,2.3715493443559554e-07,2.3715493443559554e-07
active_faces,gradient_combination,14,48,1.2844978109709027e-08,1.2844978109709027e-08
active_faces,gradient_combination,15,55,2.7800217644806484e-09,2.7800217644806484e-09
active_faces,gradient_combination,16,62,2.102790828138612e-09,2.102790828138612e-09
active_faces,gradient_combination,17,68,9.489669046063671e-10,9.489669046063671e-10
active_faces,gradient_combination,18,74,9.5838159584621e-10,9.5838159584621e-10
active_faces,gradient_combination,19,80,2.337112725296918e-10,2.337112725296918e-10
active_faces,gradient_combination,20,97,2.5769986141687343e-10,2.5769986141687343e-10
active_faces,gradient_combination,21,104,2.0796142583603722e-10,2.0796142583603722e-10
active_faces,gradient_combination,22,120,1.7664469885264295e-10,1.7664469885264295e-10
active_faces,gradient_combination,23,143,1.4638446009834715e-10,1.4638446009834715e-10
active_faces,gradient_combination,24,160,5.4783511059417884e-11,5.4783511059417884e-11
active_faces,gradient_combination,25,190,8.575695708744384e-11,8.575695708744384e-11
active_faces,gradient_combination,26,218,1.240034741479544e-10,1.240034741479544e-10
active_faces,gradient_combination,27,231,5.91653392927588e-11,5.91653392927588e-11
active_faces,gradient_combination,28,250,1.5454415523890446e-10,1.5454415523890446e-10
active_faces,gradient_combination,29,271,1.207101085681093e-10,1.207101085681093e-10
active_faces,gradient_combination,29,283,1.207101085681093e-10,1.207101085681093e-10
brown_2,gradient,1,3,96.0,96.0
brown_2,gradient,2,4,4.316053421134477,4.316053421134477
brown_2,gradient,3,8,4.052800885015027,4.052800885015027
brown_2,gradient,4,12,3.9446199294554485,3.9446199294554485
brown_2,gradient,5,13,2.3752422471951227,2.3752422471951227
brown_2,gradient,6,18,1.9735427307975404,1.9735427307975404
brown_2,gradient,7,20,1.7987785595256212,1.7987785595256212
brown_2,gradient,8,25,1.7973053579023637,1.7973053579023637
brown_2,gradient,9,29,1.6497854421490814,1.6497854421490814
brown_2,gradient,10,37,1.6195736115002162,1.6195736115002162
brown_2,gradient,11,44,1.313157378913999,1.313157378913999
brown_2,gradient,12,47,1.117166223716594,1.117166223716594
brown_2,gradient,13,50,1.020652233887531,1.020652233887531
brown_2,gradient,14,54,0.6986877319579727,0.6986877319579727
brown_2,gradient,15,63,0.6982667999276314,0.6982667999276314
brown_2,gradient,16,73,0.5778850100409699,0.5778850100409699
brown_2,gradient,17,74,0.18177002097928635,0.18177002097928635
brown_2,gradient,18,76,0.06953864081301932,0.06953864081301932
brown_2,gradient,19,79,0.058452549672231915,0.058452549672231915
brown_2,gradient,20,93,0.05836258478196169,0.05836258478196169
brown_2,gradient,21,103,0.05640014655493876,0.05640014655493876
brown_2,gradient,22,106,0.05444902277073212,0.05444902277073212
brown_2,gradient,23,108,0.04917058997778778,0.04917058997778778
brown_2,gradient,24,125,0.04908923916773366,0.04908923916773366
brown_2,gradient,25,134,0.04850605282255373,0.04850605282255373
brown_2,gradient,26,136,0.04547173522279306,0.04547173522279306
brown_2,gradient,27,138,0.030198344280823276,0.030198344280823276
brown_2,gradient,28,160,0.03019616990059601,0.03019616990059601
brown_2,gradient,29,169,0.023885019777739033,0.023885019777739033
brown_2,gradient,30,173,0.020848356696445417,0.020848356696445417
brown_2,gradient,31,176,0.018243748726210936,0.018243748726210936
brown_2,gradient,32,178,0.013678038285470182,0.013678038285470182
brown_2,gradient,33,183,0.012664593620553579,0.012664593620553579
brown_2,gradient,34,186,0.01185337065355408,0.01185337065355408
brown_2,gradient,35,188,0.008084284058357854,0.008084284058357854
brown_2,gradient,36,190,0.0025327883997884023,0.0025327883997884023
brown_2,gradient,37,194,0.0022166509841615363,0.0022166509841615363
brown_2,gradient,38,197,0.001959330921976295,0.001959330921976295
brown_2,gradient,39,201,0.0018109126314419305,0.0018109126314419305
brown_2,gradient,40,204,0.0014767774468435438,0.0014767774468435438
brown_2,gradient,41,209,0.0014740904568264221,0.0014740904568264221
brown_2,gradient,42,210,0.0010660880967358042,0.0010660880967358042
brown_2,gradient,43,212,0.0008060520300535478,0.0008060520300535478
brown_2,gradient,44,215,0.0005917467222381222,0.0005917467222381222
brown_2,gradient,45,218,0.0004915053638338427,0.0004915053638338427
brown_2,gradient,46,221,0.0004618411807108462,0.0004618411807108462
brown_2,gradient,47,224,0.0003236355315398837,0.0003236355315398837
brown_2,gradient,48,228,0.0002857123960141114,0.0002857123960141114
brown_2,gradient,49,231,0.00024474720016778786,0.00024474720016778786
brown_2,gradient,50,234,0.00018557843751784822,0.00018557843751784822
brown_2,gradient,51,237,0.00017422215557067464,0.00017422215557067464
brown_2,gradient,52,239,0.00010362533862070165,0.00010362533862070165
brown_2,gradient,53,265,0.00010359545249630221,0.00010359545249630221
brown_2,gradient,54,275,8.980402480327353e-05,8.980402480327353e-05
brown_2,gradient,55,278,7.747293755217796e-05,7.747293755217796e-05
brown_2,gradient,56,282,7.321320721159796e-05,7.321320721159796e-05
brown_2,gradient,57,286,6.371612971871823e-05,6.371612971871823e-05
brown_2,gradient,58,290,6.131012920440117e-05,6.131012920440117e-05
brown_2,gradient,59,291,4.372883801692153e-05,4.372883801692153e-05
brown_2,gradient,60,294,3.556893799433977e-05,3.556893799433977e-05
brown_2,gradient,61,296,2.331481830707768e-05,2.331481830707768e-05
brown_2,gradient,62,299,1.629379382605182e-05,1.629379382605182e-05
brown_2,gradient,63,302,1.544941652041045e-05,1.544941652041045e-05
brown_2,gradient,64,305,1.063042416002383e-05,1.063042416002383e-05
brown_2,gradient,65,309,9.213786748929696e-06,9.213786748929696e-06
brown_2,gradient,66,311,8.06973490595162e-06,8.06973490595162e-06
brown_2,gradient,67,314,6.891122132362107e-06,6.891122132362107e-06
brown_2,gradient,68,318,5.317508275427157e-06,5.317508275427157e-06
brown_2,gradient,69,321,4.972392226841357e-06,4.972392226841357e-06
brown_2,gradient,70,324,4.354047740507835e-06,4.354047740507835e-06
brown_2,gradient,71,328,3.6314160025160276e-06,3.6314160025160276e-06
brown_2,gradient,72,331,2.7620381995016906e-06,2.7620381995016906e-06
brown_2,gradient,73,336,2.2115404395587806e-06,2.2115404395587806e-06
brown_2,gradient,74,342,2.1399243160379604e-06,2.1399243160379604e-06
brown_2,gradient,75,343,1.9604957481132122e-06,1.9604957481132122e-06
brown_2,gradient,76,347,1.5673875987816762e-06,1.5673875987816762e-06
brown_2,gradient,77,349,7.922814518308688e-07,7.922814518308688e-07
brown_2,gradient,78,354,7.684500405981396e-07,7.684500405981396e-07
brown_2,gradient,79,357,6.549033526860962e-07,6.549033526860962e-07
brown_2,gradient,80,361,6.256937666422826e-07,6.256937666422826e-07
brown_2,gradient,81,364,5.887273266933291e-07,5.887273266933291e-07
brown_2,gradient,82,369,5.055706637437197e-07,5.055706637437197e-07
brown_2,gradient,83,374,4.375107825852086e-07,4.375107825852086e-07
brown_2,gradient,84,376,4.136293137610591e-07,4.136293137610591e-07
brown_2,gradient,85,381,3.538171701710674e-07,3.538171701710674e-07
brown_2,gradient,86,386,3.477897661271154e-07,3.477897661271154e-07
brown_2,gradient,87,390,1.8681419683431564e-07,1.8681419683431564e-07
brown_2,gradient,88,399,1.816975982690686e-07,1.816975982690686e-07
brown_2,gradient,89,427,1.8122322933437384e-07,1.8122322933437384e-07
brown_2,gradient,90,446,1.8081855690952794e-07,1.8081855690952794e-07
brown_2,gradient,91,472,1.785749903801415e-07,1.785749903801415e-07
brown_2,gradient,92,492,1.7808787499219978e-07,1.7808787499219978e-07
brown_2,gradient,93,506,1.7773804241409206e-07,1.7773804241409206e-07
brown_2,gradient,94,511,1.7768772151127532e-07,1.7768772151127532e-07
brown_2,gradient,95,515,1.7758900172218163e-07,1.7758900172218163e-07
brown_2,gradient,96,519,1.776129798545458e-07,1.776129798545458e-07
brown_2,gradient,97,523,1.7735612564089956e-07,1.7735612564089956e-07
brown_2,gradient,98,528,1.7712451124968662e-07,1.7712451124968662e-07
brown_2,gradient,99,532,1.771741912023979e-07,1.771741912023979e-07
brown_2,gradient,100,536,1.7703327387569753e-07,1.7703327387569753e-07
brown_2,gradient,101,540,1.768899186422391e-07,1.768899186422391e-07
brown_2,gradient,102,544,1.7689071547883952e-07,1.7689071547883952e-07
brown_2,gradient,103,548,1.7644574276699096e-07,1.7644574276699096e-07
brown_2,gradient,104,561,1.762244524360146e-07,1.762244524360146e-07
brown_2,gradient,105,565,1.7596881255252521e-07,1.7596881255252521e-07
brown_2,gradient,106,569,1.7598527913434462e-07,1.7598527913434462e-07
brown_2,gradient,107,573,1.75223609092846e-07,1.75223609092846e-07
brown_2,gradient,108,578,1.7442217959928498e-07,1.7442217959928498e-07
brown_2,gradient,109,583,1.738980493587461e-07,1.738980493587461e-07
brown_2,gradient,110,588,1.7381159384347986e-07,1.7381159384347986e-07
brown_2,gradient,111,592,1.7367063131085167e-07,1.7367063131085167e-07
brown_2,gradient,112,596,1.7369754712628427e-07,1.7369754712628427e-07
brown_2,gradient,113,600,1.7331529061101667e-07,1.7331529061101667e-07
brown_2,gradient,114,605,1.7295220318606092e-07,1.7295220318606092e-07
brown_2,gradient,114,605,1.7295220318606092e-07,1.7295220318606092e-07
brown_2,cutting_plane,1,4,96.0,96.0
brown_2,cutting_plane,2,6,4.316053421134477,4.316053421134477
brown_2,cutting_plane,3,11,4.052800885015027,4.052800885015027
brown_2,cutting_plane,4,16,3.9446199294554485,3.9446199294554485
brown_2,cutting_plane,5,18,2.3752422471951227,2.3752422471951227
brown_2,cutting_plane,6,24,1.9735427307975404,1.9735427307975404
brown_2,cutting_plane,7,27,1.7987785595256212,1.7987785595256212
brown_2,cutting_plane,8,33,1.7973053579023637,1.7973053579023637
brown_2,cutting_plane,9,38,1.6497854421490814,1.6497854421490814
brown_2,cutting_plane,10,47,1.6195736115002162,1.6195736115002162
brown_2,cutting_plane,11,55,1.313157378913999,1.313157378913999
brown_2,cutting_plane,12,59,1.117166223716594,1.117166223716594
brown_2,cutting_plane,13,63,1.020652233887531,1.020652233887531
brown_2,cutting_plane,14,68,0.6986877319579727,0.6986877319579727
brown_2,cutting_plane,15,78,0.6982667999276314,0.6982667999276314
brown_2,cutting_plane,16,89,0.5778850100409699,0.5778850100409699
brown_2,cutting_plane,17,91,0.18177002097928635,0.18177002097928635
brown_2,cutting_plane,18,94,0.06953864081301932,0.06953864081301932
brown_2,cutting_plane,19,98,0.058452549672231915,0.058452549672231915
brown_2,cutting_plane,20,107,0.05553374555311498,0.05553374555311498
brown_2,cutting_plane,21,115,0.04874743411490154,0.04874743411490154
brown_2,cutting_plane,22,122,0.03364946896099665,0.03364946896099665
brown_2,cutting_plane,23,129,0.021964750833983093,0.021964750833983093
brown_2,cutting_plane,24,136,0.019481740968692665,0.019481740968692665
brown_2,cutting_plane,25,151,0.019030284862643083,0.019030284862643083
brown_2,cutting_plane,26,163,0.017813726713125994,0.017813726713125994
brown_2,cutting_plane,27,167,0.011469049123331958,0.011469049123331958
brown_2,cutting_plane,28,172,0.010816609920301343,0.010816609920301343
brown_2,cutting_plane,29,179,0.0043263398683327,0.0043263398683327
brown_2,cutting_plane,30,188,0.003987222871274551,0.003987222871274551
brown_2,cutting_plane,31,198,0.003948123516098869,0.003948123516098869
brown_2,cutting_plane,32,206,0.003594854408853948,0.003594854408853948
brown_2,cutting_plane,33,214,0.0031758966737299717,0.0031758966737299717
brown_2,cutting_plane,34,218,0.0031637439450700024,0.0031637439450700024
brown_2,cutting_plane,35,229,0.0028627428255994306,0.0028627428255994306
brown_2,cutting_plane,36,232,0.0026908400661248715,0.0026908400661248715
brown_2,cutting_plane,37,238,0.002644496525562386,0.002644496525562386
brown_2,cutting_plane,38,240,0.0009571141190319193,0.0009571141190319193
brown_2,cutting_plane,39,244,0.0005699562037039413,0.0005699562037039413
brown_2,cutting_plane,40,248,0.0003005262374933613,0.0003005262374933613
brown_2,cutting_plane,41,256,0.00022105262548752236,0.00022105262548752236
brown_2,cutting_plane,42,264,0.00017209058880414275,0.00017209058880414275
brown_2,cutting_plane,43,271,0.00016905797229862065,0.00016905797229862065
brown_2,cutting_plane,44,286,0.0001662207686663435,0.0001662207686663435
brown_2,cutting_plane,45,292,0.00016469841414665324,0.00016469841414665324
brown_2,cutting_plane,46,303,0.0001624215668800333,0.0001624215668800333
brown_2,cutting_plane,47,315,0.00011946938883375802,0.00011946938883375802
brown_2,cutting_plane,48,323,0.00011281869834693368,0.00011281869834693368
brown_2,cutting_plane,49,330,9.049047653425972e-05,9.049047653425972e-05
brown_2,cutting_plane,50,355,9.01375807546423e-05,9.01375807546423e-05
brown_2,cutting_plane,51,368,7.821343607326711e-05,7.821343607326711e-05
brown_2,cutting_plane,52,375,7.40204066836484e-05,7.40204066836484e-05
brown_2,cutting_plane,53,388,5.856373756117529e-05,5.856373756117529e-05
brown_2,cutting_plane,54,395,4.823939425537809e-05,4.823939425537809e-05
brown_2,cutting_plane,55,403,4.7195447350168585e-05,4.7195447350168585e-05
brown_2,cutting_plane,56,408,4.314601451245379e-05,4.314601451245379e-05
brown_2,cutting_plane,57,415,2.9335516956977432e-05,2.9335516956977432e-05
brown_2,cutting_plane,58,420,2.587783647161816e-05,2.587783647161816e-05
brown_2,cutting_plane,59,425,2.5479307784632607e-05,2.5479307784632607e-05
brown_2,cutting_plane,60,432,2.518136552823986e-05,2.518136552823986e-05
brown_2,cutting_plane,61,437,2.085419154110596e-05,2.085419154110596e-05
brown_2,cutting_plane,62,444,2.0317762149646148e-05,2.0317762149646148e-05
brown_2,cutting_plane,63,451,1.2520993849200933e-05,1.2520993849200933e-05
brown_2,cutting_plane,64,463,1.2238463252448182e-05,1.2238463252448182e-05
brown_2,cutting_plane,65,470,8.751669840780775e-06,8.751669840780775e-06
brown_2,cutting_plane,66,496,8.751768585674403e-06,8.751768585674403e-06
brown_2,cutting_plane,67,514,8.751749678488446e-06,8.751749678488446e-06
brown_2,cutting_plane,68,541,8.750874747673037e-06,8.750874747673037e-06
brown_2,cutting_plane,69,564,8.65728451541301e-06,8.65728451541301e-06
brown_2,cutting_plane,70,571,6.5181921107069685e-06,6.5181921107069685e-06
brown_2,cutting_plane,71,588,6.2010017659489e-06,6.2010017659489e-06
brown_2,cutting_plane,72,612,6.201064149021888e-06,6.201064149021888e-06
brown_2,cutting_plane,73,626,4.401942187120006e-06,4.401942187120006e-06
brown_2,cutting_plane,74,647,4.401998984188755e-06,4.401998984188755e-06
brown_2,cutting_plane,75,669,4.194928092160366e-06,4.194928092160366e-06
brown_2,cutting_plane,76,695,4.195005639225364e-06,4.195005639225364e-06
brown_2,cutting_plane,77,728,4.195097701067262e-06,4.195097701067262e-06
brown_2,cutting_plane,78,755,3.857502508295378e-06,3.857502508295378e-06
brown_2,cutting_plane,79,774,3.830098797783855e-06,3.830098797783855e-06
brown_2,cutting_plane,80,793,2.888058537739402e-06,2.888058537739402e-06
brown_2,cutting_plane,81,807,2.838396429993317e-06,2.838396429993317e-06
brown_2,cutting_plane,82,820,2.830808315483659e-06,2.830808315483659e-06
brown_2,cutting_plane,83,840,2.3445547254990006e-06,2.3445547254990006e-06
brown_2,cutting_plane,84,855,2.333886513265427e-06,2.333886513265427e-06
brown_2,cutting_plane,85,858,2.26766565215937e-06,2.26766565215937e-06
brown_2,cutting_plane,86,865,2.0250846640653585e-06,2.0250846640653585e-06
brown_2,cutting_plane,87,873,1.6736820019357186e-06,1.6736820019357186e-06
brown_2,cutting_plane,88,876,1.6209966049071096e-06,1.6209966049071096e-06
brown_2,cutting_plane,89,884,1.4909182766659545e-06,1.4909182766659545e-06
brown_2,cutting_plane,90,891,1.1916820331078335e-06,1.1916820331078335e-06
brown_2,cutting_plane,91,899,1.1456636598360625e-06,1.1456636598360625e-06
brown_2,cutting_plane,92,906,7.579305790428345e-07,7.579305790428345e-07
brown_2,cutting_plane,93,916,7.552065821043565e-07,7.552065821043565e-07
brown_2,cutting_plane,94,922,6.796945662458081e-07,6.796945662458081e-07
brown_2,cutting_plane,95,928,4.4785271147301016e-07,4.4785271147301016e-07
brown_2,cutting_plane,96,936,4.081157909353351e-07,4.081157909353351e-07
brown_2,cutting_plane,97,944,3.1334969073537783e-07,3.1334969073537783e-07
brown_2,cutting_plane,98,954,2.9676025379178325e-07,2.9676025379178325e-07
brown_2,cutting_plane,98,957,2.9676025379178325e-07,2.9676025379178325e-07
brown_2,gradient_combination,1,4,96.0,96.0
brown_2,gradient_combination,2,6,4.316053421134477,4.316053421134477
brown_2,gradient_combination,3,11,4.052800885015027,4.052800885015027
brown_2,gradient_combination,4,16,3.9446199294554485,3.9446199294554485
brown_2,gradient_combination,5,18,2.3752422471951227,2.3752422471951227
brown_2,gradient_combination,6,24,1.9735427307975404,1.9735427307975404
brown_2,gradient_combination,7,27,1.7987785595256212,1.7987785595256212
brown_2,gradient_combination,8,33,1.7973053579023637,1.7973053579023637
brown_2,gradient_combination,9,38,1.6497854421490814,1.6497854421490814
brown_2,gradient_combination,10,47,1.6195736115002162,1.6195736115002162
brown_2,gradient_combination,11,55,1.313157378913999,1.313157378913999
brown_2,gradient_combination,12,59,1.117166223716594,1.117166223716594
brown_2,gradient_combination,13,63,1.020652233887531,1.020652233887531
brown_2,gradient_combination,14,68,0.6986877319579727,0.6986877319579727
brown_2,gradient_combination,15,78,0.6982667999276314,0.6982667999276314
brown_2,gradient_combination,16,89,0.5778850100409699,0.5778850100409699
brown_2,gradient_combination,17,91,0.18177002097928635,0.18177002097928635
brown_2,gradient_combination,18,94,0.06953864081301932,0.06953864081301932
brown_2,gradient_combination,19,98,0.058452549672231915,0.058452549672231915
brown_2,gradient_combination,20,111,0.05774235996347246,0.05774235996347246
brown_2,gradient_combination,21,118,0.054250021694474244,0.054250021694474244
brown_2,gradient_combination,22,136,0.05132865540146496,0.05132865540146496
brown_2,gradient_combination,23,160,0.05122465990962698,0.05122465990962698
brown_2,gradient_combination,24,180,0.05115208263202076,0.05115208263202076
brown_2,gradient_combination,25,206,0.051130637741222576,0.051130637741222576
brown_2,gradient_combination,26,247,0.05112498864446547,0.05112498864446547
brown_2,gradient_combination,27,271,0.05100490738248548,0.05100490738248548
brown_2,gradient_combination,28,284,0.04909262361641674,0.04909262361641674
brown_2,gradient_combination,29,297,0.047452646135632964,0.047452646135632964
brown_2,gradient_combination,30,312,0.047185893118047856,0.047185893118047856
brown_2,gradient_combination,31,325,0.046086060818268604,0.046086060818268604
brown_2,gradient_combination,32,340,0.045839380819018456,0.045839380819018456
brown_2,gradient_combination,33,353,0.04527763762075994,0.04527763762075994
brown_2,gradient_combination,34,366,0.04492835176088249,0.04492835176088249
brown_2,gradient_combination,35,383,0.044728655372460055,0.044728655372460055
brown_2,gradient_combination,36,396,0.04465577557906626,0.04465577557906626
brown_2,gradient_combination,37,409,0.04374916066200281,0.04374916066200281
brown_2,gradient_combination,38,424,0.043553764592106095,0.043553764592106095
brown_2,gradient_combination,39,439,0.04344922256314146,0.04344922256314146
brown_2,gradient_combination,40,456,0.0422861297515815,0.0422861297515815
brown_2,gradient_combination,41,472,0.042149140401151336,0.042149140401151336
brown_2,gradient_combination,42,485,0.04062853960163024,0.04062853960163024
brown_2,gradient_combination,43,498,0.03856684311044948,0.03856684311044948
brown_2,gradient_combination,44,511,0.03842511890983619,0.03842511890983619
brown_2,gradient_combination,45,524,0.036635067241583545,0.036635067241583545
brown_2,gradient_combination,46,537,0.03583431089324015,0.03583431089324015
brown_2,gradient_combination,47,550,0.034006939995164374,0.034006939995164374
brown_2,gradient_combination,48,563,0.032672058438342415,0.032672058438342415
brown_2,gradient_combination,49,576,0.03242137713473619,0.03242137713473619
brown_2,gradient_combination,50,589,0.031008992150105552,0.031008992150105552
brown_2,gradient_combination,51,607,0.0295577713570863,0.0295577713570863
brown_2,gradient_combination,52,620,0.028111491781965522,0.028111491781965522
brown_2,gradient_combination,53,633,0.027583882160481896,0.027583882160481896
brown_2,gradient_combination,54,646,0.027248110953801582,0.027248110953801582
brown_2,gradient_combination,55,664,0.02512172806055086,0.02512172806055086
brown_2,gradient_combination,56,679,0.024937304062109672,0.024937304062109672
brown_2,gradient_combination,57,694,0.024659864078225714,0.024659864078225714
brown_2,gradient_combination,58,707,0.022732459466832423,0.022732459466832423
brown_2,gradient_combination,59,737,0.02271031841062822,0.02271031841062822
brown_2,gradient_combination,60,751,0.022490092238419017,0.022490092238419017
brown_2,gradient_combination,61,780,0.022390519956344446,0.022390519956344446
brown_2,gradient_combination,62,799,0.022343054720505857,0.022343054720505857
brown_2,gradient_combination,63,818,0.022275312788665777,0.022275312788665777
brown_2,gradient_combination,64,834,0.022246815978320993,0.022246815978320993
brown_2,gradient_combination,65,865,0.02222796418502656,0.02222796418502656
brown_2,gradient_combination,66,883,0.022008436621087517,0.022008436621087517
brown_2,gradient_combination,67,899,0.021809693121075995,0.021809693121075995
brown_2,gradient_combination,68,927,0.021698667693905972,0.021698667693905972
brown_2,gradient_combination,69,945,0.021689346943197716,0.021689346943197716
brown_2,gradient_combination,70,970,0.021687775543948185,0.021687775543948185
brown_2,gradient_combination,71,1025,0.02168777560347263,0.02168777560347263
brown_2,gradient_combination,72,1055,0.02103842425534059,0.02103842425534059
brown_2,gradient_combination,73,1099,0.020998192625290946,0.020998192625290946
brown_2,gradient_combination,74,1162,0.020998192693389085,0.020998192693389085
brown_2,gradient_combination,75,1199,0.02099819275609631,0.02099819275609631
brown_2,gradient_combination,76,1242,0.020998192852049395,0.020998192852049395
brown_2,gradient_combination,77,1281,0.02099819291257716,0.02099819291257716
brown_2,gradient_combination,78,1335,0.020943591904401225,0.020943591904401225
brown_2,gradient_combination,79,1376,0.02091878827159309,0.02091878827159309
brown_2,gradient_combination,80,1396,0.020764221971455415,0.020764221971455415
brown_2,gradient_combination,81,1412,0.020488430370327115,0.020488430370327115
brown_2,gradient_combination,82,1431,0.02046305130720713,0.02046305130720713
brown_2,gradient_combination,83,1449,0.02044783352013281,0.02044783352013281
brown_2,gradient_combination,84,1463,0.020353161445926738,0.020353161445926738
brown_2,gradient_combination,85,1482,0.019278171910664808,0.019278171910664808
brown_2,gradient_combination,86,1501,0.01652137347106364,0.01652137347106364
brown_2,gradient_combination,87,1531,0.01645125588750533,0.01645125588750533
brown_2,gradient_combination,88,1549,0.016377324440904954,0.016377324440904954
brown_2,gradient_combination,89,1580,0.016354541454789057,0.016354541454789057
brown_2,gradient_combination,90,1600,0.01602354793510956,0.01602354793510956
brown_2,gradient_combination,91,1637,0.01590911894931618,0.01590911894931618
brown_2,gradient_combination,92,1657,0.01589803300706381,0.01589803300706381
brown_2,gradient_combination,93,1671,0.01418442367477592,0.01418442367477592
brown_2,gradient_combination,94,1687,0.013629715304099179,0.013629715304099179
brown_2,gradient_combination,95,1718,0.013568803861567901,0.013568803861567901
brown_2,gradient_combination,96,1732,0.013514376850089334,0.013514376850089334
brown_2,gradient_combination,97,1747,0.013493637296372837,0.013493637296372837
brown_2,gradient_combination,98,1760,0.013403791677277638,0.013403791677277638
brown_2,gradient_combination,99,1773,0.012782768463228176,0.012782768463228176
brown_2,gradient_combination,100,1788,0.012432214772190243,0.012432214772190243
brown_2,gradient_combination,101,1809,0.012431938816734737,0.012431938816734737
brown_2,gradient_combination,102,1829,0.011969649800190642,0.011969649800190642
brown_2,gradient_combination,103,1847,0.011659408843328178,0.011659408843328178
brown_2,gradient_combination,104,1862,0.011656066830931353,0.011656066830931353
brown_2,gradient_combination,105,1939,0.011656066889169018,0.011656066889169018
brown_2,gradient_combination,106,1971,0.011157819860807999,0.011157819860807999
brown_2,gradient_combination,107,1989,0.00919715335401331,0.00919715335401331
brown_2,gradient_combination,108,2002,0.009003061409026205,0.009003061409026205
brown_2,gradient_combination,109,2063,0.009003061508967906,0.009003061508967906
brown_2,gradient_combination,110,2109,0.008980842006950734,0.008980842006950734
brown_2,gradient_combination,111,2124,0.00814540451354066,0.00814540451354066
brown_2,gradient_combination,112,2137,0.006838457385511227,0.006838457385511227
brown_2,gradient_combination,113,2150,0.006441611703573918,0.006441611703573918
brown_2,gradient_combination,114,2166,0.006383341977720518,0.006383341977720518
brown_2,gradient_combination,115,2182,0.0063424202879436,0.0063424202879436
brown_2,gradient_combination,116,2195,0.006168903046969845,0.006168903046969845
brown_2,gradient_combination,117,2210,0.0059062336255590086,0.0059062336255590086
brown_2,gradient_combination,118,2223,0.005874083516430638,0.005874083516430638
brown_2,gradient_combination,119,2241,0.005867548905851328,0.005867548905851328
brown_2,gradient_combination,120,2266,0.005813078377526602,0.005813078377526602
brown_2,gradient_combination,121,2283,0.0057613357362408715,0.0057613357362408715
brown_2,gradient_combination,122,2299,0.005743350548149211,0.005743350548149211
brown_2,gradient_combination,123,2312,0.005125196552622234,0.005125196552622234
brown_2,gradient_combination,124,2325,0.004742401957062756,0.004742401957062756
brown_2,gradient_combination,125,2342,0.004560338928471043,0.004560338928471043
brown_2,gradient_combination,126,2355,0.004343799202864353,0.004343799202864353
brown_2,gradient_combination,127,2372,0.004277425526686295,0.004277425526686295
brown_2,gradient_combination,128,2388,0.004263359607702062,0.004263359607702062
brown_2,gradient_combination,129,2405,0.004259519266954696,0.004259519266954696
brown_2,gradient_combination,130,2420,0.004228278085422029,0.004228278085422029
brown_2,gradient_combination,131,2433,0.004026388398364286,0.004026388398364286
brown_2,gradient_combination,132,2446,0.0033753386543893013,0.0033753386543893013
brown_2,gradient_combination,133,2459,0.0027085020090284765,0.0027085020090284765
brown_2,gradient_combination,134,2474,0.0026440005701759183,0.0026440005701759183
brown_2,gradient_combination,135,2490,0.0026046752451724504,0.0026046752451724504
brown_2,gradient_combination,136,2507,0.0025956633251213185,0.0025956633251213185
brown_2,gradient_combination,137,2523,0.0025514208999481165,0.0025514208999481165
brown_2,gradient_combination,138,2541,0.0025440123117338453,0.0025440123117338453
brown_2,gradient_combination,139,2554,0.002341741842944049,0.002341741842944049
brown_2,gradient_combination,140,2570,0.002297049201454847,0.002297049201454847
brown_2,gradient_combination,141,2585,0.0021153841930304862,0.0021153841930304862
brown_2,gradient_combination,142,2598,0.00208867811570898,0.00208867811570898
brown_2,gradient_combination,143,2615,0.0020717087424404904,0.0020717087424404904
brown_2,gradient_combination,144,2631,0.002038097028748948,0.002038097028748948
brown_2,gradient_combination,145,2640,0.001970849073721542,0.001970849073721542
brown_2,gradient_combination,146,2650,0.0014628444927458717,0.0014628444927458717
brown_2,gradient_combination,147,2653,0.0010079892049474413,0.0010079892049474413
brown_2,gradient_combination,148,2656,0.0008833479035413222,0.0008833479035413222
brown_2,gradient_combination,149,2659,0.0007115704337897889,0.0007115704337897889
brown_2,gradient_combination,150,2663,0.0007020128647208029,0.0007020128647208029
brown_2,gradient_combination,151,2666,0.0005514631713352221,0.0005514631713352221
brown_2,gradient_combination,152,2671,0.0004801736606507274,0.0004801736606507274
brown_2,gradient_combination,153,2675,0.000430365294053979,0.000430365294053979
brown_2,gradient_combination,154,2679,0.0003789513105541641,0.0003789513105541641
brown_2,gradient_combination,155,2683,0.0003235167247672992,0.0003235167247672992
brown_2,gradient_combination,156,2688,0.0002740835957487297,0.0002740835957487297
brown_2,gradient_combination,157,2693,0.00023281479481565152,0.00023281479481565152
brown_2,gradient_combination,158,2697,0.00019903363399086853,0.00019903363399086853
brown_2,gradient_combination,159,2702,0.0001685071007058947,0.0001685071007058947
brown_2,gradient_combination,160,2708,0.00014492301330947243,0.00014492301330947243
brown_2,gradient_combination,161,2712,0.00012308384318556823,0.00012308384318556823
brown_2,gradient_combination,162,2717,0.00010867108009462022,0.00010867108009462022
brown_2,gradient_combination,163,2722,0.00010150022479791157,0.00010150022479791157
brown_2,gradient_combination,164,2728,9.287094546955528e-05,9.287094546955528e-05
brown_2,gradient_combination,165,2733,8.74238604204413e-05,8.74238604204413e-05
brown_2,gradient_combination,166,2738,7.44956075153208e-05,7.44956075153208e-05
brown_2,gradient_combination,167,2745,6.909720947157196e-05,6.909720947157196e-05
brown_2,gradient_combination,168,2750,6.247121140500813e-05,6.247121140500813e-05
brown_2,gradient_combination,169,2755,5.846040411238381e-05,5.846040411238381e-05
brown_2,gradient_combination,170,2760,5.7283965324549435e-05,5.7283965324549435e-05
brown_2,gradient_combination,171,2765,5.290306936269089e-05,5.290306936269089e-05
brown_2,gradient_combination,172,2771,4.2095291377467424e-05,4.2095291377467424e-05
brown_2,gradient_combination,173,2777,3.961542975202022e-05,3.961542975202022e-05
brown_2,gradient_combination,174,2781,3.7252699803376436e-05,3.7252699803376436e-05
brown_2,gradient_combination,175,2787,3.262982886847519e-05,3.262982886847519e-05
brown_2,gradient_combination,176,2793,3.0730268978867566e-05,3.0730268978867566e-05
brown_2,gradient_combination,177,2798,2.9493032169198712e-05,2.9493032169198712e-05
brown_2,gradient_combination,178,2805,2.880273371235241e-05,2.880273371235241e-05
brown_2,gradient_combination,179,2810,2.7411800821717424e-05,2.7411800821717424e-05
brown_2,gradient_combination,180,2816,2.6659719679158752e-05,2.6659719679158752e-05
brown_2,gradient_combination,181,2820,2.43031568432815e-05,2.43031568432815e-05
brown_2,gradient_combination,182,2827,2.288830957053286e-05,2.288830957053286e-05
brown_2,gradient_combination,183,2832,2.2749721383523617e-05,2.2749721383523617e-05
brown_2,gradient_combination,184,2836,2.2551923006182263e-05,2.2551923006182263e-05
brown_2,gradient_combination,185,2842,2.055053417284235e-05,2.055053417284235e-05
brown_2,gradient_combination,186,2848,2.0189898573590108e-05,2.0189898573590108e-05
brown_2,gradient_combination,187,2852,1.8029410357949972e-05,1.8029410357949972e-05
brown_2,gradient_combination,188,2857,1.8012701110817985e-05,1.8012701110817985e-05
brown_2,gradient_combination,189,2863,1.7992712521703456e-05,1.7992712521703456e-05
brown_2,gradient_combination,190,2868,1.7033845188818226e-05,1.7033845188818226e-05
brown_2,gradient_combination,191,2874,1.5352269056660162e-05,1.5352269056660162e-05
brown_2,gradient_combination,192,2879,1.4495694340909634e-05,1.4495694340909634e-05
brown_2,gradient_combination,193,2884,1.4217538552942035e-05,1.4217538552942035e-05
brown_2,gradient_combination,194,2890,1.3908917616432298e-05,1.3908917616432298e-05
brown_2,gradient_combination,195,2895,1.3627168155412792e-05,1.3627168155412792e-05
brown_2,gradient_combination,196,2900,1.2120671167739567e-05,1.2120671167739567e-05
brown_2,gradient_combination,197,2906,1.1295575787562355e-05,1.1295575787562355e-05
brown_2,gradient_combination,198,2912,1.0953376052342725e-05,1.0953376052342725e-05
brown_2,gradient_combination,199,2916,1.0422944137982689e-05,1.0422944137982689e-05
brown_2,gradient_combination,200,2922,1.0016312565982317e-05,1.0016312565982317e-05
brown_2,gradient_combination,201,2928,9.152679378165175e-06,9.152679378165175e-06
brown_2,gradient_combination,202,2934,8.909269147775678e-06,8.909269147775678e-06
brown_2,gradient_combination,203,2939,8.473390730501492e-06,8.473390730501492e-06
brown_2,gradient_combination,204,2943,8.18589801284418e-06,8.18589801284418e-06
brown_2,gradient_combination,205,2948,7.291388277273385e-06,7.291388277273385e-06
brown_2,gradient_combination,206,2954,6.7783654798352135e-06,6.7783654798352135e-06
brown_2,gradient_combination,207,2959,5.43231076624504e-06,5.43231076624504e-06
brown_2,gradient_combination,208,2966,5.0909903781888185e-06,5.0909903781888185e-06
brown_2,gradient_combination,209,2971,5.017397662658041e-06,5.017397662658041e-06
brown_2,gradient_combination,210,2976,4.549219616244275e-06,4.549219616244275e-06
brown_2,gradient_combination,210,2977,4.549219616244275e-06,4.549219616244275e-06
chained_mifflin_2,gradient,1,5,128.216796875,163.016796875
chained_mifflin_2,gradient,2,6,69.87803798562554,104.67803798562554
chained_mifflin_2,gradient,3,9,-2.535015736413839,32.26498426358616
chained_mifflin_2,gradient,4,10,-8.986202268403371,25.813797731596626
chained_mifflin_2,gradient,5,13,-15.776182463877475,19.02381753612252
chained_mifflin_2,gradient,6,15,-26.070140061129937,8.72985993887006
chained_mifflin_2,gradient,7,17,-29.500313640057875,5.299686359942122
chained_mifflin_2,gradient,8,20,-32.86633778733418,1.9336622126658156
chained_mifflin_2,gradient,9,29,-33.22465159247305,1.5753484075269455
chained_mifflin_2,gradient,10,32,-33.34943966841247,1.4505603315875248
chained_mifflin_2,gradient,11,37,-33.41029151013799,1.3897084898620093
chained_mifflin_2,gradient,12,41,-33.51694951537732,1.2830504846226773
chained_mifflin_2,gradient,13,47,-34.271814132545174,0.5281858674548232
chained_mifflin_2,gradient,14,53,-34.30265549163909,0.4973445083609107
chained_mifflin_2,gradient,15,58,-34.469084253797504,0.33091574620249276
chained_mifflin_2,gradient,16,66,-34.476528937255964,0.3234710627440336
chained_mifflin_2,gradient,17,67,-34.494754682624766,0.3052453173752312
chained_mifflin_2,gradient,18,75,-34.49611021707839,0.3038897829216083
chained_mifflin_2,gradient,19,76,-34.53770055912301,0.262299440876987
chained_mifflin_2,gradient,20,78,-34.57049218873397,0.22950781126602493
chained_mifflin_2,gradient,21,89,-34.575403577868826,0.22459642213117093
chained_mifflin_2,gradient,22,90,-34.59358435289537,0.20641564710462745
chained_mifflin_2,gradient,23,97,-34.59779401287671,0.20220598712328552
chained_mifflin_2,gradient,24,102,-34.61090429129395,0.18909570870604853
chained_mifflin_2,gradient,25,103,-34.620307978490096,0.1796920215099007
chained_mifflin_2,gradient,26,110,-34.626830159121894,0.17316984087810283
chained_mifflin_2,gradient,27,120,-34.664864992514524,0.13513500748547358
chained_mifflin_2,gradient,28,121,-34.68629601104089,0.11370398895910938
chained_mifflin_2,gradient,29,123,-34.70739882075391,0.09260117924608835
chained_mifflin_2,gradient,30,124,-34.715714772496916,0.08428522750308076
chained_mifflin_2,gradient,31,136,-34.72204276123007,0.07795723876992611
chained_mifflin_2,gradient,32,143,-34.722233958682025,0.07776604131797171
chained_mifflin_2,gradient,33,152,-34.7223412908337,0.07765870916630035
chained_mifflin_2,gradient,34,158,-34.722426283162505,0.0775737168374917
chained_mifflin_2,gradient,35,162,-34.722526142626094,0.07747385737390289
chained_mifflin_2,gradient,36,165,-34.72283637654233,0.0771636234576647
chained_mifflin_2,gradient,37,169,-34.72301836600346,0.07698163399653879
chained_mifflin_2,gradient,38,173,-34.723402989965194,0.07659701003480279
chained_mifflin_2,gradient,39,178,-34.72343061286854,0.07656938713145678
chained_mifflin_2,gradient,40,183,-34.72351998553252,0.07648001446747799
chained_mifflin_2,gradient,41,188,-34.7235859516565,0.0764140483434943
chained_mifflin_2,gradient,42,194,-34.7236365527803,0.07636344721969834
chained_mifflin_2,gradient,43,200,-34.72364716714842,0.07635283285157612
chained_mifflin_2,gradient,44,205,-34.72365807720345,0.07634192279654428
chained_mifflin_2,gradient,45,225,-34.72366588378982,0.07633411621017672
chained_mifflin_2,gradient,46,228,-34.72370005584279,0.07629994415720631
chained_mifflin_2,gradient,47,231,-34.72372291166516,0.07627708833483382
chained_mifflin_2,gradient,48,234,-34.72391678729657,0.07608321270343055
chained_mifflin_2,gradient,49,236,-34.72403193288863,0.0759680671113685
chained_mifflin_2,gradient,50,239,-34.73369826424024,0.06630173575975817
chained_mifflin_2,gradient,51,244,-34.73632222939438,0.06367777060561508
chained_mifflin_2,gradient,52,252,-34.73739442553801,0.06260557446199044
chained_mifflin_2,gradient,53,262,-34.737428459292616,0.06257154070738125
chained_mifflin_2,gradient,54,264,-34.737868255541066,0.06213174445893088
chained_mifflin_2,gradient,55,267,-34.737994623785625,0.06200537621437263
chained_mifflin_2,gradient,56,276,-34.738652275158465,0.06134772484153217
chained_mifflin_2,gradient,57,277,-34.738961009551836,0.061038990448160746
chained_mifflin_2,gradient,58,282,-34.739009700878064,0.06099029912193288
chained_mifflin_2,gradient,59,286,-34.73941899410538,0.06058100589461901
chained_mifflin_2,gradient,60,290,-34.73978934051611,0.06021065948388582
chained_mifflin_2,gradient,61,291,-34.743464125275345,0.05653587472465205
chained_mifflin_2,gradient,62,300,-34.74348922629751,0.056510773702484585
chained_mifflin_2,gradient,63,303,-34.74664512524741,0.0533548747525856
chained_mifflin_2,gradient,64,309,-34.74684638733908,0.05315361266091401
chained_mifflin_2,gradient,65,317,-34.746853471005,0.05314652899500061
chained_mifflin_2,gradient,66,320,-34.74707170135676,0.05292829864323778
chained_mifflin_2,gradient,67,323,-34.747110161541414,0.05288983845858297
chained_mifflin_2,gradient,68,329,-34.74724641749171,0.05275358250828788
chained_mifflin_2,gradient,69,349,-34.75056080983727,0.049439190162729574
chained_mifflin_2,gradient,70,353,-34.75067224896523,0.04932775103476672
chained_mifflin_2,gradient,71,356,-34.75789507493353,0.04210492506646801
chained_mifflin_2,gradient,72,362,-34.759382454526815,0.040617545473182304
chained_mifflin_2,gradient,73,367,-34.76043792924446,0.03956207075553664
chained_mifflin_2,gradient,74,371,-34.7608707371801,0.03912926281989826
chained_mifflin_2,gradient,75,379,-34.76089017134306,0.03910982865694024
chained_mifflin_2,gradient,76,380,-34.762748906747944,0.03725109325205267
chained_mifflin_2,gradient,77,385,-34.76353855031533,0.03646144968466558
chained_mifflin_2,gradient,78,392,-34.76364018173112,0.036359818268877575
chained_mifflin_2,gradient,79,395,-34.76437358223038,0.03562641776962039
chained_mifflin_2,gradient,80,397,-34.76549613115354,0.03450386884645695
chained_mifflin_2,gradient,81,404,-34.76590368374475,0.03409631625524412
chained_mifflin_2,gradient,82,407,-34.76761202062637,0.03238797937362392
chained_mifflin_2,gradient,83,413,-34.768284231240784,0.03171576875921289
chained_mifflin_2,gradient,84,424,-34.768351292663034,0.0316487073369629
chained_mifflin_2,gradient,85,444,-34.76947701506624,0.030522984933753605
chained_mifflin_2,gradient,86,450,-34.76987953573621,0.03012046426378845
chained_mifflin_2,gradient,87,457,-34.76993132185774,0.030068678142257
chained_mifflin_2,gradient,88,461,-34.769938679188,0.03006132081199553
chained_mifflin_2,gradient,89,462,-34.770364575252884,0.029635424747112893
chained_mifflin_2,gradient,90,468,-34.77087166475586,0.02912833524413827
chained_mifflin_2,gradient,91,471,-34.77153772968096,0.028462270319039362
chained_mifflin_2,gradient,92,475,-34.7726856317441,0.02731436825589384
chained_mifflin_2,gradient,93,487,-34.773096924540646,0.026903075459351555
chained_mifflin_2,gradient,94,507,-34.7734082729965,0.02659172700349899
chained_mifflin_2,gradient,95,510,-34.77443579193163,0.025564208068367122
chained_mifflin_2,gradient,96,519,-34.774714359184784,0.025285640815212673
chained_mifflin_2,gradient,97,525,-34.77481430380826,0.025185696191734053
chained_mifflin_2,gradient,98,544,-34.774888222751684,0.025111777248312706
chained_mifflin_2,gradient,99,554,-34.774982885821544,0.025017114178453426
chained_mifflin_2,gradient,100,555,-34.776025872222036,0.023974127777961485
chained_mifflin_2,gradient,101,561,-34.77777792595059,0.022222074049409457
chained_mifflin_2,gradient,102,568,-34.77796822922657,0.022031770773423887
chained_mifflin_2,gradient,103,569,-34.778071424031424,0.021928575968573227
chained_mifflin_2,gradient,104,583,-34.77807216913705,0.021927830862949804
chained_mifflin_2,gradient,105,584,-34.77820347557693,0.0217965244230669
chained_mifflin_2,gradient,106,605,-34.778630099000274,0.021369900999722802
chained_mifflin_2,gradient,107,618,-34.77863498102323,0.021365018976766237
chained_mifflin_2,gradient,108,621,-34.77865435910419,0.02134564089580948
chained_mifflin_2,gradient,109,623,-34.77867524600711,0.021324753992885803
chained_mifflin_2,gradient,110,644,-34.7790256152135,0.02097438478649849
chained_mifflin_2,gradient,111,650,-34.779098577872475,0.02090142212752255
chained_mifflin_2,gradient,112,658,-34.779138339245385,0.020861660754611933
chained_mifflin_2,gradient,113,662,-34.77940563217662,0.02059436782337798
chained_mifflin_2,gradient,114,669,-34.77951600919283,0.020483990807164787
chained_mifflin_2,gradient,115,683,-34.779552291121924,0.020447708878073456
chained_mifflin_2,gradient,116,689,-34.77965241367736,0.02034758632263589
chained_mifflin_2,gradient,117,694,-34.779663839711255,0.020336160288742633
chained_mifflin_2,gradient,118,697,-34.78036048841031,0.019639511589687686
chained_mifflin_2,gradient,119,707,-34.78037270229719,0.01962729770280447
chained_mifflin_2,gradient,120,708,-34.78078794922382,0.019212050776175715
chained_mifflin_2,gradient,121,712,-34.78092148377459,0.019078516225405906
chained_mifflin_2,gradient,122,715,-34.78106278589945,0.018937214100546385
chained_mifflin_2,gradient,123,720,-34.781184432126636,0.018815567873360806
chained_mifflin_2,gradient,124,724,-34.78150227710135,0.018497722898644042
chained_mifflin_2,gradient,125,729,-34.78165410760839,0.018345892391607777
chained_mifflin_2,gradient,126,743,-34.78167781091373,0.018322189086269702
chained_mifflin_2,gradient,127,765,-34.78196039816014,0.018039601839859642
chained_mifflin_2,gradient,128,771,-34.78209476617444,0.017905233825558753
chained_mifflin_2,gradient,129,774,-34.78220039615515,0.0177996038448498
chained_mifflin_2,gradient,130,789,-34.78234435549592,0.01765564450407453
chained_mifflin_2,gradient,131,795,-34.78256418528554,0.017435814714460207
chained_mifflin_2,gradient,132,800,-34.78262058853479,0.01737941146520683
chained_mifflin_2,gradient,133,805,-34.78263518564451,0.017364814355488534
chained_mifflin_2,gradient,134,807,-34.782813821207476,0.017186178792520934
chained_mifflin_2,gradient,135,817,-34.782814084842094,0.017185915157902798
chained_mifflin_2,gradient,136,842,-34.78294163338171,0.017058366618286414
chained_mifflin_2,gradient,137,850,-34.78294751602856,0.017052483971440324
chained_mifflin_2,gradient,138,851,-34.78309041819622,0.016909581803780327
chained_mifflin_2,gradient,139,856,-34.783178541369125,0.016821458630872144
chained_mifflin_2,gradient,140,866,-34.78326203128976,0.01673796871023825
chained_mifflin_2,gradient,140,866,-34.78326203128976,0.01673796871023825
chained_mifflin_2,cutting_plane,1,6,128.216796875,163.016796875
chained_mifflin_2,cutting_plane,2,8,69.87803798562553,104.67803798562552
chained_mifflin_2,cutting_plane,3,12,-2.5350157364140857,32.26498426358591
chained_mifflin_2,cutting_plane,4,14,-8.986202268403575,25.813797731596424
chained_mifflin_2,cutting_plane,5,18,-15.776182463877593,19.023817536122404
chained_mifflin_2,cutting_plane,6,21,-26.070140061130097,8.7298599388699
chained_mifflin_2,cutting_plane,7,24,-29.50031364005788,5.299686359942118
chained_mifflin_2,cutting_plane,8,28,-32.866337787334196,1.9336622126658014
chained_mifflin_2,cutting_plane,9,38,-33.22465159247196,1.5753484075280397
chained_mifflin_2,cutting_plane,10,42,-33.34943966841244,1.4505603315875604
chained_mifflin_2,cutting_plane,11,48,-33.410291510137945,1.389708489862052
chained_mifflin_2,cutting_plane,12,53,-33.516949515377355,1.2830504846226418
chained_mifflin_2,cutting_plane,13,60,-34.2718141325452,0.5281858674547948
chained_mifflin_2,cutting_plane,14,67,-34.30265549163916,0.49734450836083965
chained_mifflin_2,cutting_plane,15,73,-34.46908425379754,0.33091574620245723
chained_mifflin_2,cutting_plane,16,82,-34.47652893725594,0.3234710627440549
chained_mifflin_2,cutting_plane,17,84,-34.494754682624546,0.30524531737545146
chained_mifflin_2,cutting_plane,18,93,-34.4961102170784,0.3038897829215941
chained_mifflin_2,cutting_plane,19,95,-34.537700559123024,0.26229944087697277
chained_mifflin_2,cutting_plane,20,98,-34.570492188733915,0.22950781126608177
chained_mifflin_2,cutting_plane,21,110,-34.575403577868656,0.22459642213134146
chained_mifflin_2,cutting_plane,22,112,-34.593584243471085,0.2064157565289122
chained_mifflin_2,cutting_plane,23,120,-34.59777637905351,0.2022236209464836
chained_mifflin_2,cutting_plane,24,126,-34.61090121481088,0.18909878518911682
chained_mifflin_2,cutting_plane,25,138,-34.63298490584684,0.1670150941531574
chained_mifflin_2,cutting_plane,26,149,-34.63373037076097,0.1662696292390251
chained_mifflin_2,cutting_plane,27,159,-34.668407610870865,0.13159238912913196
chained_mifflin_2,cutting_plane,28,168,-34.67705639663661,0.12294360336338883
chained_mifflin_2,cutting_plane,29,177,-34.68138870856106,0.11861129143893834
chained_mifflin_2,cutting_plane,30,185,-34.696922797105586,0.10307720289441136
chained_mifflin_2,cutting_plane,31,193,-34.70039331175576,0.09960668824423635
chained_mifflin_2,cutting_plane,32,195,-34.72794534673688,0.07205465326311611
chained_mifflin_2,cutting_plane,33,201,-34.73438425602072,0.06561574397927927
chained_mifflin_2,cutting_plane,34,213,-34.73466683857701,0.06533316142298418
chained_mifflin_2,cutting_plane,35,229,-34.73466721527241,0.06533278472758752
chained_mifflin_2,cutting_plane,36,243,-34.734677456506965,0.06532254349303201
chained_mifflin_2,cutting_plane,37,260,-34.73467821775817,0.06532178224182417
chained_mifflin_2,cutting_plane,38,273,-34.73467867238395,0.06532132761604714
chained_mifflin_2,cutting_plane,39,284,-34.7346788097843,0.06532119021569827
chained_mifflin_2,cutting_plane,40,294,-34.73467881107674,0.06532118892325656
chained_mifflin_2,cutting_plane,41,302,-34.734678941261265,0.06532105873873206
chained_mifflin_2,cutting_plane,42,310,-34.73468381363443,0.06531618636556402
chained_mifflin_2,cutting_plane,43,321,-34.73468608207977,0.06531391792022845
chained_mifflin_2,cutting_plane,44,329,-34.734691326690466,0.06530867330953072
chained_mifflin_2,cutting_plane,45,355,-34.73469728618133,0.06530271381866726
chained_mifflin_2,cutting_plane,46,364,-34.734707933966924,0.06529206603307358
chained_mifflin_2,cutting_plane,47,374,-34.734709670342305,0.06529032965769233
chained_mifflin_2,cutting_plane,48,402,-34.7347362343518,0.06526376564819714
chained_mifflin_2,cutting_plane,49,415,-34.73474874158406,0.06525125841593393
chained_mifflin_2,cutting_plane,50,424,-34.73475516665333,0.06524483334666797
chained_mifflin_2,cutting_plane,51,443,-34.75543306880789,0.04456693119210797
chained_mifflin_2,cutting_plane,52,454,-34.762466579378426,0.03753342062157117
chained_mifflin_2,cutting_plane,53,467,-34.76295094736382,0.03704905263617775
chained_mifflin_2,cutting_plane,54,487,-34.762956726502274,0.03704327349772285
chained_mifflin_2,cutting_plane,55,496,-34.76296828063933,0.03703171936066951
chained_mifflin_2,cutting_plane,56,508,-34.762972104969116,0.03702789503088155
chained_mifflin_2,cutting_plane,57,516,-34.76299235398854,0.03700764601146034
chained_mifflin_2,cutting_plane,58,524,-34.76299651915066,0.0370034808493358
chained_mifflin_2,cutting_plane,59,534,-34.763013187718656,0.036986812281341486
chained_mifflin_2,cutting_plane,60,545,-34.763014598142334,0.03698540185766319
chained_mifflin_2,cutting_plane,61,550,-34.76302430704213,0.03697569295786707
chained_mifflin_2,cutting_plane,62,570,-34.76305035923267,0.03694964076732532
chained_mifflin_2,cutting_plane,63,580,-34.763066694153174,0.03693330584682286
chained_mifflin_2,cutting_plane,64,588,-34.76309794446851,0.036902055531484734
chained_mifflin_2,cutting_plane,65,596,-34.76309865444871,0.03690134555128566
chained_mifflin_2,cutting_plane,66,603,-34.763179208655885,0.036820791344112536
chained_mifflin_2,cutting_plane,67,612,-34.76318501320976,0.03681498679024031
chained_mifflin_2,cutting_plane,68,619,-34.76321001374531,0.03678998625468921
chained_mifflin_2,cutting_plane,69,625,-34.76337242084064,0.03662757915935799
chained_mifflin_2,cutting_plane,70,634,-34.763420520966605,0.036579479033392204
chained_mifflin_2,cutting_plane,71,651,-34.76477335445252,0.03522664554747479
chained_mifflin_2,cutting_plane,72,653,-34.76627680239264,0.0337231976073582
chained_mifflin_2,cutting_plane,73,655,-34.76632659991574,0.03367340008425401
chained_mifflin_2,cutting_plane,74,657,-34.76851723748563,0.03148276251436499
chained_mifflin_2,cutting_plane,75,659,-34.77139133316939,0.02860866683060692
chained_mifflin_2,cutting_plane,76,661,-34.77371483590342,0.026285164096577773
chained_mifflin_2,cutting_plane,77,663,-34.77763879687065,0.02236120312934986
chained_mifflin_2,cutting_plane,78,665,-34.782013740756746,0.017986259243251368
chained_mifflin_2,cutting_plane,79,668,-34.78400857451847,0.01599142548153054
chained_mifflin_2,cutting_plane,80,670,-34.78568226916883,0.014317730831166386
chained_mifflin_2,cutting_plane,81,679,-34.78568406690832,0.014315933091680222
chained_mifflin_2,cutting_plane,82,688,-34.78681593559577,0.01318406440422848
chained_mifflin_2,cutting_plane,83,690,-34.787820416073686,0.012179583926311466
chained_mifflin_2,cutting_plane,84,694,-34.78784522289729,0.01215477710270818
chained_mifflin_2,cutting_plane,85,698,-34.78805528678261,0.01194471321738888
chained_mifflin_2,cutting_plane,86,700,-34.788621276682605,0.011378723317392314
chained_mifflin_2,cutting_plane,87,702,-34.78882864011709,0.011171359882908405
chained_mifflin_2,cutting_plane,88,704,-34.78970413547323,0.010295864526767673
chained_mifflin_2,cutting_plane,89,708,-34.78975936017867,0.01024063982132617
chained_mifflin_2,cutting_plane,90,713,-34.78994218627806,0.010057813721935815
chained_mifflin_2,cutting_plane,91,720,-34.79021173152224,0.009788268477755935
chained_mifflin_2,cutting_plane,92,727,-34.79023818857537,0.009761811424624511
chained_mifflin_2,cutting_plane,93,729,-34.79041979633837,0.009580203661627706
chained_mifflin_2,cutting_plane,94,731,-34.790565941250904,0.00943405874909331
chained_mifflin_2,cutting_plane,95,734,-34.790601792354266,0.00939820764573085
chained_mifflin_2,cutting_plane,96,736,-34.79114412370009,0.008855876299904253
chained_mifflin_2,cutting_plane,97,738,-34.79156778732279,0.008432212677206508
chained_mifflin_2,cutting_plane,98,742,-34.79163564284231,0.008364357157688573
chained_mifflin_2,cutting_plane,99,744,-34.79180446567415,0.008195534325849962
chained_mifflin_2,cutting_plane,100,746,-34.7921603767107,0.00783962328929988
chained_mifflin_2,cutting_plane,101,749,-34.792225857632914,0.007774142367082959
chained_mifflin_2,cutting_plane,102,751,-34.79250467023685,0.007495329763145264
chained_mifflin_2,cutting_plane,103,754,-34.79258520241693,0.007414797583066957
chained_mifflin_2,cutting_plane,104,758,-34.79275262130373,0.007247378696270346
chained_mifflin_2,cutting_plane,105,761,-34.79330197562127,0.006698024378728462
chained_mifflin_2,cutting_plane,106,765,-34.793305428983494,0.006694571016502948
chained_mifflin_2,cutting_plane,107,767,-34.79347298914979,0.0065270108502062385
chained_mifflin_2,cutting_plane,108,769,-34.79347425864229,0.006525741357705783
chained_mifflin_2,cutting_plane,109,772,-34.79357612265921,0.006423877340786532
chained_mifflin_2,cutting_plane,110,775,-34.793753456306874,0.006246543693123385
chained_mifflin_2,cutting_plane,111,777,-34.79382341167408,0.006176588325914167
chained_mifflin_2,cutting_plane,112,779,-34.79383263513529,0.006167364864708702
chained_mifflin_2,cutting_plane,113,782,-34.793944901735884,0.006055098264113212
chained_mifflin_2,cutting_plane,114,784,-34.79400022776311,0.0059997722368905215
chained_mifflin_2,cutting_plane,115,788,-34.794028467475826,0.0059715325241711525
chained_mifflin_2,cutting_plane,116,792,-34.79404110108523,0.005958898914769861
chained_mifflin_2,cutting_plane,116,793,-34.79404110108523,0.005958898914769861
chained_mifflin_2,gradient_combination,1,6,128.216796875,163.016796875
chained_mifflin_2,gradient_combination,2,8,69.87803798562553,104.67803798562552
chained_mifflin_2,gradient_combination,3,12,-2.5350157364140857,32.26498426358591
chained_mifflin_2,gradient_combination,4,14,-8.986202268403575,25.813797731596424
chained_mifflin_2,gradient_combination,5,18,-15.776182463877593,19.023817536122404
chained_mifflin_2,gradient_combination,6,21,-26.070140061130097,8.7298599388699
chained_mifflin_2,gradient_combination,7,24,-29.50031364005788,5.299686359942118
chained_mifflin_2,gradient_combination,8,28,-32.866337787334196,1.9336622126658014
chained_mifflin_2,gradient_combination,9,38,-33.22465159247196,1.5753484075280397
chained_mifflin_2,gradient_combination,10,42,-33.34943966841244,1.4505603315875604
chained_mifflin_2,gradient_combination,11,48,-33.410291510137945,1.389708489862052
chained_mifflin_2,gradient_combination,12,53,-33.516949515377355,1.2830504846226418
chained_mifflin_2,gradient_combination,13,60,-34.2718141325452,0.5281858674547948
chained_mifflin_2,gradient_combination,14,67,-34.30265549163916,0.49734450836083965
chained_mifflin_2,gradient_combination,15,73,-34.46908425379754,0.33091574620245723
chained_mifflin_2,gradient_combination,16,82,-34.47652893725594,0.3234710627440549
chained_mifflin_2,gradient_combination,17,84,-34.494754682624546,0.30524531737545146
chained_mifflin_2,gradient_combination,18,93,-34.4961102170784,0.3038897829215941
chained_mifflin_2,gradient_combination,19,95,-34.537700559123024,0.26229944087697277
chained_mifflin_2,gradient_combination,20,98,-34.570492188733915,0.22950781126608177
chained_mifflin_2,gradient_combination,21,110,-34.575403577868656,0.22459642213134146
chained_mifflin_2,gradient_combination,22,112,-34.593584243471085,0.2064157565289122
chained_mifflin_2,gradient_combination,23,120,-34.59777637905351,0.2022236209464836
chained_mifflin_2,gradient_combination,24,126,-34.61090121481088,0.18909878518911682
chained_mifflin_2,gradient_combination,25,138,-34.63298490584684,0.1670150941531574
chained_mifflin_2,gradient_combination,26,149,-34.63373037076097,0.1662696292390251
chained_mifflin_2,gradient_combination,27,159,-34.668407610870865,0.13159238912913196
chained_mifflin_2,gradient_combination,28,168,-34.67705639663661,0.12294360336338883
chained_mifflin_2,gradient_combination,29,177,-34.68138870856106,0.11861129143893834
chained_mifflin_2,gradient_combination,30,185,-34.696922797105586,0.10307720289441136
chained_mifflin_2,gradient_combination,31,193,-34.70039331175576,0.09960668824423635
chained_mifflin_2,gradient_combination,32,195,-34.72794534673688,0.07205465326311611
chained_mifflin_2,gradient_combination,33,201,-34.73438425602072,0.06561574397927927
chained_mifflin_2,gradient_combination,34,213,-34.73466683857701,0.06533316142298418
chained_mifflin_2,gradient_combination,35,240,-34.73467233962523,0.06532766037476989
chained_mifflin_2,gradient_combination,36,281,-34.734673203346354,0.06532679665364327
chained_mifflin_2,gradient_combination,37,322,-34.73468630419416,0.06531369580583402
chained_mifflin_2,gradient_combination,38,344,-34.73469231586839,0.0653076841316107
chained_mifflin_2,gradient_combination,39,381,-34.73469714621802,0.06530285378197931
chained_mifflin_2,gradient_combination,40,420,-34.73469931221013,0.06530068778986475
chained_mifflin_2,gradient_combination,41,440,-34.73470749658608,0.06529250341391446
chained_mifflin_2,gradient_combination,42,459,-34.73471812801858,0.06528187198141921
chained_mifflin_2,gradient_combination,43,485,-34.73472087020237,0.06527912979762363
chained_mifflin_2,gradient_combination,44,516,-34.73472910367988,0.06527089632011496
chained_mifflin_2,gradient_combination,45,549,-34.73474334079474,0.0652566592052537
chained_mifflin_2,gradient_combination,46,570,-34.73474713783183,0.0652528621681654
chained_mifflin_2,gradient_combination,47,587,-34.73475459795667,0.06524540204332396
chained_mifflin_2,gradient_combination,48,603,-34.734760390016454,0.06523960998354283
chained_mifflin_2,gradient_combination,49,620,-34.734770052529385,0.06522994747061261
chained_mifflin_2,gradient_combination,50,637,-34.73477746505393,0.06522253494606645
chained_mifflin_2,gradient_combination,51,653,-34.73478031388456,0.06521968611543372
chained_mifflin_2,gradient_combination,52,671,-34.73482936204547,0.06517063795453026
chained_mifflin_2,gradient_combination,53,690,-34.734838820889856,0.06516117911014163
chained_mifflin_2,gradient_combination,54,704,-34.734852492556584,0.06514750744341313
chained_mifflin_2,gradient_combination,55,721,-34.734863101634865,0.06513689836513237
chained_mifflin_2,gradient_combination,56,753,-34.73496552623325,0.06503447376674387
chained_mifflin_2,gradient_combination,57,770,-34.73500252709148,0.06499747290851587
chained_mifflin_2,gradient_combination,58,787,-34.73500805461228,0.06499194538771746
chained_mifflin_2,gradient_combination,59,803,-34.735098348436665,0.06490165156333205
chained_mifflin_2,gradient_combination,60,824,-34.735120598131054,0.06487940186894292
chained_mifflin_2,gradient_combination,61,838,-34.73512829493766,0.06487170506233753
chained_mifflin_2,gradient_combination,62,855,-34.73513450544942,0.064865494550574
chained_mifflin_2,gradient_combination,63,870,-34.73547368633678,0.06452631366321526
chained_mifflin_2,gradient_combination,64,891,-34.735769696649825,0.06423030335017188
chained_mifflin_2,gradient_combination,65,907,-34.7362065487545,0.06379345124549474
chained_mifflin_2,gradient_combination,66,921,-34.74660258820123,0.05339741179876967
chained_mifflin_2,gradient_combination,67,938,-34.749324744142314,0.05067525585768351
chained_mifflin_2,gradient_combination,68,956,-34.749378975296764,0.05062102470323282
chained_mifflin_2,gradient_combination,69,972,-34.75166990621324,0.048330093786759676
chained_mifflin_2,gradient_combination,70,986,-34.75310637803078,0.0468936219692182
chained_mifflin_2,gradient_combination,71,990,-34.7581947091603,0.04180529083969731
chained_mifflin_2,gradient_combination,72,992,-34.75946292884403,0.04053707115596694
chained_mifflin_2,gradient_combination,73,995,-34.76277420624976,0.03722579375023827
chained_mifflin_2,gradient_combination,74,998,-34.76500728984139,0.03499271015860472
chained_mifflin_2,gradient_combination,75,1000,-34.76722482245519,0.03277517754480641
chained_mifflin_2,gradient_combination,76,1003,-34.76806671934387,0.03193328065612633
chained_mifflin_2,gradient_combination,77,1005,-34.77459335318086,0.025406646819135403
chained_mifflin_2,gradient_combination,78,1008,-34.776386930118434,0.023613069881562865
chained_mifflin_2,gradient_combination,79,1010,-34.776977726661855,0.02302227333814244
chained_mifflin_2,gradient_combination,80,1012,-34.77979408394738,0.020205916052617567
chained_mifflin_2,gradient_combination,81,1015,-34.78197336403669,0.018026635963309445
chained_mifflin_2,gradient_combination,82,1020,-34.7841591805893,0.01584081941069826
chained_mifflin_2,gradient_combination,83,1026,-34.78754006631494,0.012459933685057933
chained_mifflin_2,gradient_combination,84,1028,-34.788110563465324,0.011889436534673337
chained_mifflin_2,gradient_combination,85,1032,-34.788303663332144,0.011696336667853302
chained_mifflin_2,gradient_combination,86,1035,-34.788387148558,0.011612851441995531
chained_mifflin_2,gradient_combination,87,1039,-34.78900731927153,0.01099268072846371
chained_mifflin_2,gradient_combination,88,1043,-34.78937053552553,0.01062946447446933
chained_mifflin_2,gradient_combination,89,1047,-34.78947917626601,0.010520823733983775
chained_mifflin_2,gradient_combination,90,1051,-34.78992982848162,0.010070171518378856
chained_mifflin_2,gradient_combination,91,1057,-34.78998039756327,0.010019602436727837
chained_mifflin_2,gradient_combination,92,1059,-34.790208245337325,0.009791754662671792
chained_mifflin_2,gradient_combination,93,1061,-34.790645712092264,0.009354287907733294
chained_mifflin_2,gradient_combination,94,1065,-34.79105610874069,0.008943891259306724
chained_mifflin_2,gradient_combination,95,1071,-34.79121578935141,0.008784210648585145
chained_mifflin_2,gradient_combination,96,1078,-34.79126844333772,0.008731556662276319
chained_mifflin_2,gradient_combination,97,1080,-34.791445676625194,0.008554323374802664
chained_mifflin_2,gradient_combination,98,1085,-34.79147884757196,0.008521152428038192
chained_mifflin_2,gradient_combination,99,1087,-34.792100637492446,0.007899362507551189
chained_mifflin_2,gradient_combination,100,1090,-34.792414791076645,0.007585208923352127
chained_mifflin_2,gradient_combination,101,1093,-34.79254039269786,0.007459607302138238
chained_mifflin_2,gradient_combination,102,1095,-34.792916984369526,0.007083015630470868
chained_mifflin_2,gradient_combination,103,1097,-34.792983324380394,0.007016675619603063
chained_mifflin_2,gradient_combination,104,1099,-34.79309457793503,0.006905422064967581
chained_mifflin_2,gradient_combination,105,1101,-34.79352831760974,0.006471682390255751
chained_mifflin_2,gradient_combination,106,1103,-34.793729033809484,0.00627096619051315
chained_mifflin_2,gradient_combination,107,1108,-34.79405859004451,0.0059414099554899735
chained_mifflin_2,gradient_combination,108,1112,-34.79407298644641,0.005927013553588267
chained_mifflin_2,gradient_combination,109,1114,-34.79417625750252,0.005823742497476303
chained_mifflin_2,gradient_combination,110,1118,-34.79420715261423,0.005792847385770017
chained_mifflin_2,gradient_combination,111,1123,-34.79423955894654,0.0057604410534537465
chained_mifflin_2,gradient_combination,112,1136,-34.794359215936595,0.005640784063402293
chained_mifflin_2,gradient_combination,113,1143,-34.794365693811294,0.00563430618870342
chained_mifflin_2,gradient_combination,114,1146,-34.79437961381136,0.005620386188638804
chained_mifflin_2,gradient_combination,115,1152,-34.79438921207549,0.005610787924510419
chained_mifflin_2,gradient_combination,116,1160,-34.794389739634205,0.00561026036579193
chained_mifflin_2,gradient_combination,117,1170,-34.79439727674272,0.0056027232572759544
chained_mifflin_2,gradient_combination,118,1175,-34.79441252565105,0.005587474348949684
chained_mifflin_2,gradient_combination,119,1179,-34.79445455347985,0.005545446520144992
chained_mifflin_2,gradient_combination,120,1181,-34.79451630508109,0.0054836949189081
chained_mifflin_2,gradient_combination,121,1184,-34.79452512002784,0.005474879972155122
chained_mifflin_2,gradient_combination,122,1189,-34.79452869358856,0.005471306411436672
chained_mifflin_2,gradient_combination,122,1190,-34.79452869358856,0.005471306411436672
chained_crescent_1,gradient,1,3,287.75,287.75
chained_crescent_1,gradient,2,4,28.60646061456697,28.60646061456697
chained_crescent_1,gradient,3,7,25.323981650577085,25.323981650577085
chained_crescent_1,gradient,4,8,2.068749075632869,2.068749075632869
chained_crescent_1,gradient,5,12,0.7499258798807444,0.7499258798807444
chained_crescent_1,gradient,6,14,0.6568636428016359,0.6568636428016359
chained_crescent_1,gradient,7,15,0.46666106290332454,0.46666106290332454
chained_crescent_1,gradient,8,21,0.12808436194105144,0.12808436194105144
chained_crescent_1,gradient,9,24,0.12079102097356009,0.12079102097356009
chained_crescent_1,gradient,10,25,0.08382002603272731,0.08382002603272731
chained_crescent_1,gradient,11,26,0.04874633468897738,0.04874633468897738
chained_crescent_1,gradient,12,27,0.042505046370036825,0.042505046370036825
chained_crescent_1,gradient,13,28,0.028812184000484464,0.028812184000484464
chained_crescent_1,gradient,14,29,0.018903274000737325,0.018903274000737325
chained_crescent_1,gradient,15,33,0.014204107018074508,0.014204107018074508
chained_crescent_1,gradient,16,34,0.013214087097163651,0.013214087097163651
chained_crescent_1,gradient,17,40,0.010941665191644967,0.010941665191644967
chained_crescent_1,gradient,18,41,0.008786055701379136,0.008786055701379136
chained_crescent_1,gradient,19,49,0.0034433748081630355,0.0034433748081630355
chained_crescent_1,gradient,20,51,0.002518074219556632,0.002518074219556632
chained_crescent_1,gradient,21,59,0.0012166319810363868,0.0012166319810363868
chained_crescent_1,gradient,22,61,0.0006241412117089506,0.0006241412117089506
chained_crescent_1,gradient,23,68,9.521873610640608e-05,9.521873610640608e-05
chained_crescent_1,gradient,24,71,9.130539643864566e-05,9.130539643864566e-05
chained_crescent_1,gradient,25,79,3.0559563277021695e-05,3.0559563277021695e-05
chained_crescent_1,gradient,26,81,2.7575877350694e-05,2.7575877350694e-05
chained_crescent_1,gradient,27,89,1.1237173080380636e-05,1.1237173080380636e-05
chained_crescent_1,gradient,28,91,7.978503682393168e-06,7.978503682393168e-06
chained_crescent_1,gradient,29,99,5.2304427498039985e-06,5.2304427498039985e-06
chained_crescent_1,gradient,30,101,1.9181765800180273e-06,1.9181765800180273e-06
chained_crescent_1,gradient,31,102,1.0701574728599894e-06,1.0701574728599894e-06
chained_crescent_1,gradient,32,109,6.815698796458491e-07,6.815698796458491e-07
chained_crescent_1,gradient,33,111,3.84942772546637e-07,3.84942772546637e-07
chained_crescent_1,gradient,34,112,3.683708793555951e-07,3.683708793555951e-07
chained_crescent_1,gradient,35,115,2.6320472001906126e-07,2.6320472001906126e-07
chained_crescent_1,gradient,36,119,1.8081632835453831e-07,1.8081632835453831e-07
chained_crescent_1,gradient,37,123,1.3271660015412579e-07,1.3271660015412579e-07
chained_crescent_1,gradient,38,126,7.753438446833627e-09,7.753438446833627e-09
chained_crescent_1,gradient,39,138,7.373525345855114e-09,7.373525345855114e-09
chained_crescent_1,gradient,40,141,7.4463190058438045e-09,7.4463190058438045e-09
chained_crescent_1,gradient,41,147,7.315265948548699e-09,7.315265948548699e-09
chained_crescent_1,gradient,42,150,7.202543228501668e-09,7.202543228501668e-09
chained_crescent_1,gradient,43,156,7.269120971820087e-09,7.269120971820087e-09
chained_crescent_1,gradient,44,159,7.013478686701546e-09,7.013478686701546e-09
chained_crescent_1,gradient,45,166,7.063304052756791e-09,7.063304052756791e-09
chained_crescent_1,gradient,46,169,6.939937069461166e-09,6.939937069461166e-09
chained_crescent_1,gradient,47,176,6.982853517634169e-09,6.982853517634169e-09
chained_crescent_1,gradient,48,178,7.075594332661694e-09,7.075594332661694e-09
chained_crescent_1,gradient,49,183,7.0725981737851384e-09,7.0725981737851384e-09
chained_crescent_1,gradient,50,197,7.0112439187752784e-09,7.0112439187752784e-09
chained_crescent_1,gradient,51,203,7.053153616709551e-09,7.053153616709551e-09
chained_crescent_1,gradient,52,206,6.943213892718347e-09,6.943213892718347e-09
chained_crescent_1,gradient,53,212,7.03839275750795e-09,7.03839275750795e-09
chained_crescent_1,gradient,54,216,7.052252226635858e-09,7.052252226635858e-09
chained_crescent_1,gradient,55,222,7.021372705473539e-09,7.021372705473539e-09
chained_crescent_1,gradient,56,225,6.987447620510068e-09,6.987447620510068e-09
chained_crescent_1,gradient,57,231,7.00818947318993e-09,7.00818947318993e-09
chained_crescent_1,gradient,58,234,6.934092300348027e-09,6.934092300348027e-09
chained_crescent_1,gradient,59,240,6.996568213679666e-09,6.996568213679666e-09
chained_crescent_1,gradient,60,244,7.015250713671151e-09,7.015250713671151e-09
chained_crescent_1,gradient,61,258,7.05177938264967e-09,7.05177938264967e-09
chained_crescent_1,gradient,62,261,6.943096875211552e-09,6.943096875211552e-09
chained_crescent_1,gradient,63,267,7.035861893101014e-09,7.035861893101014e-09
chained_crescent_1,gradient,64,271,7.059447804103058e-09,7.059447804103058e-09
chained_crescent_1,gradient,65,277,7.017536995945761e-09,7.017536995945761e-09
chained_crescent_1,gradient,66,280,6.99031510453807e-09,6.99031510453807e-09
chained_crescent_1,gradient,67,286,7.003347790579539e-09,7.003347790579539e-09
chained_crescent_1,gradient,68,289,6.933214669047061e-09,6.933214669047061e-09
chained_crescent_1,gradient,69,295,6.99077995491848e-09,6.99077995491848e-09
chained_crescent_1,gradient,70,299,7.020015124759027e-09,7.020015124759027e-09
chained_crescent_1,gradient,71,304,7.0923225070629314e-09,7.0923225070629314e-09
chained_crescent_1,gradient,71,304,7.0923225070629314e-09,7.0923225070629314e-09
chained_crescent_1,cutting_plane,1,4,287.75,287.75
chained_crescent_1,cutting_plane,2,6,28.60646061456698,28.60646061456698
chained_crescent_1,cutting_plane,3,10,25.323981650577117,25.323981650577117
chained_crescent_1,cutting_plane,4,12,2.068749075632881,2.068749075632881
chained_crescent_1,cutting_plane,5,17,0.74992587988073,0.74992587988073
chained_crescent_1,cutting_plane,6,20,0.6568636428016414,0.6568636428016414
chained_crescent_1,cutting_plane,7,22,0.46666106290333265,0.46666106290333265
chained_crescent_1,cutting_plane,8,29,0.128084361941049,0.128084361941049
chained_crescent_1,cutting_plane,9,33,0.12079102097355943,0.12079102097355943
chained_crescent_1,cutting_plane,10,35,0.08382002603272931,0.08382002603272931
chained_crescent_1,cutting_plane,11,37,0.048746334688977155,0.048746334688977155
chained_crescent_1,cutting_plane,12,39,0.04250504637002317,0.04250504637002317
chained_crescent_1,cutting_plane,13,41,0.02881218400049157,0.02881218400049157
chained_crescent_1,cutting_plane,14,43,0.018903274000746206,0.018903274000746206
chained_crescent_1,cutting_plane,15,48,0.014204107018049417,0.014204107018049417
chained_crescent_1,cutting_plane,16,50,0.013214087097170313,0.013214087097170313
chained_crescent_1,cutting_plane,17,57,0.010941665191606442,0.010941665191606442
chained_crescent_1,cutting_plane,18,59,0.008786055701393236,0.008786055701393236
chained_crescent_1,cutting_plane,19,68,0.0034433748081142967,0.0034433748081142967
chained_crescent_1,cutting_plane,20,71,0.002518074219571953,0.002518074219571953
chained_crescent_1,cutting_plane,21,80,0.0012166319809733261,0.0012166319809733261
chained_crescent_1,cutting_plane,22,83,0.0006241419601450415,0.0006241419601450415
chained_crescent_1,cutting_plane,23,91,9.509303932764279e-05,9.509303932764279e-05
chained_crescent_1,cutting_plane,24,95,9.139433870819502e-05,9.139433870819502e-05
chained_crescent_1,cutting_plane,25,104,2.5891746918471625e-05,2.5891746918471625e-05
chained_crescent_1,cutting_plane,26,108,1.2663892280717626e-05,1.2663892280717626e-05
chained_crescent_1,cutting_plane,27,111,1.0494598769894559e-05,1.0494598769894559e-05
chained_crescent_1,cutting_plane,28,113,3.2126829323519956e-06,3.2126829323519956e-06
chained_crescent_1,cutting_plane,29,120,5.957614886975549e-07,5.957614886975549e-07
chained_crescent_1,cutting_plane,30,123,4.952767964638838e-07,4.952767964638838e-07
chained_crescent_1,cutting_plane,31,130,4.621193915310684e-07,4.621193915310684e-07
chained_crescent_1,cutting_plane,32,140,4.3014508432914766e-07,4.3014508432914766e-07
chained_crescent_1,cutting_plane,33,146,3.6319659835193363e-07,3.6319659835193363e-07
chained_crescent_1,cutting_plane,34,149,1.8583573691000055e-07,1.8583573691000055e-07
chained_crescent_1,cutting_plane,35,155,1.1106657415993482e-07,1.1106657415993482e-07
chained_crescent_1,cutting_plane,36,162,9.716195714659648e-08,9.716195714659648e-08
chained_crescent_1,cutting_plane,37,168,7.646827016039026e-08,7.646827016039026e-08
chained_crescent_1,cutting_plane,38,177,7.330426832208303e-08,7.330426832208303e-08
chained_crescent_1,cutting_plane,39,183,6.796172924428134e-08,6.796172924428134e-08
chained_crescent_1,cutting_plane,40,191,6.758290860275906e-08,6.758290860275906e-08
chained_crescent_1,cutting_plane,41,195,6.750636794006226e-08,6.750636794006226e-08
chained_crescent_1,cutting_plane,42,202,6.631970472792403e-08,6.631970472792403e-08
chained_crescent_1,cutting_plane,43,208,6.599353252756401e-08,6.599353252756401e-08
chained_crescent_1,cutting_plane,44,215,6.557798604145404e-08,6.557798604145404e-08
chained_crescent_1,cutting_plane,45,217,4.1165210018512255e-08,4.1165210018512255e-08
chained_crescent_1,cutting_plane,46,224,3.8700114890488635e-08,3.8700114890488635e-08
chained_crescent_1,cutting_plane,47,233,3.77609089552422e-08,3.77609089552422e-08
chained_crescent_1,cutting_plane,48,242,3.587298869067723e-08,3.587298869067723e-08
chained_crescent_1,cutting_plane,49,249,2.8161310505758763e-08,2.8161310505758763e-08
chained_crescent_1,cutting_plane,50,255,2.5334867426174412e-08,2.5334867426174412e-08
chained_crescent_1,cutting_plane,51,258,1.8965686354732725e-08,1.8965686354732725e-08
chained_crescent_1,cutting_plane,52,261,3.3325355808244694e-09,3.3325355808244694e-09
chained_crescent_1,cutting_plane,53,282,1.0441217890289067e-09,1.0441217890289067e-09
chained_crescent_1,cutting_plane,54,295,5.041613793110855e-10,5.041613793110855e-10
chained_crescent_1,cutting_plane,55,304,5.438547390212989e-10,5.438547390212989e-10
chained_crescent_1,cutting_plane,56,309,3.532762971047987e-11,3.532762971047987e-11
chained_crescent_1,cutting_plane,56,311,3.532762971047987e-11,3.532762971047987e-11
chained_crescent_1,gradient_combination,1,4,287.75,287.75
chained_crescent_1,gradient_combination,2,6,28.60646061456697,28.60646061456697
chained_crescent_1,gradient_combination,3,10,25.323981650577085,25.323981650577085
chained_crescent_1,gradient_combination,4,12,2.068749075632869,2.068749075632869
chained_crescent_1,gradient_combination,5,17,0.7499258798807444,0.7499258798807444
chained_crescent_1,gradient_combination,6,20,0.6568636428016359,0.6568636428016359
chained_crescent_1,gradient_combination,7,22,0.46666106290332454,0.46666106290332454
chained_crescent_1,gradient_combination,8,29,0.12808436194105144,0.12808436194105144
chained_crescent_1,gradient_combination,9,33,0.12079102097356009,0.12079102097356009
chained_crescent_1,gradient_combination,10,35,0.08382002603272731,0.08382002603272731
chained_crescent_1,gradient_combination,11,37,0.04874633468897738,0.04874633468897738
chained_crescent_1,gradient_combination,12,39,0.042505046370036825,0.042505046370036825
chained_crescent_1,gradient_combination,13,41,0.028812184000484464,0.028812184000484464
chained_crescent_1,gradient_combination,14,43,0.018903274000737325,0.018903274000737325
chained_crescent_1,gradient_combination,15,48,0.014204107018074508,0.014204107018074508
chained_crescent_1,gradient_combination,16,50,0.013214087097163651,0.013214087097163651
chained_crescent_1,gradient_combination,17,57,0.010941665191644967,0.010941665191644967
chained_crescent_1,gradient_combination,18,59,0.008786055701379136,0.008786055701379136
chained_crescent_1,gradient_combination,19,68,0.0034433748081630355,0.0034433748081630355
chained_crescent_1,gradient_combination,20,71,0.002518074219556632,0.002518074219556632
chained_crescent_1,gradient_combination,21,80,0.0012166319810363868,0.0012166319810363868
chained_crescent_1,gradient_combination,22,83,0.0006241412117089506,0.0006241412117089506
chained_crescent_1,gradient_combination,23,91,9.521873610640608e-05,9.521873610640608e-05
chained_crescent_1,gradient_combination,24,95,9.130539643864566e-05,9.130539643864566e-05
chained_crescent_1,gradient_combination,25,104,3.0559563277021695e-05,3.0559563277021695e-05
chained_crescent_1,gradient_combination,26,107,2.7575877350694e-05,2.7575877350694e-05
chained_crescent_1,gradient_combination,27,116,1.1237173080380636e-05,1.1237173080380636e-05
chained_crescent_1,gradient_combination,28,119,7.978503682393168e-06,7.978503682393168e-06
chained_crescent_1,gradient_combination,29,128,5.2304427498039985e-06,5.2304427498039985e-06
chained_crescent_1,gradient_combination,30,131,1.9181765800180273e-06,1.9181765800180273e-06
chained_crescent_1,gradient_combination,31,133,1.0701574728599894e-06,1.0701574728599894e-06
chained_crescent_1,gradient_combination,32,141,6.815698796458491e-07,6.815698796458491e-07
chained_crescent_1,gradient_combination,33,144,3.84942772546637e-07,3.84942772546637e-07
chained_crescent_1,gradient_combination,34,146,3.683708793555951e-07,3.683708793555951e-07
chained_crescent_1,gradient_combination,35,150,2.6320472001906126e-07,2.6320472001906126e-07
chained_crescent_1,gradient_combination,36,155,1.8081632835453831e-07,1.8081632835453831e-07
chained_crescent_1,gradient_combination,37,160,1.3271660015412579e-07,1.3271660015412579e-07
chained_crescent_1,gradient_combination,38,164,7.753438446833627e-09,7.753438446833627e-09
chained_crescent_1,gradient_combination,39,188,7.4263992733136774e-09,7.4263992733136774e-09
chained_crescent_1,gradient_combination,40,193,7.276794389277086e-09,7.276794389277086e-09
chained_crescent_1,gradient_combination,41,212,3.4143935456754093e-09,3.4143935456754093e-09
chained_crescent_1,gradient_combination,42,222,2.800207177244829e-09,2.800207177244829e-09
chained_crescent_1,gradient_combination,43,230,1.8748690377989874e-09,1.8748690377989874e-09
chained_crescent_1,gradient_combination,44,237,1.1712419922815798e-09,1.1712419922815798e-09
chained_crescent_1,gradient_combination,45,251,5.199154440305165e-10,5.199154440305165e-10
chained_crescent_1,gradient_combination,46,264,2.930530262901243e-10,2.930530262901243e-10
chained_crescent_1,gradient_combination,46,276,2.930530262901243e-10,2.930530262901243e-10
chained_crescent_2,gradient,1,3,287.75,287.75
chained_crescent_2,gradient,2,4,30.102483792809696,30.102483792809696
chained_crescent_2,gradient,3,7,22.792897520100716,22.792897520100716
chained_crescent_2,gradient,4,8,4.506490325564197,4.506490325564197
chained_crescent_2,gradient,5,14,2.889778988116539,2.889778988116539
chained_crescent_2,gradient,6,19,2.6920820424587717,2.6920820424587717
chained_crescent_2,gradient,7,23,2.596431562168303,2.596431562168303
chained_crescent_2,gradient,8,25,2.1601174139248287,2.1601174139248287
chained_crescent_2,gradient,9,34,2.1347827326054167,2.1347827326054167
chained_crescent_2,gradient,10,36,2.1093490356157307,2.1093490356157307
chained_crescent_2,gradient,11,45,1.3753664390866163,1.3753664390866163
chained_crescent_2,gradient,12,52,1.3688050844091075,1.3688050844091075
chained_crescent_2,gradient,13,53,0.4960733964379299,0.4960733964379299
chained_crescent_2,gradient,14,58,0.40529223859140917,0.40529223859140917
chained_crescent_2,gradient,15,62,0.34318848201563557,0.34318848201563557
chained_crescent_2,gradient,16,63,0.19715265676574212,0.19715265676574212
chained_crescent_2,gradient,17,73,0.1898893913018923,0.1898893913018923
chained_crescent_2,gradient,18,81,0.166408085794705,0.166408085794705
chained_crescent_2,gradient,19,82,0.1157190029807994,0.1157190029807994
chained_crescent_2,gradient,20,86,0.09881242080947272,0.09881242080947272
chained_crescent_2,gradient,21,98,0.09877656356711195,0.09877656356711195
chained_crescent_2,gradient,22,106,0.08115258419345217,0.08115258419345217
chained_crescent_2,gradient,23,107,0.07384650113005975,0.07384650113005975
chained_crescent_2,gradient,24,108,0.04603564537756666,0.04603564537756666
chained_crescent_2,gradient,25,112,0.04087030375761913,0.04087030375761913
chained_crescent_2,gradient,26,117,0.03962856743581744,0.03962856743581744
chained_crescent_2,gradient,27,122,0.03941806798785219,0.03941806798785219
chained_crescent_2,gradient,28,129,0.03848025208262873,0.03848025208262873
chained_crescent_2,gradient,29,130,0.031262639274904025,0.031262639274904025
chained_crescent_2,gradient,30,145,0.02728179395907726,0.02728179395907726
chained_crescent_2,gradient,31,147,0.027230711465136115,0.027230711465136115
chained_crescent_2,gradient,32,158,0.02116348336630225,0.02116348336630225
chained_crescent_2,gradient,33,167,0.02055379339855956,0.02055379339855956
chained_crescent_2,gradient,34,168,0.016148998607775522,0.016148998607775522
chained_crescent_2,gradient,35,180,0.01604081546572067,0.01604081546572067
chained_crescent_2,gradient,36,190,0.008139516951244485,0.008139516951244485
chained_crescent_2,gradient,37,192,0.006490523409592441,0.006490523409592441
chained_crescent_2,gradient,38,206,0.006305167644178544,0.006305167644178544
chained_crescent_2,gradient,39,217,0.005238737119161341,0.005238737119161341
chained_crescent_2,gradient,40,222,0.004985443008517554,0.004985443008517554
chained_crescent_2,gradient,41,225,0.002436370100838081,0.002436370100838081
chained_crescent_2,gradient,42,238,0.002310523471111381,0.002310523471111381
chained_crescent_2,gradient,43,247,0.001833816307875824,0.001833816307875824
chained_crescent_2,gradient,44,266,0.0018293598173447778,0.0018293598173447778
chained_crescent_2,gradient,45,280,0.0015863330772798445,0.0015863330772798445
chained_crescent_2,gradient,46,281,0.0014439270924460068,0.0014439270924460068
chained_crescent_2,gradient,47,289,0.0011668411175339566,0.0011668411175339566
chained_crescent_2,gradient,48,294,0.0010477822331448339,0.0010477822331448339
chained_crescent_2,gradient,49,301,0.0009607851843967952,0.0009607851843967952
chained_crescent_2,gradient,50,308,0.0009264451756466618,0.0009264451756466618
chained_crescent_2,gradient,51,310,0.0008552367013939799,0.0008552367013939799
chained_crescent_2,gradient,52,316,0.0007129375033040342,0.0007129375033040342
chained_crescent_2,gradient,53,323,0.0007106962809713124,0.0007106962809713124
chained_crescent_2,gradient,54,333,0.000515296482344274,0.000515296482344274
chained_crescent_2,gradient,55,339,0.0005053166036101953,0.0005053166036101953
chained_crescent_2,gradient,56,351,0.000499254389376147,0.000499254389376147
chained_crescent_2,gradient,57,362,0.0004635127647295567,0.0004635127647295567
chained_crescent_2,gradient,58,363,0.000276060035844794,0.000276060035844794
chained_crescent_2,gradient,59,385,0.0002747831825594682,0.0002747831825594682
chained_crescent_2,gradient,60,401,0.00021496209171278924,0.00021496209171278924
chained_crescent_2,gradient,61,408,0.00020634452665690972,0.00020634452665690972
chained_crescent_2,gradient,62,420,0.00020224697939597025,0.00020224697939597025
chained_crescent_2,gradient,63,434,0.00018284953227043488,0.00018284953227043488
chained_crescent_2,gradient,64,447,0.00018248941538989705,0.00018248941538989705
chained_crescent_2,gradient,65,455,0.0001759841483467417,0.0001759841483467417
chained_crescent_2,gradient,66,467,0.000166139013012212,0.000166139013012212
chained_crescent_2,gradient,67,481,0.00016087833978495336,0.00016087833978495336
chained_crescent_2,gradient,68,491,0.00014128372517796528,0.00014128372517796528
chained_crescent_2,gradient,69,508,0.0001301024887632174,0.0001301024887632174
chained_crescent_2,gradient,70,512,0.00012842506324506342,0.00012842506324506342
chained_crescent_2,gradient,71,516,0.00012716759429731717,0.00012716759429731717
chained_crescent_2,gradient,72,517,0.0001271657735321119,0.0001271657735321119
chained_crescent_2,gradient,73,523,0.00012666777250858186,0.00012666777250858186
chained_crescent_2,gradient,74,524,0.00010762580471723737,0.00010762580471723737
chained_crescent_2,gradient,75,525,9.913280502471533e-05,9.913280502471533e-05
chained_crescent_2,gradient,76,539,8.047953610057501e-05,8.047953610057501e-05
chained_crescent_2,gradient,77,550,5.4451206887629056e-05,5.4451206887629056e-05
chained_crescent_2,gradient,78,555,4.1935003182724806e-05,4.1935003182724806e-05
chained_crescent_2,gradient,79,565,4.0255963298929665e-05,4.0255963298929665e-05
chained_crescent_2,gradient,80,584,3.943513040161051e-05,3.943513040161051e-05
chained_crescent_2,gradient,81,585,3.9166114940925034e-05,3.9166114940925034e-05
chained_crescent_2,gradient,82,593,3.916123944402994e-05,3.916123944402994e-05
chained_crescent_2,gradient,83,594,3.883309846719474e-05,3.883309846719474e-05
chained_crescent_2,gradient,84,601,3.7853998910541975e-05,3.7853998910541975e-05
chained_crescent_2,gradient,85,629,3.635252956080137e-05,3.635252956080137e-05
chained_crescent_2,gradient,86,632,2.970160678794631e-05,2.970160678794631e-05
chained_crescent_2,gradient,87,649,2.8824504353708313e-05,2.8824504353708313e-05
chained_crescent_2,gradient,88,659,2.0494967097883787e-05,2.0494967097883787e-05
chained_crescent_2,gradient,89,680,1.86849085059837e-05,1.86849085059837e-05
chained_crescent_2,gradient,90,685,1.6852912347764537e-05,1.6852912347764537e-05
chained_crescent_2,gradient,91,687,1.6288467093672487e-05,1.6288467093672487e-05
chained_crescent_2,gradient,92,690,1.6052826814827448e-05,1.6052826814827448e-05
chained_crescent_2,gradient,93,698,1.3189684089032205e-05,1.3189684089032205e-05
chained_crescent_2,gradient,94,702,1.2943638435847227e-05,1.2943638435847227e-05
chained_crescent_2,gradient,95,711,1.1217837340926629e-05,1.1217837340926629e-05
chained_crescent_2,gradient,96,737,1.1200964299296068e-05,1.1200964299296068e-05
chained_crescent_2,gradient,97,739,6.954643421708262e-06,6.954643421708262e-06
chained_crescent_2,gradient,98,751,6.8478737141886015e-06,6.8478737141886015e-06
chained_crescent_2,gradient,99,762,6.542161169464933e-06,6.542161169464933e-06
chained_crescent_2,gradient,100,789,6.508062437737827e-06,6.508062437737827e-06
chained_crescent_2,gradient,101,799,6.507162881197459e-06,6.507162881197459e-06
chained_crescent_2,gradient,102,802,6.505863804906475e-06,6.505863804906475e-06
chained_crescent_2,gradient,103,835,5.932861959379032e-06,5.932861959379032e-06
chained_crescent_2,gradient,104,838,5.896384041359504e-06,5.896384041359504e-06
chained_crescent_2,gradient,105,842,5.874174652475972e-06,5.874174652475972e-06
chained_crescent_2,gradient,106,845,5.712673387670009e-06,5.712673387670009e-06
chained_crescent_2,gradient,107,847,5.701136442270993e-06,5.701136442270993e-06
chained_crescent_2,gradient,108,849,3.876117896761677e-06,3.876117896761677e-06
chained_crescent_2,gradient,109,867,3.600403030712407e-06,3.600403030712407e-06
chained_crescent_2,gradient,110,880,3.410154731597892e-06,3.410154731597892e-06
chained_crescent_2,gradient,111,886,3.3182566967493443e-06,3.3182566967493443e-06
chained_crescent_2,gradient,112,916,3.30512996715715e-06,3.30512996715715e-06
chained_crescent_2,gradient,113,922,3.2356004034950203e-06,3.2356004034950203e-06
chained_crescent_2,gradient,114,946,3.2092307800102304e-06,3.2092307800102304e-06
chained_crescent_2,gradient,115,957,2.9145881108583183e-06,2.9145881108583183e-06
chained_crescent_2,gradient,116,975,2.908702947279629e-06,2.908702947279629e-06
chained_crescent_2,gradient,117,983,2.850876076432307e-06,2.850876076432307e-06
chained_crescent_2,gradient,118,987,2.1785170841726043e-06,2.1785170841726043e-06
chained_crescent_2,gradient,118,987,2.1785170841726043e-06,2.1785170841726043e-06
chained_crescent_2,cutting_plane,1,4,287.75,287.75
chained_crescent_2,cutting_plane,2,6,30.102483792809686,30.102483792809686
chained_crescent_2,cutting_plane,3,10,22.792897520100684,22.792897520100684
chained_crescent_2,cutting_plane,4,12,4.506490325564075,4.506490325564075
chained_crescent_2,cutting_plane,5,19,2.8897789881165585,2.8897789881165585
chained_crescent_2,cutting_plane,6,25,2.692082042458908,2.692082042458908
chained_crescent_2,cutting_plane,7,30,2.596431562168311,2.596431562168311
chained_crescent_2,cutting_plane,8,33,2.1601174139248167,2.1601174139248167
chained_crescent_2,cutting_plane,9,43,2.134782732605421,2.134782732605421
chained_crescent_2,cutting_plane,10,46,2.1093490356157183,2.1093490356157183
chained_crescent_2,cutting_plane,11,56,1.375366439086493,1.375366439086493
chained_crescent_2,cutting_plane,12,64,1.3688050844089856,1.3688050844089856
chained_crescent_2,cutting_plane,13,66,0.49607339643780934,0.49607339643780934
chained_crescent_2,cutting_plane,14,72,0.4052922385914144,0.4052922385914144
chained_crescent_2,cutting_plane,15,77,0.34318848201561425,0.34318848201561425
chained_crescent_2,cutting_plane,16,79,0.19715265676574933,0.19715265676574933
chained_crescent_2,cutting_plane,17,90,0.18988939130204363,0.18988939130204363
chained_crescent_2,cutting_plane,18,99,0.1664080857948138,0.1664080857948138
chained_crescent_2,cutting_plane,19,101,0.11571900298079629,0.11571900298079629
chained_crescent_2,cutting_plane,20,106,0.09881242080925212,0.09881242080925212
chained_crescent_2,cutting_plane,21,121,0.09878662038823838,0.09878662038823838
chained_crescent_2,cutting_plane,22,130,0.08087658466839032,0.08087658466839032
chained_crescent_2,cutting_plane,23,132,0.07348867568094375,0.07348867568094375
chained_crescent_2,cutting_plane,24,134,0.046133906687256365,0.046133906687256365
chained_crescent_2,cutting_plane,25,139,0.04000688077221337,0.04000688077221337
chained_crescent_2,cutting_plane,26,145,0.038380427214259716,0.038380427214259716
chained_crescent_2,cutting_plane,27,149,0.037788364961647614,0.037788364961647614
chained_crescent_2,cutting_plane,28,151,0.03531394449627456,0.03531394449627456
chained_crescent_2,cutting_plane,29,167,0.034574954664473134,0.034574954664473134
chained_crescent_2,cutting_plane,30,175,0.02908249930437079,0.02908249930437079
chained_crescent_2,cutting_plane,31,180,0.026943160456931348,0.026943160456931348
chained_crescent_2,cutting_plane,32,184,0.023526774862412836,0.023526774862412836
chained_crescent_2,cutting_plane,33,202,0.022940948727978472,0.022940948727978472
chained_crescent_2,cutting_plane,34,211,0.018191703024422523,0.018191703024422523
chained_crescent_2,cutting_plane,35,214,0.015977098802320122,0.015977098802320122
chained_crescent_2,cutting_plane,36,217,0.011275670196857601,0.011275670196857601
chained_crescent_2,cutting_plane,37,219,0.007361596816329863,0.007361596816329863
chained_crescent_2,cutting_plane,38,225,0.00479190335945201,0.00479190335945201
chained_crescent_2,cutting_plane,39,245,0.004706808357784142,0.004706808357784142
chained_crescent_2,cutting_plane,40,257,0.004481355725861169,0.004481355725861169
chained_crescent_2,cutting_plane,41,261,0.004112969315437143,0.004112969315437143
chained_crescent_2,cutting_plane,42,264,0.0034761644970378036,0.0034761644970378036
chained_crescent_2,cutting_plane,43,268,0.0025898340536255615,0.0025898340536255615
chained_crescent_2,cutting_plane,44,275,0.0025423837409507266,0.0025423837409507266
chained_crescent_2,cutting_plane,45,277,0.0012730002492509218,0.0012730002492509218
chained_crescent_2,cutting_plane,46,281,0.0009303430724710848,0.0009303430724710848
chained_crescent_2,cutting_plane,47,300,0.0009169917601330457,0.0009169917601330457
chained_crescent_2,cutting_plane,48,313,0.0008357413674203729,0.0008357413674203729
chained_crescent_2,cutting_plane,49,316,0.0008077460867578212,0.0008077460867578212
chained_crescent_2,cutting_plane,50,320,0.0006283762089885903,0.0006283762089885903
chained_crescent_2,cutting_plane,51,325,0.0005402285349699332,0.0005402285349699332
chained_crescent_2,cutting_plane,52,328,0.0002982218380828128,0.0002982218380828128
chained_crescent_2,cutting_plane,53,331,0.00023726924865208332,0.00023726924865208332
chained_crescent_2,cutting_plane,54,337,0.0002253615679069787,0.0002253615679069787
chained_crescent_2,cutting_plane,55,343,0.0002226942276704058,0.0002226942276704058
chained_crescent_2,cutting_plane,56,350,0.00022145231175396685,0.00022145231175396685
chained_crescent_2,cutting_plane,57,352,0.00020081551901018901,0.00020081551901018901
chained_crescent_2,cutting_plane,58,361,0.00019078883627643428,0.00019078883627643428
chained_crescent_2,cutting_plane,59,367,0.0001817239510468749,0.0001817239510468749
chained_crescent_2,cutting_plane,60,373,0.00014656048263250732,0.00014656048263250732
chained_crescent_2,cutting_plane,61,381,0.00013103136662417914,0.00013103136662417914
chained_crescent_2,cutting_plane,62,387,0.00010668030876925805,0.00010668030876925805
chained_crescent_2,cutting_plane,63,398,9.62403461278738e-05,9.62403461278738e-05
chained_crescent_2,cutting_plane,64,407,9.114061822534936e-05,9.114061822534936e-05
chained_crescent_2,cutting_plane,65,414,8.141485578927465e-05,8.141485578927465e-05
chained_crescent_2,cutting_plane,66,443,8.120539090006318e-05,8.120539090006318e-05
chained_crescent_2,cutting_plane,67,456,7.858127911852808e-05,7.858127911852808e-05
chained_crescent_2,cutting_plane,68,478,7.414227154722841e-05,7.414227154722841e-05
chained_crescent_2,cutting_plane,69,488,7.383949848571714e-05,7.383949848571714e-05
chained_crescent_2,cutting_plane,70,503,7.139793072841183e-05,7.139793072841183e-05
chained_crescent_2,cutting_plane,71,511,7.007112514811897e-05,7.007112514811897e-05
chained_crescent_2,cutting_plane,72,537,7.004107689290162e-05,7.004107689290162e-05
chained_crescent_2,cutting_plane,73,553,6.662886224362286e-05,6.662886224362286e-05
chained_crescent_2,cutting_plane,74,565,6.284728630456815e-05,6.284728630456815e-05
chained_crescent_2,cutting_plane,75,575,4.896085456473909e-05,4.896085456473909e-05
chained_crescent_2,cutting_plane,76,600,4.86966797970112e-05,4.86966797970112e-05
chained_crescent_2,cutting_plane,77,608,4.780675885218688e-05,4.780675885218688e-05
chained_crescent_2,cutting_plane,78,623,3.993594435292014e-05,3.993594435292014e-05
chained_crescent_2,cutting_plane,79,646,3.706033072470305e-05,3.706033072470305e-05
chained_crescent_2,cutting_plane,80,658,3.656243902250278e-05,3.656243902250278e-05
chained_crescent_2,cutting_plane,81,663,3.2046947495589784e-05,3.2046947495589784e-05
chained_crescent_2,cutting_plane,82,666,2.6916121833031603e-05,2.6916121833031603e-05
chained_crescent_2,cutting_plane,83,690,2.496775477200952e-05,2.496775477200952e-05
chained_crescent_2,cutting_plane,84,700,2.15926422627577e-05,2.15926422627577e-05
chained_crescent_2,cutting_plane,85,702,1.9161313394411295e-05,1.9161313394411295e-05
chained_crescent_2,cutting_plane,86,705,1.601315923749347e-05,1.601315923749347e-05
chained_crescent_2,cutting_plane,87,710,1.4514227130724144e-05,1.4514227130724144e-05
chained_crescent_2,cutting_plane,88,737,1.3982245003374416e-05,1.3982245003374416e-05
chained_crescent_2,cutting_plane,89,748,1.202350077444958e-05,1.202350077444958e-05
chained_crescent_2,cutting_plane,90,751,1.1780193467036959e-05,1.1780193467036959e-05
chained_crescent_2,cutting_plane,91,756,1.1457598320441242e-05,1.1457598320441242e-05
chained_crescent_2,cutting_plane,92,759,8.934647527047979e-06,8.934647527047979e-06
chained_crescent_2,cutting_plane,93,767,8.889184346827506e-06,8.889184346827506e-06
chained_crescent_2,cutting_plane,94,796,8.847949431789459e-06,8.847949431789459e-06
chained_crescent_2,cutting_plane,95,808,7.740198181616087e-06,7.740198181616087e-06
chained_crescent_2,cutting_plane,96,813,7.037740051285546e-06,7.037740051285546e-06
chained_crescent_2,cutting_plane,97,822,5.294526595478466e-06,5.294526595478466e-06
chained_crescent_2,cutting_plane,98,833,4.988119434834459e-06,4.988119434834459e-06
chained_crescent_2,cutting_plane,99,840,4.98170182761104e-06,4.98170182761104e-06
chained_crescent_2,cutting_plane,100,866,4.874310742142285e-06,4.874310742142285e-06
chained_crescent_2,cutting_plane,101,881,4.873331004739967e-06,4.873331004739967e-06
chained_crescent_2,cutting_plane,102,887,4.859918929178697e-06,4.859918929178697e-06
chained_crescent_2,cutting_plane,103,915,4.7284070722186655e-06,4.7284070722186655e-06
chained_crescent_2,cutting_plane,104,935,4.712961789499204e-06,4.712961789499204e-06
chained_crescent_2,cutting_plane,105,959,4.654823578698064e-06,4.654823578698064e-06
chained_crescent_2,cutting_plane,106,979,4.626991915723799e-06,4.626991915723799e-06
chained_crescent_2,cutting_plane,107,983,4.428159229852291e-06,4.428159229852291e-06
chained_crescent_2,cutting_plane,108,990,3.950516585971009e-06,3.950516585971009e-06
chained_crescent_2,cutting_plane,108,993,3.950516585971009e-06,3.950516585971009e-06
chained_crescent_2,gradient_combination,1,4,287.75,287.75
chained_crescent_2,gradient_combination,2,6,30.102483792809686,30.102483792809686
chained_crescent_2,gradient_combination,3,10,22.792897520100684,22.792897520100684
chained_crescent_2,gradient_combination,4,12,4.506490325564075,4.506490325564075
chained_crescent_2,gradient_combination,5,19,2.8897789881165585,2.8897789881165585
chained_crescent_2,gradient_combination,6,25,2.692082042458908,2.692082042458908
chained_crescent_2,gradient_combination,7,30,2.596431562168311,2.596431562168311
chained_crescent_2,gradient_combination,8,33,2.1601174139248167,2.1601174139248167
chained_crescent_2,gradient_combination,9,43,2.134782732605421,2.134782732605421
chained_crescent_2,gradient_combination,10,46,2.1093490356157183,2.1093490356157183
chained_crescent_2,gradient_combination,11,56,1.375366439086493,1.375366439086493
chained_crescent_2,gradient_combination,12,64,1.3688050844089856,1.3688050844089856
chained_crescent_2,gradient_combination,13,66,0.49607339643780934,0.49607339643780934
chained_crescent_2,gradient_combination,14,72,0.4052922385914144,0.4052922385914144
chained_crescent_2,gradient_combination,15,77,0.34318848201561425,0.34318848201561425
chained_crescent_2,gradient_combination,16,79,0.19715265676574933,0.19715265676574933
chained_crescent_2,gradient_combination,17,90,0.18988939130204363,0.18988939130204363
chained_crescent_2,gradient_combination,18,99,0.1664080857948138,0.1664080857948138
chained_crescent_2,gradient_combination,19,101,0.11571900298079629,0.11571900298079629
chained_crescent_2,gradient_combination,20,106,0.09881242080925212,0.09881242080925212
chained_crescent_2,gradient_combination,21,131,0.0983959833978082,0.0983959833978082
chained_crescent_2,gradient_combination,22,144,0.09824219737298834,0.09824219737298834
chained_crescent_2,gradient_combination,23,162,0.09810555272339805,0.09810555272339805
chained_crescent_2,gradient_combination,24,186,0.09805762462300072,0.09805762462300072
chained_crescent_2,gradient_combination,25,192,0.09617075472894476,0.09617075472894476
chained_crescent_2,gradient_combination,26,210,0.09613872947788238,0.09613872947788238
chained_crescent_2,gradient_combination,27,237,0.09610899923514471,0.09610899923514471
chained_crescent_2,gradient_combination,28,265,0.09608957275482932,0.09608957275482932
chained_crescent_2,gradient_combination,29,283,0.09418765839918275,0.09418765839918275
chained_crescent_2,gradient_combination,30,301,0.09171926626557747,0.09171926626557747
chained_crescent_2,gradient_combination,31,320,0.08921833410736202,0.08921833410736202
chained_crescent_2,gradient_combination,32,339,0.08722112439078822,0.08722112439078822
chained_crescent_2,gradient_combination,33,357,0.08722007612506122,0.08722007612506122
chained_crescent_2,gradient_combination,34,373,0.08699079710825441,0.08699079710825441
chained_crescent_2,gradient_combination,35,388,0.08574533993639555,0.08574533993639555
chained_crescent_2,gradient_combination,36,405,0.08460486361379893,0.08460486361379893
chained_crescent_2,gradient_combination,37,424,0.0845568456458935,0.0845568456458935
chained_crescent_2,gradient_combination,38,443,0.08451577367302965,0.08451577367302965
chained_crescent_2,gradient_combination,39,463,0.08443522503973233,0.08443522503973233
chained_crescent_2,gradient_combination,40,493,0.08442575632017357,0.08442575632017357
chained_crescent_2,gradient_combination,41,545,0.08442575640618355,0.08442575640618355
chained_crescent_2,gradient_combination,42,579,0.08441290461755158,0.08441290461755158
chained_crescent_2,gradient_combination,43,597,0.0843179160987515,0.0843179160987515
chained_crescent_2,gradient_combination,44,616,0.08428460355873801,0.08428460355873801
chained_crescent_2,gradient_combination,45,630,0.0839807656529693,0.0839807656529693
chained_crescent_2,gradient_combination,46,687,0.08398076570598156,0.08398076570598156
chained_crescent_2,gradient_combination,47,713,0.08362968836704321,0.08362968836704321
chained_crescent_2,gradient_combination,48,730,0.08340945609447536,0.08340945609447536
chained_crescent_2,gradient_combination,49,749,0.08215221162073905,0.08215221162073905
chained_crescent_2,gradient_combination,50,769,0.08190155039736247,0.08190155039736247
chained_crescent_2,gradient_combination,51,787,0.081211848053516,0.081211848053516
chained_crescent_2,gradient_combination,52,853,0.08121184810787607,0.08121184810787607
chained_crescent_2,gradient_combination,53,893,0.08121184817473337,0.08121184817473337
chained_crescent_2,gradient_combination,54,933,0.08121184823105543,0.08121184823105543
chained_crescent_2,gradient_combination,55,973,0.08121184830163986,0.08121184830163986
chained_crescent_2,gradient_combination,56,1013,0.08121184838396145,0.08121184838396145
chained_crescent_2,gradient_combination,57,1053,0.08121184847765994,0.08121184847765994
chained_crescent_2,gradient_combination,58,1094,0.08121184855680796,0.08121184855680796
chained_crescent_2,gradient_combination,59,1134,0.08121184865167452,0.08121184865167452
chained_crescent_2,gradient_combination,60,1175,0.08121184871480314,0.08121184871480314
chained_crescent_2,gradient_combination,61,1215,0.08121184877867915,0.08121184877867915
chained_crescent_2,gradient_combination,62,1256,0.08121184884556765,0.08121184884556765
chained_crescent_2,gradient_combination,63,1329,0.08121184889723376,0.08121184889723376
chained_crescent_2,gradient_combination,64,1366,0.08107230770821783,0.08107230770821783
chained_crescent_2,gradient_combination,65,1381,0.07984065757019654,0.07984065757019654
chained_crescent_2,gradient_combination,66,1412,0.07667883359157768,0.07667883359157768
chained_crescent_2,gradient_combination,67,1444,0.07556926011694387,0.07556926011694387
chained_crescent_2,gradient_combination,68,1465,0.07550202127588457,0.07550202127588457
chained_crescent_2,gradient_combination,69,1494,0.07197072011018579,0.07197072011018579
chained_crescent_2,gradient_combination,70,1512,0.07008148028041394,0.07008148028041394
chained_crescent_2,gradient_combination,71,1532,0.06988577091940307,0.06988577091940307
chained_crescent_2,gradient_combination,72,1560,0.06986288083993775,0.06986288083993775
chained_crescent_2,gradient_combination,73,1575,0.06699377191229416,0.06699377191229416
chained_crescent_2,gradient_combination,74,1603,0.06658417564311125,0.06658417564311125
chained_crescent_2,gradient_combination,75,1620,0.06654653504640051,0.06654653504640051
chained_crescent_2,gradient_combination,76,1647,0.062056392961141627,0.062056392961141627
chained_crescent_2,gradient_combination,77,1670,0.055493485061301806,0.055493485061301806
chained_crescent_2,gradient_combination,78,1704,0.04637578843739876,0.04637578843739876
chained_crescent_2,gradient_combination,79,1730,0.045886570939076554,0.045886570939076554
chained_crescent_2,gradient_combination,80,1753,0.04583099131682,0.04583099131682
chained_crescent_2,gradient_combination,81,1784,0.04538688952388892,0.04538688952388892
chained_crescent_2,gradient_combination,82,1807,0.04304963076365198,0.04304963076365198
chained_crescent_2,gradient_combination,83,1828,0.04300427791923822,0.04300427791923822
chained_crescent_2,gradient_combination,84,1844,0.042937350817089714,0.042937350817089714
chained_crescent_2,gradient_combination,85,1858,0.03921765199278382,0.03921765199278382
chained_crescent_2,gradient_combination,86,1889,0.039201754689686785,0.039201754689686785
chained_crescent_2,gradient_combination,87,1906,0.03920051435926952,0.03920051435926952
chained_crescent_2,gradient_combination,88,1966,0.03920051441097827,0.03920051441097827
chained_crescent_2,gradient_combination,89,2007,0.039200514489865945,0.039200514489865945
chained_crescent_2,gradient_combination,90,2048,0.039200514555994936,0.039200514555994936
chained_crescent_2,gradient_combination,91,2073,0.039018852134281246,0.039018852134281246
chained_crescent_2,gradient_combination,92,2103,0.03901884929130983,0.03901884929130983
chained_crescent_2,gradient_combination,93,2123,0.03781133027823813,0.03781133027823813
chained_crescent_2,gradient_combination,94,2139,0.036826398393851156,0.036826398393851156
chained_crescent_2,gradient_combination,95,2161,0.032734630809337806,0.032734630809337806
chained_crescent_2,gradient_combination,96,2223,0.03273463087141726,0.03273463087141726
chained_crescent_2,gradient_combination,97,2263,0.03273463092770146,0.03273463092770146
chained_crescent_2,gradient_combination,98,2303,0.0327346309966694,0.0327346309966694
chained_crescent_2,gradient_combination,99,2343,0.03273463107212571,0.03273463107212571
chained_crescent_2,gradient_combination,100,2383,0.03273463114957986,0.03273463114957986
chained_crescent_2,gradient_combination,101,2424,0.032734631206260745,0.032734631206260745
chained_crescent_2,gradient_combination,102,2464,0.03273463126660714,0.03273463126660714
chained_crescent_2,gradient_combination,103,2504,0.03273463134496046,0.03273463134496046
chained_crescent_2,gradient_combination,104,2544,0.03273463143017297,0.03273463143017297
chained_crescent_2,gradient_combination,105,2584,0.032734631524741875,0.032734631524741875
chained_crescent_2,gradient_combination,106,2649,0.032734631607834186,0.032734631607834186
chained_crescent_2,gradient_combination,107,2669,0.03252622412380468,0.03252622412380468
chained_crescent_2,gradient_combination,108,2682,0.028177165105705893,0.028177165105705893
chained_crescent_2,gradient_combination,109,2690,0.026055556953613612,0.026055556953613612
chained_crescent_2,gradient_combination,110,2692,0.017822580203589067,0.017822580203589067
chained_crescent_2,gradient_combination,111,2697,0.016168178832496882,0.016168178832496882
chained_crescent_2,gradient_combination,112,2705,0.015911207301157804,0.015911207301157804
chained_crescent_2,gradient_combination,113,2707,0.011528256650401025,0.011528256650401025
chained_crescent_2,gradient_combination,114,2711,0.00997318368623168,0.00997318368623168
chained_crescent_2,gradient_combination,115,2716,0.008128072502952222,0.008128072502952222
chained_crescent_2,gradient_combination,116,2719,0.008055552775895758,0.008055552775895758
chained_crescent_2,gradient_combination,117,2723,0.007328386599601666,0.007328386599601666
chained_crescent_2,gradient_combination,118,2727,0.006989012893358182,0.006989012893358182
chained_crescent_2,gradient_combination,119,2731,0.0058880388805966355,0.0058880388805966355
chained_crescent_2,gradient_combination,120,2736,0.00499164784944961,0.00499164784944961
chained_crescent_2,gradient_combination,121,2740,0.0039184703841183,0.0039184703841183
chained_crescent_2,gradient_combination,122,2746,0.0036664335345247823,0.0036664335345247823
chained_crescent_2,gradient_combination,123,2750,0.003444208645847713,0.003444208645847713
chained_crescent_2,gradient_combination,124,2756,0.003253911145539967,0.003253911145539967
chained_crescent_2,gradient_combination,125,2759,0.0022432036184328874,0.0022432036184328874
chained_crescent_2,gradient_combination,126,2764,0.0019658922938340373,0.0019658922938340373
chained_crescent_2,gradient_combination,127,2771,0.0017962459239754258,0.0017962459239754258
chained_crescent_2,gradient_combination,128,2777,0.001705546026708804,0.001705546026708804
chained_crescent_2,gradient_combination,129,2781,0.0015761341542941398,0.0015761341542941398
chained_crescent_2,gradient_combination,130,2787,0.0014455810344342623,0.0014455810344342623
chained_crescent_2,gradient_combination,131,2791,0.001309298022573513,0.001309298022573513
chained_crescent_2,gradient_combination,132,2796,0.0013013039017694128,0.0013013039017694128
chained_crescent_2,gradient_combination,133,2800,0.0011058547187234868,0.0011058547187234868
chained_crescent_2,gradient_combination,134,2806,0.0010292955462963826,0.0010292955462963826
chained_crescent_2,gradient_combination,135,2813,0.000984611759930587,0.000984611759930587
chained_crescent_2,gradient_combination,136,2818,0.0009216198251129626,0.0009216198251129626
chained_crescent_2,gradient_combination,137,2825,0.0008923333581202231,0.0008923333581202231
chained_crescent_2,gradient_combination,138,2827,0.0008544221648909556,0.0008544221648909556
chained_crescent_2,gradient_combination,139,2833,0.0007884798116104541,0.0007884798116104541
chained_crescent_2,gradient_combination,140,2838,0.0007853299453653984,0.0007853299453653984
chained_crescent_2,gradient_combination,141,2842,0.0007317996952197481,0.0007317996952197481
chained_crescent_2,gradient_combination,142,2847,0.0006764921034237981,0.0006764921034237981
chained_crescent_2,gradient_combination,143,2852,0.0006527239818400199,0.0006527239818400199
chained_crescent_2,gradient_combination,144,2857,0.0006004821717043862,0.0006004821717043862
chained_crescent_2,gradient_combination,145,2862,0.0005912853384456573,0.0005912853384456573
chained_crescent_2,gradient_combination,146,2867,0.0005089778609688178,0.0005089778609688178
chained_crescent_2,gradient_combination,147,2872,0.0004076524065506071,0.0004076524065506071
chained_crescent_2,gradient_combination,148,2878,0.00038485873308702345,0.00038485873308702345
chained_crescent_2,gradient_combination,149,2883,0.00038229432704706134,0.00038229432704706134
chained_crescent_2,gradient_combination,150,2887,0.00035387073136083913,0.00035387073136083913
chained_crescent_2,gradient_combination,151,2891,0.00033894233519471406,0.00033894233519471406
chained_crescent_2,gradient_combination,152,2897,0.0003224885203122474,0.0003224885203122474
chained_crescent_2,gradient_combination,153,2903,0.00031725578534747,0.00031725578534747
chained_crescent_2,gradient_combination,154,2908,0.0002829564862972811,0.0002829564862972811
chained_crescent_2,gradient_combination,155,2915,0.00027045249420643014,0.00027045249420643014
chained_crescent_2,gradient_combination,156,2920,0.0002606576657098181,0.0002606576657098181
chained_crescent_2,gradient_combination,157,2924,0.0002385830921327603,0.0002385830921327603
chained_crescent_2,gradient_combination,158,2930,0.0002311109177631776,0.0002311109177631776
chained_crescent_2,gradient_combination,159,2934,0.00023087225972806547,0.00023087225972806547
chained_crescent_2,gradient_combination,160,2939,0.00019910002249690084,0.00019910002249690084
chained_crescent_2,gradient_combination,161,2944,0.000195405107125457,0.000195405107125457
chained_crescent_2,gradient_combination,162,2949,0.00018582105130926507,0.00018582105130926507
chained_crescent_2,gradient_combination,163,2955,0.0001801582454176165,0.0001801582454176165
chained_crescent_2,gradient_combination,164,2959,0.00015585968814546547,0.00015585968814546547
chained_crescent_2,gradient_combination,165,2966,0.00015449224289576513,0.00015449224289576513
chained_crescent_2,gradient_combination,166,2970,0.00012216648677920716,0.00012216648677920716
chained_crescent_2,gradient_combination,167,2975,0.00011608252099715166,0.00011608252099715166
chained_crescent_2,gradient_combination,168,2980,0.00010367178966563806,0.00010367178966563806
chained_crescent_2,gradient_combination,169,2987,0.00010173699277538084,0.00010173699277538084
chained_crescent_2,gradient_combination,170,2991,9.552634419673911e-05,9.552634419673911e-05
chained_crescent_2,gradient_combination,171,2997,8.36855561936467e-05,8.36855561936467e-05
chained_crescent_2,gradient_combination,172,3004,8.007658382247484e-05,8.007658382247484e-05
chained_crescent_2,gradient_combination,173,3007,7.178944009833543e-05,7.178944009833543e-05
chained_crescent_2,gradient_combination,174,3012,7.1260111650151e-05,7.1260111650151e-05
chained_crescent_2,gradient_combination,175,3018,6.193673177123937e-05,6.193673177123937e-05
chained_crescent_2,gradient_combination,176,3025,5.715778804937788e-05,5.715778804937788e-05
chained_crescent_2,gradient_combination,177,3029,5.481883538194232e-05,5.481883538194232e-05
chained_crescent_2,gradient_combination,178,3035,5.169903711177426e-05,5.169903711177426e-05
chained_crescent_2,gradient_combination,179,3043,4.9857028497912736e-05,4.9857028497912736e-05
chained_crescent_2,gradient_combination,180,3046,4.923821799662775e-05,4.923821799662775e-05
chained_crescent_2,gradient_combination,181,3051,4.812123279296365e-05,4.812123279296365e-05
chained_crescent_2,gradient_combination,182,3057,4.544497261893543e-05,4.544497261893543e-05
chained_crescent_2,gradient_combination,183,3062,4.3576197314321163e-05,4.3576197314321163e-05
chained_crescent_2,gradient_combination,184,3068,4.106493493827301e-05,4.106493493827301e-05
chained_crescent_2,gradient_combination,185,3074,3.629972018603933e-05,3.629972018603933e-05
chained_crescent_2,gradient_combination,186,3079,3.283332643211345e-05,3.283332643211345e-05
chained_crescent_2,gradient_combination,187,3084,3.108827375530865e-05,3.108827375530865e-05
chained_crescent_2,gradient_combination,188,3089,2.8045677638255384e-05,2.8045677638255384e-05
chained_crescent_2,gradient_combination,189,3094,2.7328192149567165e-05,2.7328192149567165e-05
chained_crescent_2,gradient_combination,189,3095,2.7328192149567165e-05,2.7328192149567165e-05
