{
  "method": "pbm",
  "best_idx": 14,
  "val_loss": 0.08768560259213502,
  "val_max_c": 0.0006084071355871856,
  "n_configs": 150,
  "n_feasible": 0
}